Forward Packets	Forward Bytes	Delta Forward Packets	Delta Forward Bytes	Forward Instantaneous Packets per Second	Forward Average Packets per second	Forward Instantaneous Bytes per Second	Forward Average Bytes per second	Reverse Packets	Reverse Bytes	Delta Reverse Packets	Delta Reverse Bytes	DeltaReverse Instantaneous Packets per Second	Reverse Average Packets per second	Reverse Instantaneous Bytes per Second	Reverse Average Bytes per second	Traffic Type
2	196	0	0	0.0	0.0	0.0	0.0	0	0	0	0	0.0	0.0	0.0	0.0	dns
2	196	0	0	0.0	0.0	0.0	0.0	1	98	1	98	0.0	0.0	0.0	0.0	dns
2	196	0	0	0.0	0.0	0.0	0.0	1	98	1	98	0.0	0.0	0.0	0.0	dns
2	196	0	0	0.0	0.0	0.0	0.0	0	0	0	0	0.0	0.0	0.0	0.0	dns
2	196	0	0	0.0	0.0	0.0	0.0	1	98	1	98	0.0	0.0	0.0	0.0	dns
2	196	0	0	0.0	0.0	0.0	0.0	1	98	1	98	0.0	0.0	0.0	0.0	dns
2	196	0	0	0.0	0.0	0.0	0.0	1	98	1	98	0.0	0.0	0.0	0.0	dns
2	196	0	0	0.0	0.0	0.0	0.0	1	98	1	98	0.0	0.0	0.0	0.0	dns
1	98	0	0	0.0	0.0	0.0	0.0	0	0	0	0	0.0	0.0	0.0	0.0	dns
2	196	0	0	0.0	0.0	0.0	0.0	1	98	1	98	0.0	0.0	0.0	0.0	dns
2	196	0	0	0.0	0.0	0.0	0.0	1	98	1	98	0.0	0.0	0.0	0.0	dns
1	98	0	0	0.0	0.0	0.0	0.0	0	0	0	0	0.0	0.0	0.0	0.0	dns
2	196	0	0	0.0	0.0	0.0	0.0	1	98	1	98	0.0	0.0	0.0	0.0	dns
2	196	0	0	0.0	0.0	0.0	0.0	1	98	1	98	0.0	0.0	0.0	0.0	dns
1	98	0	0	0.0	0.0	0.0	0.0	0	0	0	0	0.0	0.0	0.0	0.0	dns
10	632	0	0	0.0	0.0	0.0	0.0	0	0	0	0	0.0	0.0	0.0	0.0	dns
2	196	0	0	0.0	2.0	0.0	196.0	1	98	1	98	0.0	0.0	0.0	0.0	dns
2	196	0	0	0.0	0.0	0.0	0.0	1	98	1	98	0.0	0.0	0.0	0.0	dns
1	98	0	0	0.0	0.0	0.0	0.0	0	0	0	0	0.0	0.0	0.0	0.0	dns
10	632	0	0	0.0	0.0	0.0	0.0	0	0	0	0	0.0	0.0	0.0	0.0	dns
2	196	0	0	0.0	2.0	0.0	196.0	1	98	0	0	0.0	1.0	0.0	98.0	dns
2	196	0	0	0.0	0.0	0.0	0.0	1	98	1	98	0.0	0.0	0.0	0.0	dns
1	98	0	0	0.0	0.0	0.0	0.0	0	0	0	0	0.0	0.0	0.0	0.0	dns
10	632	0	0	0.0	0.0	0.0	0.0	0	0	0	0	0.0	0.0	0.0	0.0	dns
2	196	0	0	0.0	2.0	0.0	196.0	1	98	0	0	0.0	1.0	0.0	98.0	dns
2	196	0	0	0.0	2.0	0.0	196.0	1	98	1	98	0.0	0.0	0.0	0.0	dns
1	98	0	0	0.0	0.0	0.0	0.0	0	0	0	0	0.0	0.0	0.0	0.0	dns
10	632	0	0	0.0	0.0	0.0	0.0	0	0	0	0	0.0	0.0	0.0	0.0	dns
2	196	0	0	0.0	2.0	0.0	196.0	1	98	0	0	0.0	1.0	0.0	98.0	dns
2	196	0	0	0.0	2.0	0.0	196.0	1	98	0	0	0.0	1.0	0.0	98.0	dns
1	98	0	0	0.0	0.0	0.0	0.0	0	0	0	0	0.0	0.0	0.0	0.0	dns
10	632	0	0	0.0	0.0	0.0	0.0	0	0	0	0	0.0	0.0	0.0	0.0	dns
2	196	0	0	0.0	2.0	0.0	196.0	1	98	0	0	0.0	1.0	0.0	98.0	dns
2	196	0	0	0.0	2.0	0.0	196.0	1	98	0	0	0.0	1.0	0.0	98.0	dns
2	196	1	98	1.0	2.0	98.0	196.0	0	0	0	0	0.0	0.0	0.0	0.0	dns
10	632	0	0	0.0	0.0	0.0	0.0	0	0	0	0	0.0	0.0	0.0	0.0	dns
2	196	0	0	0.0	2.0	0.0	196.0	1	98	0	0	0.0	1.0	0.0	98.0	dns
2	196	0	0	0.0	2.0	0.0	196.0	1	98	0	0	0.0	1.0	0.0	98.0	dns
2	196	1	98	1.0	2.0	98.0	196.0	1	98	1	98	1.0	1.0	98.0	98.0	dns
10	632	0	0	0.0	0.0	0.0	0.0	0	0	0	0	0.0	0.0	0.0	0.0	dns
2	196	0	0	0.0	2.0	0.0	196.0	1	98	0	0	0.0	1.0	0.0	98.0	dns
2	196	0	0	0.0	2.0	0.0	196.0	1	98	0	0	0.0	1.0	0.0	98.0	dns
2	196	1	98	1.0	2.0	98.0	196.0	1	98	1	98	1.0	1.0	98.0	98.0	dns
17	1294	7	662	7.0	17.0	662.0	1294.0	0	0	0	0	0.0	0.0	0.0	0.0	dns
2	196	0	0	0.0	1.0	0.0	98.0	1	98	0	0	0.0	1.0	0.0	98.0	dns
2	196	0	0	0.0	2.0	0.0	196.0	1	98	0	0	0.0	1.0	0.0	98.0	dns
2	196	1	98	1.0	2.0	98.0	196.0	1	98	1	98	1.0	1.0	98.0	98.0	dns
17	1294	7	662	7.0	17.0	662.0	1294.0	0	0	0	0	0.0	0.0	0.0	0.0	dns
2	196	0	0	0.0	1.0	0.0	98.0	1	98	0	0	0.0	0.5	0.0	49.0	dns
2	196	0	0	0.0	2.0	0.0	196.0	1	98	0	0	0.0	1.0	0.0	98.0	dns
2	196	1	98	1.0	2.0	98.0	196.0	1	98	1	98	1.0	1.0	98.0	98.0	dns
17	1294	7	662	7.0	17.0	662.0	1294.0	0	0	0	0	0.0	0.0	0.0	0.0	dns
2	196	0	0	0.0	1.0	0.0	98.0	1	98	0	0	0.0	0.5	0.0	49.0	dns
2	196	0	0	0.0	1.0	0.0	98.0	1	98	0	0	0.0	1.0	0.0	98.0	dns
2	196	1	98	1.0	2.0	98.0	196.0	1	98	1	98	1.0	1.0	98.0	98.0	dns
17	1294	7	662	7.0	17.0	662.0	1294.0	0	0	0	0	0.0	0.0	0.0	0.0	dns
2	196	0	0	0.0	1.0	0.0	98.0	1	98	0	0	0.0	0.5	0.0	49.0	dns
2	196	0	0	0.0	1.0	0.0	98.0	1	98	0	0	0.0	0.5	0.0	49.0	dns
2	196	1	98	1.0	2.0	98.0	196.0	1	98	1	98	1.0	1.0	98.0	98.0	dns
17	1294	7	662	7.0	17.0	662.0	1294.0	0	0	0	0	0.0	0.0	0.0	0.0	dns
2	196	0	0	0.0	1.0	0.0	98.0	1	98	0	0	0.0	0.5	0.0	49.0	dns
2	196	0	0	0.0	1.0	0.0	98.0	1	98	0	0	0.0	0.5	0.0	49.0	dns
2	196	0	0	0.0	1.0	0.0	98.0	1	98	1	98	1.0	1.0	98.0	98.0	dns
17	1294	7	662	7.0	17.0	662.0	1294.0	0	0	0	0	0.0	0.0	0.0	0.0	dns
2	196	0	0	0.0	1.0	0.0	98.0	1	98	0	0	0.0	0.5	0.0	49.0	dns
2	196	0	0	0.0	1.0	0.0	98.0	1	98	0	0	0.0	0.5	0.0	49.0	dns
2	196	0	0	0.0	1.0	0.0	98.0	1	98	0	0	0.0	0.5	0.0	49.0	dns
17	1294	7	662	7.0	17.0	662.0	1294.0	0	0	0	0	0.0	0.0	0.0	0.0	dns
2	196	0	0	0.0	1.0	0.0	98.0	1	98	0	0	0.0	0.5	0.0	49.0	dns
2	196	0	0	0.0	1.0	0.0	98.0	1	98	0	0	0.0	0.5	0.0	49.0	dns
2	196	0	0	0.0	1.0	0.0	98.0	1	98	0	0	0.0	0.5	0.0	49.0	dns
23	1794	6	500	6.0	11.5	500.0	897.0	0	0	0	0	0.0	0.0	0.0	0.0	dns
2	196	0	0	0.0	0.6666666666666666	0.0	65.33333333333333	1	98	0	0	0.0	0.5	0.0	49.0	dns
2	196	0	0	0.0	1.0	0.0	98.0	1	98	0	0	0.0	0.5	0.0	49.0	dns
2	196	0	0	0.0	1.0	0.0	98.0	1	98	0	0	0.0	0.5	0.0	49.0	dns
23	1794	6	500	6.0	11.5	500.0	897.0	0	0	0	0	0.0	0.0	0.0	0.0	dns
2	196	0	0	0.0	0.6666666666666666	0.0	65.33333333333333	1	98	0	0	0.0	0.3333333333333333	0.0	32.666666666666664	dns
2	196	0	0	0.0	1.0	0.0	98.0	1	98	0	0	0.0	0.5	0.0	49.0	dns
2	196	0	0	0.0	1.0	0.0	98.0	1	98	0	0	0.0	0.5	0.0	49.0	dns
23	1794	6	500	6.0	11.5	500.0	897.0	0	0	0	0	0.0	0.0	0.0	0.0	dns
2	196	0	0	0.0	0.6666666666666666	0.0	65.33333333333333	1	98	0	0	0.0	0.3333333333333333	0.0	32.666666666666664	dns
2	196	0	0	0.0	0.6666666666666666	0.0	65.33333333333333	1	98	0	0	0.0	0.5	0.0	49.0	dns
2	196	0	0	0.0	1.0	0.0	98.0	1	98	0	0	0.0	0.5	0.0	49.0	dns
23	1794	6	500	6.0	11.5	500.0	897.0	0	0	0	0	0.0	0.0	0.0	0.0	dns
2	196	0	0	0.0	0.6666666666666666	0.0	65.33333333333333	1	98	0	0	0.0	0.3333333333333333	0.0	32.666666666666664	dns
2	196	0	0	0.0	0.6666666666666666	0.0	65.33333333333333	1	98	0	0	0.0	0.3333333333333333	0.0	32.666666666666664	dns
2	196	0	0	0.0	1.0	0.0	98.0	1	98	0	0	0.0	0.5	0.0	49.0	dns
23	1794	6	500	6.0	11.5	500.0	897.0	0	0	0	0	0.0	0.0	0.0	0.0	dns
2	196	0	0	0.0	0.6666666666666666	0.0	65.33333333333333	1	98	0	0	0.0	0.3333333333333333	0.0	32.666666666666664	dns
2	196	0	0	0.0	0.6666666666666666	0.0	65.33333333333333	1	98	0	0	0.0	0.3333333333333333	0.0	32.666666666666664	dns
2	196	0	0	0.0	0.6666666666666666	0.0	65.33333333333333	1	98	0	0	0.0	0.5	0.0	49.0	dns
23	1794	6	500	6.0	11.5	500.0	897.0	0	0	0	0	0.0	0.0	0.0	0.0	dns
2	196	0	0	0.0	0.6666666666666666	0.0	65.33333333333333	1	98	0	0	0.0	0.3333333333333333	0.0	32.666666666666664	dns
2	196	0	0	0.0	0.6666666666666666	0.0	65.33333333333333	1	98	0	0	0.0	0.3333333333333333	0.0	32.666666666666664	dns
2	196	0	0	0.0	0.6666666666666666	0.0	65.33333333333333	1	98	0	0	0.0	0.3333333333333333	0.0	32.666666666666664	dns
23	1794	6	500	6.0	11.5	500.0	897.0	0	0	0	0	0.0	0.0	0.0	0.0	dns
2	196	0	0	0.0	0.6666666666666666	0.0	65.33333333333333	1	98	0	0	0.0	0.3333333333333333	0.0	32.666666666666664	dns
2	196	0	0	0.0	0.6666666666666666	0.0	65.33333333333333	1	98	0	0	0.0	0.3333333333333333	0.0	32.666666666666664	dns
2	196	0	0	0.0	0.6666666666666666	0.0	65.33333333333333	1	98	0	0	0.0	0.3333333333333333	0.0	32.666666666666664	dns
24	1884	1	90	1.0	8.0	90.0	628.0	0	0	0	0	0.0	0.0	0.0	0.0	dns
2	196	0	0	0.0	0.5	0.0	49.0	1	98	0	0	0.0	0.3333333333333333	0.0	32.666666666666664	dns
2	196	0	0	0.0	0.6666666666666666	0.0	65.33333333333333	1	98	0	0	0.0	0.3333333333333333	0.0	32.666666666666664	dns
2	196	0	0	0.0	0.6666666666666666	0.0	65.33333333333333	1	98	0	0	0.0	0.3333333333333333	0.0	32.666666666666664	dns
24	1884	1	90	1.0	8.0	90.0	628.0	0	0	0	0	0.0	0.0	0.0	0.0	dns
2	196	0	0	0.0	0.5	0.0	49.0	1	98	0	0	0.0	0.25	0.0	24.5	dns
2	196	0	0	0.0	0.6666666666666666	0.0	65.33333333333333	1	98	0	0	0.0	0.3333333333333333	0.0	32.666666666666664	dns
2	196	0	0	0.0	0.6666666666666666	0.0	65.33333333333333	1	98	0	0	0.0	0.3333333333333333	0.0	32.666666666666664	dns
24	1884	1	90	1.0	8.0	90.0	628.0	0	0	0	0	0.0	0.0	0.0	0.0	dns
2	196	0	0	0.0	0.5	0.0	49.0	1	98	0	0	0.0	0.25	0.0	24.5	dns
2	196	0	0	0.0	0.5	0.0	49.0	1	98	0	0	0.0	0.3333333333333333	0.0	32.666666666666664	dns
2	196	0	0	0.0	0.6666666666666666	0.0	65.33333333333333	1	98	0	0	0.0	0.3333333333333333	0.0	32.666666666666664	dns
24	1884	1	90	1.0	8.0	90.0	628.0	0	0	0	0	0.0	0.0	0.0	0.0	dns
2	196	0	0	0.0	0.5	0.0	49.0	1	98	0	0	0.0	0.25	0.0	24.5	dns
2	196	0	0	0.0	0.5	0.0	49.0	1	98	0	0	0.0	0.25	0.0	24.5	dns
2	196	0	0	0.0	0.6666666666666666	0.0	65.33333333333333	1	98	0	0	0.0	0.3333333333333333	0.0	32.666666666666664	dns
24	1884	1	90	1.0	8.0	90.0	628.0	0	0	0	0	0.0	0.0	0.0	0.0	dns
2	196	0	0	0.0	0.5	0.0	49.0	1	98	0	0	0.0	0.25	0.0	24.5	dns
2	196	0	0	0.0	0.5	0.0	49.0	1	98	0	0	0.0	0.25	0.0	24.5	dns
2	196	0	0	0.0	0.5	0.0	49.0	1	98	0	0	0.0	0.3333333333333333	0.0	32.666666666666664	dns
24	1884	1	90	1.0	8.0	90.0	628.0	0	0	0	0	0.0	0.0	0.0	0.0	dns
2	196	0	0	0.0	0.5	0.0	49.0	1	98	0	0	0.0	0.25	0.0	24.5	dns
2	196	0	0	0.0	0.5	0.0	49.0	1	98	0	0	0.0	0.25	0.0	24.5	dns
2	196	0	0	0.0	0.5	0.0	49.0	1	98	0	0	0.0	0.25	0.0	24.5	dns
24	1884	1	90	1.0	8.0	90.0	628.0	0	0	0	0	0.0	0.0	0.0	0.0	dns
2	196	0	0	0.0	0.5	0.0	49.0	1	98	0	0	0.0	0.25	0.0	24.5	dns
2	196	0	0	0.0	0.5	0.0	49.0	1	98	0	0	0.0	0.25	0.0	24.5	dns
2	196	0	0	0.0	0.5	0.0	49.0	1	98	0	0	0.0	0.25	0.0	24.5	dns
24	1884	0	0	0.0	6.0	0.0	471.0	0	0	0	0	0.0	0.0	0.0	0.0	dns
6	604	4	408	4.0	1.2	408.0	120.8	1	98	0	0	0.0	0.25	0.0	24.5	dns
2	196	0	0	0.0	0.5	0.0	49.0	1	98	0	0	0.0	0.25	0.0	24.5	dns
2	196	0	0	0.0	0.5	0.0	49.0	1	98	0	0	0.0	0.25	0.0	24.5	dns
24	1884	0	0	0.0	6.0	0.0	471.0	0	0	0	0	0.0	0.0	0.0	0.0	dns
6	604	4	408	4.0	1.2	408.0	120.8	5	422	4	324	4.0	1.0	324.0	84.4	dns
2	196	0	0	0.0	0.5	0.0	49.0	1	98	0	0	0.0	0.25	0.0	24.5	dns
2	196	0	0	0.0	0.5	0.0	49.0	1	98	0	0	0.0	0.25	0.0	24.5	dns
24	1884	0	0	0.0	6.0	0.0	471.0	0	0	0	0	0.0	0.0	0.0	0.0	dns
6	604	4	408	4.0	1.2	408.0	120.8	5	422	4	324	4.0	1.0	324.0	84.4	dns
3	238	1	42	1.0	0.6	42.0	47.6	1	98	0	0	0.0	0.25	0.0	24.5	dns
2	196	0	0	0.0	0.5	0.0	49.0	1	98	0	0	0.0	0.25	0.0	24.5	dns
24	1884	0	0	0.0	6.0	0.0	471.0	0	0	0	0	0.0	0.0	0.0	0.0	dns
6	604	4	408	4.0	1.2	408.0	120.8	5	422	4	324	4.0	1.0	324.0	84.4	dns
3	238	1	42	1.0	0.6	42.0	47.6	2	140	1	42	1.0	0.4	42.0	28.0	dns
2	196	0	0	0.0	0.5	0.0	49.0	1	98	0	0	0.0	0.25	0.0	24.5	dns
24	1884	0	0	0.0	6.0	0.0	471.0	0	0	0	0	0.0	0.0	0.0	0.0	dns
6	604	4	408	4.0	1.2	408.0	120.8	5	422	4	324	4.0	1.0	324.0	84.4	dns
3	238	1	42	1.0	0.6	42.0	47.6	2	140	1	42	1.0	0.4	42.0	28.0	dns
2	196	0	0	0.0	0.4	0.0	39.2	1	98	0	0	0.0	0.25	0.0	24.5	dns
24	1884	0	0	0.0	6.0	0.0	471.0	0	0	0	0	0.0	0.0	0.0	0.0	dns
6	604	4	408	4.0	1.2	408.0	120.8	5	422	4	324	4.0	1.0	324.0	84.4	dns
3	238	1	42	1.0	0.6	42.0	47.6	2	140	1	42	1.0	0.4	42.0	28.0	dns
2	196	0	0	0.0	0.4	0.0	39.2	2	140	1	42	1.0	0.4	42.0	28.0	dns
24	1884	0	0	0.0	6.0	0.0	471.0	0	0	0	0	0.0	0.0	0.0	0.0	dns
6	604	4	408	4.0	1.2	408.0	120.8	5	422	4	324	4.0	1.0	324.0	84.4	dns
3	238	1	42	1.0	0.6	42.0	47.6	2	140	1	42	1.0	0.4	42.0	28.0	dns
2	196	0	0	0.0	0.4	0.0	39.2	2	140	1	42	1.0	0.4	42.0	28.0	dns
24	1884	0	0	0.0	4.8	0.0	376.8	0	0	0	0	0.0	0.0	0.0	0.0	dns
9	970	3	366	3.0	1.5	366.0	161.66666666666666	5	422	4	324	4.0	1.0	324.0	84.4	dns
3	238	1	42	1.0	0.6	42.0	47.6	2	140	1	42	1.0	0.4	42.0	28.0	dns
2	196	0	0	0.0	0.4	0.0	39.2	2	140	1	42	1.0	0.4	42.0	28.0	dns
24	1884	0	0	0.0	4.8	0.0	376.8	0	0	0	0	0.0	0.0	0.0	0.0	dns
9	970	3	366	3.0	1.5	366.0	161.66666666666666	8	704	3	282	3.0	1.3333333333333333	282.0	117.33333333333333	dns
3	238	1	42	1.0	0.6	42.0	47.6	2	140	1	42	1.0	0.4	42.0	28.0	dns
2	196	0	0	0.0	0.4	0.0	39.2	2	140	1	42	1.0	0.4	42.0	28.0	dns
24	1884	0	0	0.0	4.8	0.0	376.8	0	0	0	0	0.0	0.0	0.0	0.0	dns
9	970	3	366	3.0	1.5	366.0	161.66666666666666	8	704	3	282	3.0	1.3333333333333333	282.0	117.33333333333333	dns
3	238	0	0	0.0	0.5	0.0	39.666666666666664	2	140	1	42	1.0	0.4	42.0	28.0	dns
2	196	0	0	0.0	0.4	0.0	39.2	2	140	1	42	1.0	0.4	42.0	28.0	dns
24	1884	0	0	0.0	4.8	0.0	376.8	0	0	0	0	0.0	0.0	0.0	0.0	dns
9	970	3	366	3.0	1.5	366.0	161.66666666666666	8	704	3	282	3.0	1.3333333333333333	282.0	117.33333333333333	dns
3	238	0	0	0.0	0.5	0.0	39.666666666666664	2	140	0	0	0.0	0.3333333333333333	0.0	23.333333333333332	dns
2	196	0	0	0.0	0.4	0.0	39.2	2	140	1	42	1.0	0.4	42.0	28.0	dns
24	1884	0	0	0.0	4.8	0.0	376.8	0	0	0	0	0.0	0.0	0.0	0.0	dns
9	970	3	366	3.0	1.5	366.0	161.66666666666666	8	704	3	282	3.0	1.3333333333333333	282.0	117.33333333333333	dns
3	238	0	0	0.0	0.5	0.0	39.666666666666664	2	140	0	0	0.0	0.3333333333333333	0.0	23.333333333333332	dns
3	238	1	42	1.0	0.5	42.0	39.666666666666664	2	140	1	42	1.0	0.4	42.0	28.0	dns
24	1884	0	0	0.0	4.8	0.0	376.8	0	0	0	0	0.0	0.0	0.0	0.0	dns
9	970	3	366	3.0	1.5	366.0	161.66666666666666	8	704	3	282	3.0	1.3333333333333333	282.0	117.33333333333333	dns
3	238	0	0	0.0	0.5	0.0	39.666666666666664	2	140	0	0	0.0	0.3333333333333333	0.0	23.333333333333332	dns
3	238	1	42	1.0	0.5	42.0	39.666666666666664	2	140	0	0	0.0	0.3333333333333333	0.0	23.333333333333332	dns
24	1884	0	0	0.0	4.8	0.0	376.8	0	0	0	0	0.0	0.0	0.0	0.0	dns
9	970	3	366	3.0	1.5	366.0	161.66666666666666	8	704	3	282	3.0	1.3333333333333333	282.0	117.33333333333333	dns
3	238	0	0	0.0	0.5	0.0	39.666666666666664	2	140	0	0	0.0	0.3333333333333333	0.0	23.333333333333332	dns
3	238	1	42	1.0	0.5	42.0	39.666666666666664	2	140	0	0	0.0	0.3333333333333333	0.0	23.333333333333332	dns
27	2094	3	210	3.0	4.5	210.0	349.0	0	0	0	0	0.0	0.0	0.0	0.0	dns
11	1214	2	244	2.0	1.5714285714285714	244.0	173.42857142857142	8	704	3	282	3.0	1.3333333333333333	282.0	117.33333333333333	dns
3	238	0	0	0.0	0.5	0.0	39.666666666666664	2	140	0	0	0.0	0.3333333333333333	0.0	23.333333333333332	dns
3	238	1	42	1.0	0.5	42.0	39.666666666666664	2	140	0	0	0.0	0.3333333333333333	0.0	23.333333333333332	dns
27	2094	3	210	3.0	4.5	210.0	349.0	0	0	0	0	0.0	0.0	0.0	0.0	dns
11	1214	2	244	2.0	1.5714285714285714	244.0	173.42857142857142	11	986	3	282	3.0	1.5714285714285714	282.0	140.85714285714286	dns
3	238	0	0	0.0	0.5	0.0	39.666666666666664	2	140	0	0	0.0	0.3333333333333333	0.0	23.333333333333332	dns
3	238	1	42	1.0	0.5	42.0	39.666666666666664	2	140	0	0	0.0	0.3333333333333333	0.0	23.333333333333332	dns
27	2094	3	210	3.0	4.5	210.0	349.0	0	0	0	0	0.0	0.0	0.0	0.0	dns
11	1214	2	244	2.0	1.5714285714285714	244.0	173.42857142857142	11	986	3	282	3.0	1.5714285714285714	282.0	140.85714285714286	dns
3	238	0	0	0.0	0.42857142857142855	0.0	34.0	2	140	0	0	0.0	0.3333333333333333	0.0	23.333333333333332	dns
3	238	1	42	1.0	0.5	42.0	39.666666666666664	2	140	0	0	0.0	0.3333333333333333	0.0	23.333333333333332	dns
27	2094	3	210	3.0	4.5	210.0	349.0	0	0	0	0	0.0	0.0	0.0	0.0	dns
11	1214	2	244	2.0	1.5714285714285714	244.0	173.42857142857142	11	986	3	282	3.0	1.5714285714285714	282.0	140.85714285714286	dns
3	238	0	0	0.0	0.42857142857142855	0.0	34.0	2	140	0	0	0.0	0.2857142857142857	0.0	20.0	dns
3	238	1	42	1.0	0.5	42.0	39.666666666666664	2	140	0	0	0.0	0.3333333333333333	0.0	23.333333333333332	dns
27	2094	3	210	3.0	4.5	210.0	349.0	0	0	0	0	0.0	0.0	0.0	0.0	dns
11	1214	2	244	2.0	1.5714285714285714	244.0	173.42857142857142	11	986	3	282	3.0	1.5714285714285714	282.0	140.85714285714286	dns
3	238	0	0	0.0	0.42857142857142855	0.0	34.0	2	140	0	0	0.0	0.2857142857142857	0.0	20.0	dns
3	238	0	0	0.0	0.42857142857142855	0.0	34.0	2	140	0	0	0.0	0.3333333333333333	0.0	23.333333333333332	dns
27	2094	3	210	3.0	4.5	210.0	349.0	0	0	0	0	0.0	0.0	0.0	0.0	dns
11	1214	2	244	2.0	1.5714285714285714	244.0	173.42857142857142	11	986	3	282	3.0	1.5714285714285714	282.0	140.85714285714286	dns
3	238	0	0	0.0	0.42857142857142855	0.0	34.0	2	140	0	0	0.0	0.2857142857142857	0.0	20.0	dns
3	238	0	0	0.0	0.42857142857142855	0.0	34.0	2	140	0	0	0.0	0.2857142857142857	0.0	20.0	dns
27	2094	3	210	3.0	4.5	210.0	349.0	0	0	0	0	0.0	0.0	0.0	0.0	dns
11	1214	2	244	2.0	1.5714285714285714	244.0	173.42857142857142	11	986	3	282	3.0	1.5714285714285714	282.0	140.85714285714286	dns
3	238	0	0	0.0	0.42857142857142855	0.0	34.0	2	140	0	0	0.0	0.2857142857142857	0.0	20.0	dns
3	238	0	0	0.0	0.42857142857142855	0.0	34.0	2	140	0	0	0.0	0.2857142857142857	0.0	20.0	dns
27	2094	0	0	0.0	3.857142857142857	0.0	299.14285714285717	0	0	0	0	0.0	0.0	0.0	0.0	dns
11	1214	0	0	0.0	1.375	0.0	151.75	11	986	3	282	3.0	1.5714285714285714	282.0	140.85714285714286	dns
3	238	0	0	0.0	0.42857142857142855	0.0	34.0	2	140	0	0	0.0	0.2857142857142857	0.0	20.0	dns
3	238	0	0	0.0	0.42857142857142855	0.0	34.0	2	140	0	0	0.0	0.2857142857142857	0.0	20.0	dns
27	2094	0	0	0.0	3.857142857142857	0.0	299.14285714285717	0	0	0	0	0.0	0.0	0.0	0.0	dns
11	1214	0	0	0.0	1.375	0.0	151.75	11	986	0	0	0.0	1.375	0.0	123.25	dns
3	238	0	0	0.0	0.42857142857142855	0.0	34.0	2	140	0	0	0.0	0.2857142857142857	0.0	20.0	dns
3	238	0	0	0.0	0.42857142857142855	0.0	34.0	2	140	0	0	0.0	0.2857142857142857	0.0	20.0	dns
27	2094	0	0	0.0	3.857142857142857	0.0	299.14285714285717	0	0	0	0	0.0	0.0	0.0	0.0	dns
11	1214	0	0	0.0	1.375	0.0	151.75	11	986	0	0	0.0	1.375	0.0	123.25	dns
3	238	0	0	0.0	0.375	0.0	29.75	2	140	0	0	0.0	0.2857142857142857	0.0	20.0	dns
3	238	0	0	0.0	0.42857142857142855	0.0	34.0	2	140	0	0	0.0	0.2857142857142857	0.0	20.0	dns
27	2094	0	0	0.0	3.857142857142857	0.0	299.14285714285717	0	0	0	0	0.0	0.0	0.0	0.0	dns
11	1214	0	0	0.0	1.375	0.0	151.75	11	986	0	0	0.0	1.375	0.0	123.25	dns
3	238	0	0	0.0	0.375	0.0	29.75	2	140	0	0	0.0	0.25	0.0	17.5	dns
3	238	0	0	0.0	0.42857142857142855	0.0	34.0	2	140	0	0	0.0	0.2857142857142857	0.0	20.0	dns
27	2094	0	0	0.0	3.857142857142857	0.0	299.14285714285717	0	0	0	0	0.0	0.0	0.0	0.0	dns
11	1214	0	0	0.0	1.375	0.0	151.75	11	986	0	0	0.0	1.375	0.0	123.25	dns
3	238	0	0	0.0	0.375	0.0	29.75	2	140	0	0	0.0	0.25	0.0	17.5	dns
3	238	0	0	0.0	0.375	0.0	29.75	2	140	0	0	0.0	0.2857142857142857	0.0	20.0	dns
27	2094	0	0	0.0	3.857142857142857	0.0	299.14285714285717	0	0	0	0	0.0	0.0	0.0	0.0	dns
11	1214	0	0	0.0	1.375	0.0	151.75	11	986	0	0	0.0	1.375	0.0	123.25	dns
3	238	0	0	0.0	0.375	0.0	29.75	2	140	0	0	0.0	0.25	0.0	17.5	dns
3	238	0	0	0.0	0.375	0.0	29.75	2	140	0	0	0.0	0.25	0.0	17.5	dns
27	2094	0	0	0.0	3.857142857142857	0.0	299.14285714285717	0	0	0	0	0.0	0.0	0.0	0.0	dns
11	1214	0	0	0.0	1.375	0.0	151.75	11	986	0	0	0.0	1.375	0.0	123.25	dns
3	238	0	0	0.0	0.375	0.0	29.75	2	140	0	0	0.0	0.25	0.0	17.5	dns
3	238	0	0	0.0	0.375	0.0	29.75	2	140	0	0	0.0	0.25	0.0	17.5	dns
27	2094	0	0	0.0	3.375	0.0	261.75	0	0	0	0	0.0	0.0	0.0	0.0	dns
11	1214	0	0	0.0	1.2222222222222223	0.0	134.88888888888889	11	986	0	0	0.0	1.375	0.0	123.25	dns
3	238	0	0	0.0	0.375	0.0	29.75	2	140	0	0	0.0	0.25	0.0	17.5	dns
3	238	0	0	0.0	0.375	0.0	29.75	2	140	0	0	0.0	0.25	0.0	17.5	dns
27	2094	0	0	0.0	3.375	0.0	261.75	0	0	0	0	0.0	0.0	0.0	0.0	dns
11	1214	0	0	0.0	1.2222222222222223	0.0	134.88888888888889	11	986	0	0	0.0	1.2222222222222223	0.0	109.55555555555556	dns
3	238	0	0	0.0	0.375	0.0	29.75	2	140	0	0	0.0	0.25	0.0	17.5	dns
3	238	0	0	0.0	0.375	0.0	29.75	2	140	0	0	0.0	0.25	0.0	17.5	dns
27	2094	0	0	0.0	3.375	0.0	261.75	0	0	0	0	0.0	0.0	0.0	0.0	dns
11	1214	0	0	0.0	1.2222222222222223	0.0	134.88888888888889	11	986	0	0	0.0	1.2222222222222223	0.0	109.55555555555556	dns
3	238	0	0	0.0	0.3333333333333333	0.0	26.444444444444443	2	140	0	0	0.0	0.25	0.0	17.5	dns
3	238	0	0	0.0	0.375	0.0	29.75	2	140	0	0	0.0	0.25	0.0	17.5	dns
27	2094	0	0	0.0	3.375	0.0	261.75	0	0	0	0	0.0	0.0	0.0	0.0	dns
11	1214	0	0	0.0	1.2222222222222223	0.0	134.88888888888889	11	986	0	0	0.0	1.2222222222222223	0.0	109.55555555555556	dns
3	238	0	0	0.0	0.3333333333333333	0.0	26.444444444444443	2	140	0	0	0.0	0.2222222222222222	0.0	15.555555555555555	dns
3	238	0	0	0.0	0.375	0.0	29.75	2	140	0	0	0.0	0.25	0.0	17.5	dns
27	2094	0	0	0.0	3.375	0.0	261.75	0	0	0	0	0.0	0.0	0.0	0.0	dns
11	1214	0	0	0.0	1.2222222222222223	0.0	134.88888888888889	11	986	0	0	0.0	1.2222222222222223	0.0	109.55555555555556	dns
3	238	0	0	0.0	0.3333333333333333	0.0	26.444444444444443	2	140	0	0	0.0	0.2222222222222222	0.0	15.555555555555555	dns
3	238	0	0	0.0	0.3333333333333333	0.0	26.444444444444443	2	140	0	0	0.0	0.25	0.0	17.5	dns
27	2094	0	0	0.0	3.375	0.0	261.75	0	0	0	0	0.0	0.0	0.0	0.0	dns
11	1214	0	0	0.0	1.2222222222222223	0.0	134.88888888888889	11	986	0	0	0.0	1.2222222222222223	0.0	109.55555555555556	dns
3	238	0	0	0.0	0.3333333333333333	0.0	26.444444444444443	2	140	0	0	0.0	0.2222222222222222	0.0	15.555555555555555	dns
3	238	0	0	0.0	0.3333333333333333	0.0	26.444444444444443	2	140	0	0	0.0	0.2222222222222222	0.0	15.555555555555555	dns
27	2094	0	0	0.0	3.375	0.0	261.75	0	0	0	0	0.0	0.0	0.0	0.0	dns
11	1214	0	0	0.0	1.2222222222222223	0.0	134.88888888888889	11	986	0	0	0.0	1.2222222222222223	0.0	109.55555555555556	dns
3	238	0	0	0.0	0.3333333333333333	0.0	26.444444444444443	2	140	0	0	0.0	0.2222222222222222	0.0	15.555555555555555	dns
3	238	0	0	0.0	0.3333333333333333	0.0	26.444444444444443	2	140	0	0	0.0	0.2222222222222222	0.0	15.555555555555555	dns
27	2094	0	0	0.0	3.0	0.0	232.66666666666666	0	0	0	0	0.0	0.0	0.0	0.0	dns
11	1214	0	0	0.0	1.1	0.0	121.4	11	986	0	0	0.0	1.2222222222222223	0.0	109.55555555555556	dns
3	238	0	0	0.0	0.3333333333333333	0.0	26.444444444444443	2	140	0	0	0.0	0.2222222222222222	0.0	15.555555555555555	dns
3	238	0	0	0.0	0.3333333333333333	0.0	26.444444444444443	2	140	0	0	0.0	0.2222222222222222	0.0	15.555555555555555	dns
27	2094	0	0	0.0	3.0	0.0	232.66666666666666	0	0	0	0	0.0	0.0	0.0	0.0	dns
11	1214	0	0	0.0	1.1	0.0	121.4	11	986	0	0	0.0	1.1	0.0	98.6	dns
3	238	0	0	0.0	0.3333333333333333	0.0	26.444444444444443	2	140	0	0	0.0	0.2222222222222222	0.0	15.555555555555555	dns
3	238	0	0	0.0	0.3333333333333333	0.0	26.444444444444443	2	140	0	0	0.0	0.2222222222222222	0.0	15.555555555555555	dns
27	2094	0	0	0.0	3.0	0.0	232.66666666666666	0	0	0	0	0.0	0.0	0.0	0.0	dns
11	1214	0	0	0.0	1.1	0.0	121.4	11	986	0	0	0.0	1.1	0.0	98.6	dns
3	238	0	0	0.0	0.3	0.0	23.8	2	140	0	0	0.0	0.2222222222222222	0.0	15.555555555555555	dns
3	238	0	0	0.0	0.3333333333333333	0.0	26.444444444444443	2	140	0	0	0.0	0.2222222222222222	0.0	15.555555555555555	dns
27	2094	0	0	0.0	3.0	0.0	232.66666666666666	0	0	0	0	0.0	0.0	0.0	0.0	dns
11	1214	0	0	0.0	1.1	0.0	121.4	11	986	0	0	0.0	1.1	0.0	98.6	dns
3	238	0	0	0.0	0.3	0.0	23.8	2	140	0	0	0.0	0.2	0.0	14.0	dns
3	238	0	0	0.0	0.3333333333333333	0.0	26.444444444444443	2	140	0	0	0.0	0.2222222222222222	0.0	15.555555555555555	dns
27	2094	0	0	0.0	3.0	0.0	232.66666666666666	0	0	0	0	0.0	0.0	0.0	0.0	dns
11	1214	0	0	0.0	1.1	0.0	121.4	11	986	0	0	0.0	1.1	0.0	98.6	dns
3	238	0	0	0.0	0.3	0.0	23.8	2	140	0	0	0.0	0.2	0.0	14.0	dns
3	238	0	0	0.0	0.3	0.0	23.8	2	140	0	0	0.0	0.2222222222222222	0.0	15.555555555555555	dns
27	2094	0	0	0.0	3.0	0.0	232.66666666666666	0	0	0	0	0.0	0.0	0.0	0.0	dns
11	1214	0	0	0.0	1.1	0.0	121.4	11	986	0	0	0.0	1.1	0.0	98.6	dns
3	238	0	0	0.0	0.3	0.0	23.8	2	140	0	0	0.0	0.2	0.0	14.0	dns
3	238	0	0	0.0	0.3	0.0	23.8	2	140	0	0	0.0	0.2	0.0	14.0	dns
27	2094	0	0	0.0	3.0	0.0	232.66666666666666	0	0	0	0	0.0	0.0	0.0	0.0	dns
11	1214	0	0	0.0	1.1	0.0	121.4	11	986	0	0	0.0	1.1	0.0	98.6	dns
3	238	0	0	0.0	0.3	0.0	23.8	2	140	0	0	0.0	0.2	0.0	14.0	dns
3	238	0	0	0.0	0.3	0.0	23.8	2	140	0	0	0.0	0.2	0.0	14.0	dns
27	2094	0	0	0.0	2.7	0.0	209.4	0	0	0	0	0.0	0.0	0.0	0.0	dns
11	1214	0	0	0.0	1.0	0.0	110.36363636363636	11	986	0	0	0.0	1.1	0.0	98.6	dns
3	238	0	0	0.0	0.3	0.0	23.8	2	140	0	0	0.0	0.2	0.0	14.0	dns
3	238	0	0	0.0	0.3	0.0	23.8	2	140	0	0	0.0	0.2	0.0	14.0	dns
27	2094	0	0	0.0	2.7	0.0	209.4	0	0	0	0	0.0	0.0	0.0	0.0	dns
11	1214	0	0	0.0	1.0	0.0	110.36363636363636	11	986	0	0	0.0	1.0	0.0	89.63636363636364	dns
3	238	0	0	0.0	0.3	0.0	23.8	2	140	0	0	0.0	0.2	0.0	14.0	dns
3	238	0	0	0.0	0.3	0.0	23.8	2	140	0	0	0.0	0.2	0.0	14.0	dns
27	2094	0	0	0.0	2.7	0.0	209.4	0	0	0	0	0.0	0.0	0.0	0.0	dns
11	1214	0	0	0.0	1.0	0.0	110.36363636363636	11	986	0	0	0.0	1.0	0.0	89.63636363636364	dns
3	238	0	0	0.0	0.2727272727272727	0.0	21.636363636363637	2	140	0	0	0.0	0.2	0.0	14.0	dns
3	238	0	0	0.0	0.3	0.0	23.8	2	140	0	0	0.0	0.2	0.0	14.0	dns
27	2094	0	0	0.0	2.7	0.0	209.4	0	0	0	0	0.0	0.0	0.0	0.0	dns
11	1214	0	0	0.0	1.0	0.0	110.36363636363636	11	986	0	0	0.0	1.0	0.0	89.63636363636364	dns
3	238	0	0	0.0	0.2727272727272727	0.0	21.636363636363637	2	140	0	0	0.0	0.18181818181818182	0.0	12.727272727272727	dns
3	238	0	0	0.0	0.3	0.0	23.8	2	140	0	0	0.0	0.2	0.0	14.0	dns
27	2094	0	0	0.0	2.7	0.0	209.4	0	0	0	0	0.0	0.0	0.0	0.0	dns
11	1214	0	0	0.0	1.0	0.0	110.36363636363636	11	986	0	0	0.0	1.0	0.0	89.63636363636364	dns
3	238	0	0	0.0	0.2727272727272727	0.0	21.636363636363637	2	140	0	0	0.0	0.18181818181818182	0.0	12.727272727272727	dns
3	238	0	0	0.0	0.2727272727272727	0.0	21.636363636363637	2	140	0	0	0.0	0.2	0.0	14.0	dns
27	2094	0	0	0.0	2.7	0.0	209.4	0	0	0	0	0.0	0.0	0.0	0.0	dns
11	1214	0	0	0.0	1.0	0.0	110.36363636363636	11	986	0	0	0.0	1.0	0.0	89.63636363636364	dns
3	238	0	0	0.0	0.2727272727272727	0.0	21.636363636363637	2	140	0	0	0.0	0.18181818181818182	0.0	12.727272727272727	dns
3	238	0	0	0.0	0.2727272727272727	0.0	21.636363636363637	2	140	0	0	0.0	0.18181818181818182	0.0	12.727272727272727	dns
27	2094	0	0	0.0	2.7	0.0	209.4	0	0	0	0	0.0	0.0	0.0	0.0	dns
11	1214	0	0	0.0	1.0	0.0	110.36363636363636	11	986	0	0	0.0	1.0	0.0	89.63636363636364	dns
3	238	0	0	0.0	0.2727272727272727	0.0	21.636363636363637	2	140	0	0	0.0	0.18181818181818182	0.0	12.727272727272727	dns
3	238	0	0	0.0	0.2727272727272727	0.0	21.636363636363637	2	140	0	0	0.0	0.18181818181818182	0.0	12.727272727272727	dns
27	2094	0	0	0.0	2.4545454545454546	0.0	190.36363636363637	0	0	0	0	0.0	0.0	0.0	0.0	dns
11	1214	0	0	0.0	0.9166666666666666	0.0	101.16666666666667	11	986	0	0	0.0	1.0	0.0	89.63636363636364	dns
3	238	0	0	0.0	0.2727272727272727	0.0	21.636363636363637	2	140	0	0	0.0	0.18181818181818182	0.0	12.727272727272727	dns
3	238	0	0	0.0	0.2727272727272727	0.0	21.636363636363637	2	140	0	0	0.0	0.18181818181818182	0.0	12.727272727272727	dns
27	2094	0	0	0.0	2.4545454545454546	0.0	190.36363636363637	0	0	0	0	0.0	0.0	0.0	0.0	dns
11	1214	0	0	0.0	0.9166666666666666	0.0	101.16666666666667	11	986	0	0	0.0	0.9166666666666666	0.0	82.16666666666667	dns
3	238	0	0	0.0	0.2727272727272727	0.0	21.636363636363637	2	140	0	0	0.0	0.18181818181818182	0.0	12.727272727272727	dns
3	238	0	0	0.0	0.2727272727272727	0.0	21.636363636363637	2	140	0	0	0.0	0.18181818181818182	0.0	12.727272727272727	dns
27	2094	0	0	0.0	2.4545454545454546	0.0	190.36363636363637	0	0	0	0	0.0	0.0	0.0	0.0	dns
11	1214	0	0	0.0	0.9166666666666666	0.0	101.16666666666667	11	986	0	0	0.0	0.9166666666666666	0.0	82.16666666666667	dns
3	238	0	0	0.0	0.25	0.0	19.833333333333332	2	140	0	0	0.0	0.18181818181818182	0.0	12.727272727272727	dns
3	238	0	0	0.0	0.2727272727272727	0.0	21.636363636363637	2	140	0	0	0.0	0.18181818181818182	0.0	12.727272727272727	dns
27	2094	0	0	0.0	2.4545454545454546	0.0	190.36363636363637	0	0	0	0	0.0	0.0	0.0	0.0	dns
11	1214	0	0	0.0	0.9166666666666666	0.0	101.16666666666667	11	986	0	0	0.0	0.9166666666666666	0.0	82.16666666666667	dns
3	238	0	0	0.0	0.25	0.0	19.833333333333332	2	140	0	0	0.0	0.16666666666666666	0.0	11.666666666666666	dns
3	238	0	0	0.0	0.2727272727272727	0.0	21.636363636363637	2	140	0	0	0.0	0.18181818181818182	0.0	12.727272727272727	dns
27	2094	0	0	0.0	2.4545454545454546	0.0	190.36363636363637	0	0	0	0	0.0	0.0	0.0	0.0	dns
11	1214	0	0	0.0	0.9166666666666666	0.0	101.16666666666667	11	986	0	0	0.0	0.9166666666666666	0.0	82.16666666666667	dns
3	238	0	0	0.0	0.25	0.0	19.833333333333332	2	140	0	0	0.0	0.16666666666666666	0.0	11.666666666666666	dns
3	238	0	0	0.0	0.25	0.0	19.833333333333332	2	140	0	0	0.0	0.18181818181818182	0.0	12.727272727272727	dns
27	2094	0	0	0.0	2.4545454545454546	0.0	190.36363636363637	0	0	0	0	0.0	0.0	0.0	0.0	dns
11	1214	0	0	0.0	0.9166666666666666	0.0	101.16666666666667	11	986	0	0	0.0	0.9166666666666666	0.0	82.16666666666667	dns
3	238	0	0	0.0	0.25	0.0	19.833333333333332	2	140	0	0	0.0	0.16666666666666666	0.0	11.666666666666666	dns
3	238	0	0	0.0	0.25	0.0	19.833333333333332	2	140	0	0	0.0	0.16666666666666666	0.0	11.666666666666666	dns
27	2094	0	0	0.0	2.4545454545454546	0.0	190.36363636363637	0	0	0	0	0.0	0.0	0.0	0.0	dns
11	1214	0	0	0.0	0.9166666666666666	0.0	101.16666666666667	11	986	0	0	0.0	0.9166666666666666	0.0	82.16666666666667	dns
3	238	0	0	0.0	0.25	0.0	19.833333333333332	2	140	0	0	0.0	0.16666666666666666	0.0	11.666666666666666	dns
3	238	0	0	0.0	0.25	0.0	19.833333333333332	2	140	0	0	0.0	0.16666666666666666	0.0	11.666666666666666	dns
27	2094	0	0	0.0	2.25	0.0	174.5	0	0	0	0	0.0	0.0	0.0	0.0	dns
14	1580	3	366	3.0	1.0769230769230769	366.0	121.53846153846153	11	986	0	0	0.0	0.9166666666666666	0.0	82.16666666666667	dns
3	238	0	0	0.0	0.25	0.0	19.833333333333332	2	140	0	0	0.0	0.16666666666666666	0.0	11.666666666666666	dns
3	238	0	0	0.0	0.25	0.0	19.833333333333332	2	140	0	0	0.0	0.16666666666666666	0.0	11.666666666666666	dns
27	2094	0	0	0.0	2.25	0.0	174.5	0	0	0	0	0.0	0.0	0.0	0.0	dns
14	1580	3	366	3.0	1.0769230769230769	366.0	121.53846153846153	14	1268	3	282	3.0	1.0769230769230769	282.0	97.53846153846153	dns
3	238	0	0	0.0	0.25	0.0	19.833333333333332	2	140	0	0	0.0	0.16666666666666666	0.0	11.666666666666666	dns
3	238	0	0	0.0	0.25	0.0	19.833333333333332	2	140	0	0	0.0	0.16666666666666666	0.0	11.666666666666666	dns
27	2094	0	0	0.0	2.25	0.0	174.5	0	0	0	0	0.0	0.0	0.0	0.0	dns
14	1580	3	366	3.0	1.0769230769230769	366.0	121.53846153846153	14	1268	3	282	3.0	1.0769230769230769	282.0	97.53846153846153	dns
3	238	0	0	0.0	0.23076923076923078	0.0	18.307692307692307	2	140	0	0	0.0	0.16666666666666666	0.0	11.666666666666666	dns
3	238	0	0	0.0	0.25	0.0	19.833333333333332	2	140	0	0	0.0	0.16666666666666666	0.0	11.666666666666666	dns
27	2094	0	0	0.0	2.25	0.0	174.5	0	0	0	0	0.0	0.0	0.0	0.0	dns
14	1580	3	366	3.0	1.0769230769230769	366.0	121.53846153846153	14	1268	3	282	3.0	1.0769230769230769	282.0	97.53846153846153	dns
3	238	0	0	0.0	0.23076923076923078	0.0	18.307692307692307	2	140	0	0	0.0	0.15384615384615385	0.0	10.76923076923077	dns
3	238	0	0	0.0	0.25	0.0	19.833333333333332	2	140	0	0	0.0	0.16666666666666666	0.0	11.666666666666666	dns
27	2094	0	0	0.0	2.25	0.0	174.5	0	0	0	0	0.0	0.0	0.0	0.0	dns
14	1580	3	366	3.0	1.0769230769230769	366.0	121.53846153846153	14	1268	3	282	3.0	1.0769230769230769	282.0	97.53846153846153	dns
3	238	0	0	0.0	0.23076923076923078	0.0	18.307692307692307	2	140	0	0	0.0	0.15384615384615385	0.0	10.76923076923077	dns
3	238	0	0	0.0	0.23076923076923078	0.0	18.307692307692307	2	140	0	0	0.0	0.16666666666666666	0.0	11.666666666666666	dns
27	2094	0	0	0.0	2.25	0.0	174.5	0	0	0	0	0.0	0.0	0.0	0.0	dns
14	1580	3	366	3.0	1.0769230769230769	366.0	121.53846153846153	14	1268	3	282	3.0	1.0769230769230769	282.0	97.53846153846153	dns
3	238	0	0	0.0	0.23076923076923078	0.0	18.307692307692307	2	140	0	0	0.0	0.15384615384615385	0.0	10.76923076923077	dns
3	238	0	0	0.0	0.23076923076923078	0.0	18.307692307692307	2	140	0	0	0.0	0.15384615384615385	0.0	10.76923076923077	dns
27	2094	0	0	0.0	2.25	0.0	174.5	0	0	0	0	0.0	0.0	0.0	0.0	dns
14	1580	3	366	3.0	1.0769230769230769	366.0	121.53846153846153	14	1268	3	282	3.0	1.0769230769230769	282.0	97.53846153846153	dns
3	238	0	0	0.0	0.23076923076923078	0.0	18.307692307692307	2	140	0	0	0.0	0.15384615384615385	0.0	10.76923076923077	dns
3	238	0	0	0.0	0.23076923076923078	0.0	18.307692307692307	2	140	0	0	0.0	0.15384615384615385	0.0	10.76923076923077	dns
27	2094	0	0	0.0	2.076923076923077	0.0	161.07692307692307	0	0	0	0	0.0	0.0	0.0	0.0	dns
17	1946	3	366	3.0	1.2142857142857142	366.0	139.0	14	1268	3	282	3.0	1.0769230769230769	282.0	97.53846153846153	dns
3	238	0	0	0.0	0.23076923076923078	0.0	18.307692307692307	2	140	0	0	0.0	0.15384615384615385	0.0	10.76923076923077	dns
3	238	0	0	0.0	0.23076923076923078	0.0	18.307692307692307	2	140	0	0	0.0	0.15384615384615385	0.0	10.76923076923077	dns
27	2094	0	0	0.0	2.076923076923077	0.0	161.07692307692307	0	0	0	0	0.0	0.0	0.0	0.0	dns
17	1946	3	366	3.0	1.2142857142857142	366.0	139.0	17	1550	3	282	3.0	1.2142857142857142	282.0	110.71428571428571	dns
3	238	0	0	0.0	0.23076923076923078	0.0	18.307692307692307	2	140	0	0	0.0	0.15384615384615385	0.0	10.76923076923077	dns
3	238	0	0	0.0	0.23076923076923078	0.0	18.307692307692307	2	140	0	0	0.0	0.15384615384615385	0.0	10.76923076923077	dns
27	2094	0	0	0.0	2.076923076923077	0.0	161.07692307692307	0	0	0	0	0.0	0.0	0.0	0.0	dns
17	1946	3	366	3.0	1.2142857142857142	366.0	139.0	17	1550	3	282	3.0	1.2142857142857142	282.0	110.71428571428571	dns
3	238	0	0	0.0	0.21428571428571427	0.0	17.0	2	140	0	0	0.0	0.15384615384615385	0.0	10.76923076923077	dns
3	238	0	0	0.0	0.23076923076923078	0.0	18.307692307692307	2	140	0	0	0.0	0.15384615384615385	0.0	10.76923076923077	dns
27	2094	0	0	0.0	2.076923076923077	0.0	161.07692307692307	0	0	0	0	0.0	0.0	0.0	0.0	dns
17	1946	3	366	3.0	1.2142857142857142	366.0	139.0	17	1550	3	282	3.0	1.2142857142857142	282.0	110.71428571428571	dns
3	238	0	0	0.0	0.21428571428571427	0.0	17.0	2	140	0	0	0.0	0.14285714285714285	0.0	10.0	dns
3	238	0	0	0.0	0.23076923076923078	0.0	18.307692307692307	2	140	0	0	0.0	0.15384615384615385	0.0	10.76923076923077	dns
27	2094	0	0	0.0	2.076923076923077	0.0	161.07692307692307	0	0	0	0	0.0	0.0	0.0	0.0	dns
17	1946	3	366	3.0	1.2142857142857142	366.0	139.0	17	1550	3	282	3.0	1.2142857142857142	282.0	110.71428571428571	dns
3	238	0	0	0.0	0.21428571428571427	0.0	17.0	2	140	0	0	0.0	0.14285714285714285	0.0	10.0	dns
3	238	0	0	0.0	0.21428571428571427	0.0	17.0	2	140	0	0	0.0	0.15384615384615385	0.0	10.76923076923077	dns
27	2094	0	0	0.0	2.076923076923077	0.0	161.07692307692307	0	0	0	0	0.0	0.0	0.0	0.0	dns
17	1946	3	366	3.0	1.2142857142857142	366.0	139.0	17	1550	3	282	3.0	1.2142857142857142	282.0	110.71428571428571	dns
3	238	0	0	0.0	0.21428571428571427	0.0	17.0	2	140	0	0	0.0	0.14285714285714285	0.0	10.0	dns
3	238	0	0	0.0	0.21428571428571427	0.0	17.0	2	140	0	0	0.0	0.14285714285714285	0.0	10.0	dns
27	2094	0	0	0.0	2.076923076923077	0.0	161.07692307692307	0	0	0	0	0.0	0.0	0.0	0.0	dns
17	1946	3	366	3.0	1.2142857142857142	366.0	139.0	17	1550	3	282	3.0	1.2142857142857142	282.0	110.71428571428571	dns
3	238	0	0	0.0	0.21428571428571427	0.0	17.0	2	140	0	0	0.0	0.14285714285714285	0.0	10.0	dns
3	238	0	0	0.0	0.21428571428571427	0.0	17.0	2	140	0	0	0.0	0.14285714285714285	0.0	10.0	dns
29	2234	2	140	2.0	2.0714285714285716	140.0	159.57142857142858	0	0	0	0	0.0	0.0	0.0	0.0	dns
19	2190	2	244	2.0	1.2666666666666666	244.0	146.0	17	1550	3	282	3.0	1.2142857142857142	282.0	110.71428571428571	dns
3	238	0	0	0.0	0.21428571428571427	0.0	17.0	2	140	0	0	0.0	0.14285714285714285	0.0	10.0	dns
3	238	0	0	0.0	0.21428571428571427	0.0	17.0	2	140	0	0	0.0	0.14285714285714285	0.0	10.0	dns
29	2234	2	140	2.0	2.0714285714285716	140.0	159.57142857142858	0	0	0	0	0.0	0.0	0.0	0.0	dns
19	2190	2	244	2.0	1.2666666666666666	244.0	146.0	20	1832	3	282	3.0	1.3333333333333333	282.0	122.13333333333334	dns
3	238	0	0	0.0	0.21428571428571427	0.0	17.0	2	140	0	0	0.0	0.14285714285714285	0.0	10.0	dns
3	238	0	0	0.0	0.21428571428571427	0.0	17.0	2	140	0	0	0.0	0.14285714285714285	0.0	10.0	dns
29	2234	2	140	2.0	2.0714285714285716	140.0	159.57142857142858	0	0	0	0	0.0	0.0	0.0	0.0	dns
19	2190	2	244	2.0	1.2666666666666666	244.0	146.0	20	1832	3	282	3.0	1.3333333333333333	282.0	122.13333333333334	dns
3	238	0	0	0.0	0.2	0.0	15.866666666666667	2	140	0	0	0.0	0.14285714285714285	0.0	10.0	dns
3	238	0	0	0.0	0.21428571428571427	0.0	17.0	2	140	0	0	0.0	0.14285714285714285	0.0	10.0	dns
29	2234	2	140	2.0	2.0714285714285716	140.0	159.57142857142858	0	0	0	0	0.0	0.0	0.0	0.0	dns
19	2190	2	244	2.0	1.2666666666666666	244.0	146.0	20	1832	3	282	3.0	1.3333333333333333	282.0	122.13333333333334	dns
3	238	0	0	0.0	0.2	0.0	15.866666666666667	2	140	0	0	0.0	0.13333333333333333	0.0	9.333333333333334	dns
3	238	0	0	0.0	0.21428571428571427	0.0	17.0	2	140	0	0	0.0	0.14285714285714285	0.0	10.0	dns
29	2234	2	140	2.0	2.0714285714285716	140.0	159.57142857142858	0	0	0	0	0.0	0.0	0.0	0.0	dns
19	2190	2	244	2.0	1.2666666666666666	244.0	146.0	20	1832	3	282	3.0	1.3333333333333333	282.0	122.13333333333334	dns
3	238	0	0	0.0	0.2	0.0	15.866666666666667	2	140	0	0	0.0	0.13333333333333333	0.0	9.333333333333334	dns
3	238	0	0	0.0	0.2	0.0	15.866666666666667	2	140	0	0	0.0	0.14285714285714285	0.0	10.0	dns
29	2234	2	140	2.0	2.0714285714285716	140.0	159.57142857142858	0	0	0	0	0.0	0.0	0.0	0.0	dns
19	2190	2	244	2.0	1.2666666666666666	244.0	146.0	20	1832	3	282	3.0	1.3333333333333333	282.0	122.13333333333334	dns
3	238	0	0	0.0	0.2	0.0	15.866666666666667	2	140	0	0	0.0	0.13333333333333333	0.0	9.333333333333334	dns
3	238	0	0	0.0	0.2	0.0	15.866666666666667	2	140	0	0	0.0	0.13333333333333333	0.0	9.333333333333334	dns
29	2234	2	140	2.0	2.0714285714285716	140.0	159.57142857142858	0	0	0	0	0.0	0.0	0.0	0.0	dns
19	2190	2	244	2.0	1.2666666666666666	244.0	146.0	20	1832	3	282	3.0	1.3333333333333333	282.0	122.13333333333334	dns
3	238	0	0	0.0	0.2	0.0	15.866666666666667	2	140	0	0	0.0	0.13333333333333333	0.0	9.333333333333334	dns
3	238	0	0	0.0	0.2	0.0	15.866666666666667	2	140	0	0	0.0	0.13333333333333333	0.0	9.333333333333334	dns
30	2304	1	70	1.0	2.0	70.0	153.6	0	0	0	0	0.0	0.0	0.0	0.0	dns
19	2190	0	0	0.0	1.1875	0.0	136.875	20	1832	3	282	3.0	1.3333333333333333	282.0	122.13333333333334	dns
3	238	0	0	0.0	0.2	0.0	15.866666666666667	2	140	0	0	0.0	0.13333333333333333	0.0	9.333333333333334	dns
3	238	0	0	0.0	0.2	0.0	15.866666666666667	2	140	0	0	0.0	0.13333333333333333	0.0	9.333333333333334	dns
30	2304	1	70	1.0	2.0	70.0	153.6	0	0	0	0	0.0	0.0	0.0	0.0	dns
19	2190	0	0	0.0	1.1875	0.0	136.875	20	1832	0	0	0.0	1.25	0.0	114.5	dns
3	238	0	0	0.0	0.2	0.0	15.866666666666667	2	140	0	0	0.0	0.13333333333333333	0.0	9.333333333333334	dns
3	238	0	0	0.0	0.2	0.0	15.866666666666667	2	140	0	0	0.0	0.13333333333333333	0.0	9.333333333333334	dns
30	2304	1	70	1.0	2.0	70.0	153.6	0	0	0	0	0.0	0.0	0.0	0.0	dns
19	2190	0	0	0.0	1.1875	0.0	136.875	20	1832	0	0	0.0	1.25	0.0	114.5	dns
3	238	0	0	0.0	0.1875	0.0	14.875	2	140	0	0	0.0	0.13333333333333333	0.0	9.333333333333334	dns
3	238	0	0	0.0	0.2	0.0	15.866666666666667	2	140	0	0	0.0	0.13333333333333333	0.0	9.333333333333334	dns
30	2304	1	70	1.0	2.0	70.0	153.6	0	0	0	0	0.0	0.0	0.0	0.0	dns
19	2190	0	0	0.0	1.1875	0.0	136.875	20	1832	0	0	0.0	1.25	0.0	114.5	dns
3	238	0	0	0.0	0.1875	0.0	14.875	2	140	0	0	0.0	0.125	0.0	8.75	dns
3	238	0	0	0.0	0.2	0.0	15.866666666666667	2	140	0	0	0.0	0.13333333333333333	0.0	9.333333333333334	dns
30	2304	1	70	1.0	2.0	70.0	153.6	0	0	0	0	0.0	0.0	0.0	0.0	dns
19	2190	0	0	0.0	1.1875	0.0	136.875	20	1832	0	0	0.0	1.25	0.0	114.5	dns
3	238	0	0	0.0	0.1875	0.0	14.875	2	140	0	0	0.0	0.125	0.0	8.75	dns
3	238	0	0	0.0	0.1875	0.0	14.875	2	140	0	0	0.0	0.13333333333333333	0.0	9.333333333333334	dns
30	2304	1	70	1.0	2.0	70.0	153.6	0	0	0	0	0.0	0.0	0.0	0.0	dns
19	2190	0	0	0.0	1.1875	0.0	136.875	20	1832	0	0	0.0	1.25	0.0	114.5	dns
3	238	0	0	0.0	0.1875	0.0	14.875	2	140	0	0	0.0	0.125	0.0	8.75	dns
3	238	0	0	0.0	0.1875	0.0	14.875	2	140	0	0	0.0	0.125	0.0	8.75	dns
30	2304	1	70	1.0	2.0	70.0	153.6	0	0	0	0	0.0	0.0	0.0	0.0	dns
19	2190	0	0	0.0	1.1875	0.0	136.875	20	1832	0	0	0.0	1.25	0.0	114.5	dns
3	238	0	0	0.0	0.1875	0.0	14.875	2	140	0	0	0.0	0.125	0.0	8.75	dns
3	238	0	0	0.0	0.1875	0.0	14.875	2	140	0	0	0.0	0.125	0.0	8.75	dns
30	2304	0	0	0.0	1.875	0.0	144.0	0	0	0	0	0.0	0.0	0.0	0.0	dns
19	2190	0	0	0.0	1.1176470588235294	0.0	128.8235294117647	20	1832	0	0	0.0	1.25	0.0	114.5	dns
3	238	0	0	0.0	0.1875	0.0	14.875	2	140	0	0	0.0	0.125	0.0	8.75	dns
3	238	0	0	0.0	0.1875	0.0	14.875	2	140	0	0	0.0	0.125	0.0	8.75	dns
30	2304	0	0	0.0	1.875	0.0	144.0	0	0	0	0	0.0	0.0	0.0	0.0	dns
19	2190	0	0	0.0	1.1176470588235294	0.0	128.8235294117647	20	1832	0	0	0.0	1.1764705882352942	0.0	107.76470588235294	dns
3	238	0	0	0.0	0.1875	0.0	14.875	2	140	0	0	0.0	0.125	0.0	8.75	dns
3	238	0	0	0.0	0.1875	0.0	14.875	2	140	0	0	0.0	0.125	0.0	8.75	dns
30	2304	0	0	0.0	1.875	0.0	144.0	0	0	0	0	0.0	0.0	0.0	0.0	dns
19	2190	0	0	0.0	1.1176470588235294	0.0	128.8235294117647	20	1832	0	0	0.0	1.1764705882352942	0.0	107.76470588235294	dns
3	238	0	0	0.0	0.17647058823529413	0.0	14.0	2	140	0	0	0.0	0.125	0.0	8.75	dns
3	238	0	0	0.0	0.1875	0.0	14.875	2	140	0	0	0.0	0.125	0.0	8.75	dns
30	2304	0	0	0.0	1.875	0.0	144.0	0	0	0	0	0.0	0.0	0.0	0.0	dns
19	2190	0	0	0.0	1.1176470588235294	0.0	128.8235294117647	20	1832	0	0	0.0	1.1764705882352942	0.0	107.76470588235294	dns
3	238	0	0	0.0	0.17647058823529413	0.0	14.0	2	140	0	0	0.0	0.11764705882352941	0.0	8.235294117647058	dns
3	238	0	0	0.0	0.1875	0.0	14.875	2	140	0	0	0.0	0.125	0.0	8.75	dns
30	2304	0	0	0.0	1.875	0.0	144.0	0	0	0	0	0.0	0.0	0.0	0.0	dns
19	2190	0	0	0.0	1.1176470588235294	0.0	128.8235294117647	20	1832	0	0	0.0	1.1764705882352942	0.0	107.76470588235294	dns
3	238	0	0	0.0	0.17647058823529413	0.0	14.0	2	140	0	0	0.0	0.11764705882352941	0.0	8.235294117647058	dns
3	238	0	0	0.0	0.17647058823529413	0.0	14.0	2	140	0	0	0.0	0.125	0.0	8.75	dns
30	2304	0	0	0.0	1.875	0.0	144.0	0	0	0	0	0.0	0.0	0.0	0.0	dns
19	2190	0	0	0.0	1.1176470588235294	0.0	128.8235294117647	20	1832	0	0	0.0	1.1764705882352942	0.0	107.76470588235294	dns
3	238	0	0	0.0	0.17647058823529413	0.0	14.0	2	140	0	0	0.0	0.11764705882352941	0.0	8.235294117647058	dns
3	238	0	0	0.0	0.17647058823529413	0.0	14.0	2	140	0	0	0.0	0.11764705882352941	0.0	8.235294117647058	dns
30	2304	0	0	0.0	1.875	0.0	144.0	0	0	0	0	0.0	0.0	0.0	0.0	dns
19	2190	0	0	0.0	1.1176470588235294	0.0	128.8235294117647	20	1832	0	0	0.0	1.1764705882352942	0.0	107.76470588235294	dns
3	238	0	0	0.0	0.17647058823529413	0.0	14.0	2	140	0	0	0.0	0.11764705882352941	0.0	8.235294117647058	dns
3	238	0	0	0.0	0.17647058823529413	0.0	14.0	2	140	0	0	0.0	0.11764705882352941	0.0	8.235294117647058	dns
30	2304	0	0	0.0	1.7647058823529411	0.0	135.52941176470588	0	0	0	0	0.0	0.0	0.0	0.0	dns
19	2190	0	0	0.0	1.0555555555555556	0.0	121.66666666666667	20	1832	0	0	0.0	1.1764705882352942	0.0	107.76470588235294	dns
3	238	0	0	0.0	0.17647058823529413	0.0	14.0	2	140	0	0	0.0	0.11764705882352941	0.0	8.235294117647058	dns
3	238	0	0	0.0	0.17647058823529413	0.0	14.0	2	140	0	0	0.0	0.11764705882352941	0.0	8.235294117647058	dns
30	2304	0	0	0.0	1.7647058823529411	0.0	135.52941176470588	0	0	0	0	0.0	0.0	0.0	0.0	dns
19	2190	0	0	0.0	1.0555555555555556	0.0	121.66666666666667	20	1832	0	0	0.0	1.1111111111111112	0.0	101.77777777777777	dns
3	238	0	0	0.0	0.17647058823529413	0.0	14.0	2	140	0	0	0.0	0.11764705882352941	0.0	8.235294117647058	dns
3	238	0	0	0.0	0.17647058823529413	0.0	14.0	2	140	0	0	0.0	0.11764705882352941	0.0	8.235294117647058	dns
30	2304	0	0	0.0	1.7647058823529411	0.0	135.52941176470588	0	0	0	0	0.0	0.0	0.0	0.0	dns
19	2190	0	0	0.0	1.0555555555555556	0.0	121.66666666666667	20	1832	0	0	0.0	1.1111111111111112	0.0	101.77777777777777	dns
3	238	0	0	0.0	0.16666666666666666	0.0	13.222222222222221	2	140	0	0	0.0	0.11764705882352941	0.0	8.235294117647058	dns
3	238	0	0	0.0	0.17647058823529413	0.0	14.0	2	140	0	0	0.0	0.11764705882352941	0.0	8.235294117647058	dns
30	2304	0	0	0.0	1.7647058823529411	0.0	135.52941176470588	0	0	0	0	0.0	0.0	0.0	0.0	dns
19	2190	0	0	0.0	1.0555555555555556	0.0	121.66666666666667	20	1832	0	0	0.0	1.1111111111111112	0.0	101.77777777777777	dns
3	238	0	0	0.0	0.16666666666666666	0.0	13.222222222222221	2	140	0	0	0.0	0.1111111111111111	0.0	7.777777777777778	dns
3	238	0	0	0.0	0.17647058823529413	0.0	14.0	2	140	0	0	0.0	0.11764705882352941	0.0	8.235294117647058	dns
30	2304	0	0	0.0	1.7647058823529411	0.0	135.52941176470588	0	0	0	0	0.0	0.0	0.0	0.0	dns
19	2190	0	0	0.0	1.0555555555555556	0.0	121.66666666666667	20	1832	0	0	0.0	1.1111111111111112	0.0	101.77777777777777	dns
3	238	0	0	0.0	0.16666666666666666	0.0	13.222222222222221	2	140	0	0	0.0	0.1111111111111111	0.0	7.777777777777778	dns
3	238	0	0	0.0	0.16666666666666666	0.0	13.222222222222221	2	140	0	0	0.0	0.11764705882352941	0.0	8.235294117647058	dns
30	2304	0	0	0.0	1.7647058823529411	0.0	135.52941176470588	0	0	0	0	0.0	0.0	0.0	0.0	dns
19	2190	0	0	0.0	1.0555555555555556	0.0	121.66666666666667	20	1832	0	0	0.0	1.1111111111111112	0.0	101.77777777777777	dns
3	238	0	0	0.0	0.16666666666666666	0.0	13.222222222222221	2	140	0	0	0.0	0.1111111111111111	0.0	7.777777777777778	dns
3	238	0	0	0.0	0.16666666666666666	0.0	13.222222222222221	2	140	0	0	0.0	0.1111111111111111	0.0	7.777777777777778	dns
30	2304	0	0	0.0	1.7647058823529411	0.0	135.52941176470588	0	0	0	0	0.0	0.0	0.0	0.0	dns
19	2190	0	0	0.0	1.0555555555555556	0.0	121.66666666666667	20	1832	0	0	0.0	1.1111111111111112	0.0	101.77777777777777	dns
3	238	0	0	0.0	0.16666666666666666	0.0	13.222222222222221	2	140	0	0	0.0	0.1111111111111111	0.0	7.777777777777778	dns
3	238	0	0	0.0	0.16666666666666666	0.0	13.222222222222221	2	140	0	0	0.0	0.1111111111111111	0.0	7.777777777777778	dns
30	2304	0	0	0.0	1.6666666666666667	0.0	128.0	0	0	0	0	0.0	0.0	0.0	0.0	dns
19	2190	0	0	0.0	1.0	0.0	115.26315789473684	20	1832	0	0	0.0	1.1111111111111112	0.0	101.77777777777777	dns
3	238	0	0	0.0	0.16666666666666666	0.0	13.222222222222221	2	140	0	0	0.0	0.1111111111111111	0.0	7.777777777777778	dns
3	238	0	0	0.0	0.16666666666666666	0.0	13.222222222222221	2	140	0	0	0.0	0.1111111111111111	0.0	7.777777777777778	dns
30	2304	0	0	0.0	1.6666666666666667	0.0	128.0	0	0	0	0	0.0	0.0	0.0	0.0	dns
19	2190	0	0	0.0	1.0	0.0	115.26315789473684	20	1832	0	0	0.0	1.0526315789473684	0.0	96.42105263157895	dns
3	238	0	0	0.0	0.16666666666666666	0.0	13.222222222222221	2	140	0	0	0.0	0.1111111111111111	0.0	7.777777777777778	dns
3	238	0	0	0.0	0.16666666666666666	0.0	13.222222222222221	2	140	0	0	0.0	0.1111111111111111	0.0	7.777777777777778	dns
30	2304	0	0	0.0	1.6666666666666667	0.0	128.0	0	0	0	0	0.0	0.0	0.0	0.0	dns
19	2190	0	0	0.0	1.0	0.0	115.26315789473684	20	1832	0	0	0.0	1.0526315789473684	0.0	96.42105263157895	dns
3	238	0	0	0.0	0.15789473684210525	0.0	12.526315789473685	2	140	0	0	0.0	0.1111111111111111	0.0	7.777777777777778	dns
3	238	0	0	0.0	0.16666666666666666	0.0	13.222222222222221	2	140	0	0	0.0	0.1111111111111111	0.0	7.777777777777778	dns
30	2304	0	0	0.0	1.6666666666666667	0.0	128.0	0	0	0	0	0.0	0.0	0.0	0.0	dns
19	2190	0	0	0.0	1.0	0.0	115.26315789473684	20	1832	0	0	0.0	1.0526315789473684	0.0	96.42105263157895	dns
3	238	0	0	0.0	0.15789473684210525	0.0	12.526315789473685	2	140	0	0	0.0	0.10526315789473684	0.0	7.368421052631579	dns
3	238	0	0	0.0	0.16666666666666666	0.0	13.222222222222221	2	140	0	0	0.0	0.1111111111111111	0.0	7.777777777777778	dns
30	2304	0	0	0.0	1.6666666666666667	0.0	128.0	0	0	0	0	0.0	0.0	0.0	0.0	dns
19	2190	0	0	0.0	1.0	0.0	115.26315789473684	20	1832	0	0	0.0	1.0526315789473684	0.0	96.42105263157895	dns
3	238	0	0	0.0	0.15789473684210525	0.0	12.526315789473685	2	140	0	0	0.0	0.10526315789473684	0.0	7.368421052631579	dns
3	238	0	0	0.0	0.15789473684210525	0.0	12.526315789473685	2	140	0	0	0.0	0.1111111111111111	0.0	7.777777777777778	dns
30	2304	0	0	0.0	1.6666666666666667	0.0	128.0	0	0	0	0	0.0	0.0	0.0	0.0	dns
19	2190	0	0	0.0	1.0	0.0	115.26315789473684	20	1832	0	0	0.0	1.0526315789473684	0.0	96.42105263157895	dns
3	238	0	0	0.0	0.15789473684210525	0.0	12.526315789473685	2	140	0	0	0.0	0.10526315789473684	0.0	7.368421052631579	dns
3	238	0	0	0.0	0.15789473684210525	0.0	12.526315789473685	2	140	0	0	0.0	0.10526315789473684	0.0	7.368421052631579	dns
30	2304	0	0	0.0	1.6666666666666667	0.0	128.0	0	0	0	0	0.0	0.0	0.0	0.0	dns
19	2190	0	0	0.0	1.0	0.0	115.26315789473684	20	1832	0	0	0.0	1.0526315789473684	0.0	96.42105263157895	dns
3	238	0	0	0.0	0.15789473684210525	0.0	12.526315789473685	2	140	0	0	0.0	0.10526315789473684	0.0	7.368421052631579	dns
3	238	0	0	0.0	0.15789473684210525	0.0	12.526315789473685	2	140	0	0	0.0	0.10526315789473684	0.0	7.368421052631579	dns
30	2304	0	0	0.0	1.5789473684210527	0.0	121.26315789473684	0	0	0	0	0.0	0.0	0.0	0.0	dns
19	2190	0	0	0.0	0.95	0.0	109.5	20	1832	0	0	0.0	1.0526315789473684	0.0	96.42105263157895	dns
3	238	0	0	0.0	0.15789473684210525	0.0	12.526315789473685	2	140	0	0	0.0	0.10526315789473684	0.0	7.368421052631579	dns
3	238	0	0	0.0	0.15789473684210525	0.0	12.526315789473685	2	140	0	0	0.0	0.10526315789473684	0.0	7.368421052631579	dns
30	2304	0	0	0.0	1.5789473684210527	0.0	121.26315789473684	0	0	0	0	0.0	0.0	0.0	0.0	dns
19	2190	0	0	0.0	0.95	0.0	109.5	20	1832	0	0	0.0	1.0	0.0	91.6	dns
3	238	0	0	0.0	0.15789473684210525	0.0	12.526315789473685	2	140	0	0	0.0	0.10526315789473684	0.0	7.368421052631579	dns
3	238	0	0	0.0	0.15789473684210525	0.0	12.526315789473685	2	140	0	0	0.0	0.10526315789473684	0.0	7.368421052631579	dns
30	2304	0	0	0.0	1.5789473684210527	0.0	121.26315789473684	0	0	0	0	0.0	0.0	0.0	0.0	dns
19	2190	0	0	0.0	0.95	0.0	109.5	20	1832	0	0	0.0	1.0	0.0	91.6	dns
3	238	0	0	0.0	0.15	0.0	11.9	2	140	0	0	0.0	0.10526315789473684	0.0	7.368421052631579	dns
3	238	0	0	0.0	0.15789473684210525	0.0	12.526315789473685	2	140	0	0	0.0	0.10526315789473684	0.0	7.368421052631579	dns
30	2304	0	0	0.0	1.5789473684210527	0.0	121.26315789473684	0	0	0	0	0.0	0.0	0.0	0.0	dns
19	2190	0	0	0.0	0.95	0.0	109.5	20	1832	0	0	0.0	1.0	0.0	91.6	dns
3	238	0	0	0.0	0.15	0.0	11.9	2	140	0	0	0.0	0.1	0.0	7.0	dns
3	238	0	0	0.0	0.15789473684210525	0.0	12.526315789473685	2	140	0	0	0.0	0.10526315789473684	0.0	7.368421052631579	dns
30	2304	0	0	0.0	1.5789473684210527	0.0	121.26315789473684	0	0	0	0	0.0	0.0	0.0	0.0	dns
19	2190	0	0	0.0	0.95	0.0	109.5	20	1832	0	0	0.0	1.0	0.0	91.6	dns
3	238	0	0	0.0	0.15	0.0	11.9	2	140	0	0	0.0	0.1	0.0	7.0	dns
3	238	0	0	0.0	0.15	0.0	11.9	2	140	0	0	0.0	0.10526315789473684	0.0	7.368421052631579	dns
30	2304	0	0	0.0	1.5789473684210527	0.0	121.26315789473684	0	0	0	0	0.0	0.0	0.0	0.0	dns
19	2190	0	0	0.0	0.95	0.0	109.5	20	1832	0	0	0.0	1.0	0.0	91.6	dns
3	238	0	0	0.0	0.15	0.0	11.9	2	140	0	0	0.0	0.1	0.0	7.0	dns
3	238	0	0	0.0	0.15	0.0	11.9	2	140	0	0	0.0	0.1	0.0	7.0	dns
30	2304	0	0	0.0	1.5789473684210527	0.0	121.26315789473684	0	0	0	0	0.0	0.0	0.0	0.0	dns
19	2190	0	0	0.0	0.95	0.0	109.5	20	1832	0	0	0.0	1.0	0.0	91.6	dns
3	238	0	0	0.0	0.15	0.0	11.9	2	140	0	0	0.0	0.1	0.0	7.0	dns
3	238	0	0	0.0	0.15	0.0	11.9	2	140	0	0	0.0	0.1	0.0	7.0	dns
30	2304	0	0	0.0	1.5	0.0	115.2	0	0	0	0	0.0	0.0	0.0	0.0	dns
22	2556	3	366	3.0	1.0476190476190477	366.0	121.71428571428571	20	1832	0	0	0.0	1.0	0.0	91.6	dns
3	238	0	0	0.0	0.15	0.0	11.9	2	140	0	0	0.0	0.1	0.0	7.0	dns
3	238	0	0	0.0	0.15	0.0	11.9	2	140	0	0	0.0	0.1	0.0	7.0	dns
30	2304	0	0	0.0	1.5	0.0	115.2	0	0	0	0	0.0	0.0	0.0	0.0	dns
22	2556	3	366	3.0	1.0476190476190477	366.0	121.71428571428571	23	2114	3	282	3.0	1.0952380952380953	282.0	100.66666666666667	dns
3	238	0	0	0.0	0.15	0.0	11.9	2	140	0	0	0.0	0.1	0.0	7.0	dns
3	238	0	0	0.0	0.15	0.0	11.9	2	140	0	0	0.0	0.1	0.0	7.0	dns
30	2304	0	0	0.0	1.5	0.0	115.2	0	0	0	0	0.0	0.0	0.0	0.0	dns
22	2556	3	366	3.0	1.0476190476190477	366.0	121.71428571428571	23	2114	3	282	3.0	1.0952380952380953	282.0	100.66666666666667	dns
3	238	0	0	0.0	0.14285714285714285	0.0	11.333333333333334	2	140	0	0	0.0	0.1	0.0	7.0	dns
3	238	0	0	0.0	0.15	0.0	11.9	2	140	0	0	0.0	0.1	0.0	7.0	dns
30	2304	0	0	0.0	1.5	0.0	115.2	0	0	0	0	0.0	0.0	0.0	0.0	dns
22	2556	3	366	3.0	1.0476190476190477	366.0	121.71428571428571	23	2114	3	282	3.0	1.0952380952380953	282.0	100.66666666666667	dns
3	238	0	0	0.0	0.14285714285714285	0.0	11.333333333333334	2	140	0	0	0.0	0.09523809523809523	0.0	6.666666666666667	dns
3	238	0	0	0.0	0.15	0.0	11.9	2	140	0	0	0.0	0.1	0.0	7.0	dns
30	2304	0	0	0.0	1.5	0.0	115.2	0	0	0	0	0.0	0.0	0.0	0.0	dns
22	2556	3	366	3.0	1.0476190476190477	366.0	121.71428571428571	23	2114	3	282	3.0	1.0952380952380953	282.0	100.66666666666667	dns
3	238	0	0	0.0	0.14285714285714285	0.0	11.333333333333334	2	140	0	0	0.0	0.09523809523809523	0.0	6.666666666666667	dns
3	238	0	0	0.0	0.14285714285714285	0.0	11.333333333333334	2	140	0	0	0.0	0.1	0.0	7.0	dns
30	2304	0	0	0.0	1.5	0.0	115.2	0	0	0	0	0.0	0.0	0.0	0.0	dns
22	2556	3	366	3.0	1.0476190476190477	366.0	121.71428571428571	23	2114	3	282	3.0	1.0952380952380953	282.0	100.66666666666667	dns
3	238	0	0	0.0	0.14285714285714285	0.0	11.333333333333334	2	140	0	0	0.0	0.09523809523809523	0.0	6.666666666666667	dns
3	238	0	0	0.0	0.14285714285714285	0.0	11.333333333333334	2	140	0	0	0.0	0.09523809523809523	0.0	6.666666666666667	dns
30	2304	0	0	0.0	1.5	0.0	115.2	0	0	0	0	0.0	0.0	0.0	0.0	dns
22	2556	3	366	3.0	1.0476190476190477	366.0	121.71428571428571	23	2114	3	282	3.0	1.0952380952380953	282.0	100.66666666666667	dns
3	238	0	0	0.0	0.14285714285714285	0.0	11.333333333333334	2	140	0	0	0.0	0.09523809523809523	0.0	6.666666666666667	dns
3	238	0	0	0.0	0.14285714285714285	0.0	11.333333333333334	2	140	0	0	0.0	0.09523809523809523	0.0	6.666666666666667	dns
30	2304	0	0	0.0	1.4285714285714286	0.0	109.71428571428571	0	0	0	0	0.0	0.0	0.0	0.0	dns
25	2922	3	366	3.0	1.1363636363636365	366.0	132.8181818181818	23	2114	3	282	3.0	1.0952380952380953	282.0	100.66666666666667	dns
3	238	0	0	0.0	0.14285714285714285	0.0	11.333333333333334	2	140	0	0	0.0	0.09523809523809523	0.0	6.666666666666667	dns
3	238	0	0	0.0	0.14285714285714285	0.0	11.333333333333334	2	140	0	0	0.0	0.09523809523809523	0.0	6.666666666666667	dns
30	2304	0	0	0.0	1.4285714285714286	0.0	109.71428571428571	0	0	0	0	0.0	0.0	0.0	0.0	dns
25	2922	3	366	3.0	1.1363636363636365	366.0	132.8181818181818	26	2396	3	282	3.0	1.1818181818181819	282.0	108.9090909090909	dns
3	238	0	0	0.0	0.14285714285714285	0.0	11.333333333333334	2	140	0	0	0.0	0.09523809523809523	0.0	6.666666666666667	dns
3	238	0	0	0.0	0.14285714285714285	0.0	11.333333333333334	2	140	0	0	0.0	0.09523809523809523	0.0	6.666666666666667	dns
30	2304	0	0	0.0	1.4285714285714286	0.0	109.71428571428571	0	0	0	0	0.0	0.0	0.0	0.0	dns
25	2922	3	366	3.0	1.1363636363636365	366.0	132.8181818181818	26	2396	3	282	3.0	1.1818181818181819	282.0	108.9090909090909	dns
3	238	0	0	0.0	0.13636363636363635	0.0	10.818181818181818	2	140	0	0	0.0	0.09523809523809523	0.0	6.666666666666667	dns
3	238	0	0	0.0	0.14285714285714285	0.0	11.333333333333334	2	140	0	0	0.0	0.09523809523809523	0.0	6.666666666666667	dns
30	2304	0	0	0.0	1.4285714285714286	0.0	109.71428571428571	0	0	0	0	0.0	0.0	0.0	0.0	dns
25	2922	3	366	3.0	1.1363636363636365	366.0	132.8181818181818	26	2396	3	282	3.0	1.1818181818181819	282.0	108.9090909090909	dns
3	238	0	0	0.0	0.13636363636363635	0.0	10.818181818181818	2	140	0	0	0.0	0.09090909090909091	0.0	6.363636363636363	dns
3	238	0	0	0.0	0.14285714285714285	0.0	11.333333333333334	2	140	0	0	0.0	0.09523809523809523	0.0	6.666666666666667	dns
30	2304	0	0	0.0	1.4285714285714286	0.0	109.71428571428571	0	0	0	0	0.0	0.0	0.0	0.0	dns
25	2922	3	366	3.0	1.1363636363636365	366.0	132.8181818181818	26	2396	3	282	3.0	1.1818181818181819	282.0	108.9090909090909	dns
3	238	0	0	0.0	0.13636363636363635	0.0	10.818181818181818	2	140	0	0	0.0	0.09090909090909091	0.0	6.363636363636363	dns
3	238	0	0	0.0	0.13636363636363635	0.0	10.818181818181818	2	140	0	0	0.0	0.09523809523809523	0.0	6.666666666666667	dns
30	2304	0	0	0.0	1.4285714285714286	0.0	109.71428571428571	0	0	0	0	0.0	0.0	0.0	0.0	dns
25	2922	3	366	3.0	1.1363636363636365	366.0	132.8181818181818	26	2396	3	282	3.0	1.1818181818181819	282.0	108.9090909090909	dns
3	238	0	0	0.0	0.13636363636363635	0.0	10.818181818181818	2	140	0	0	0.0	0.09090909090909091	0.0	6.363636363636363	dns
3	238	0	0	0.0	0.13636363636363635	0.0	10.818181818181818	2	140	0	0	0.0	0.09090909090909091	0.0	6.363636363636363	dns
30	2304	0	0	0.0	1.4285714285714286	0.0	109.71428571428571	0	0	0	0	0.0	0.0	0.0	0.0	dns
25	2922	3	366	3.0	1.1363636363636365	366.0	132.8181818181818	26	2396	3	282	3.0	1.1818181818181819	282.0	108.9090909090909	dns
3	238	0	0	0.0	0.13636363636363635	0.0	10.818181818181818	2	140	0	0	0.0	0.09090909090909091	0.0	6.363636363636363	dns
3	238	0	0	0.0	0.13636363636363635	0.0	10.818181818181818	2	140	0	0	0.0	0.09090909090909091	0.0	6.363636363636363	dns
30	2304	0	0	0.0	1.3636363636363635	0.0	104.72727272727273	0	0	0	0	0.0	0.0	0.0	0.0	dns
27	3166	2	244	2.0	1.173913043478261	244.0	137.65217391304347	26	2396	3	282	3.0	1.1818181818181819	282.0	108.9090909090909	dns
3	238	0	0	0.0	0.13636363636363635	0.0	10.818181818181818	2	140	0	0	0.0	0.09090909090909091	0.0	6.363636363636363	dns
3	238	0	0	0.0	0.13636363636363635	0.0	10.818181818181818	2	140	0	0	0.0	0.09090909090909091	0.0	6.363636363636363	dns
30	2304	0	0	0.0	1.3636363636363635	0.0	104.72727272727273	0	0	0	0	0.0	0.0	0.0	0.0	dns
27	3166	2	244	2.0	1.173913043478261	244.0	137.65217391304347	29	2678	3	282	3.0	1.2608695652173914	282.0	116.43478260869566	dns
3	238	0	0	0.0	0.13636363636363635	0.0	10.818181818181818	2	140	0	0	0.0	0.09090909090909091	0.0	6.363636363636363	dns
3	238	0	0	0.0	0.13636363636363635	0.0	10.818181818181818	2	140	0	0	0.0	0.09090909090909091	0.0	6.363636363636363	dns
30	2304	0	0	0.0	1.3636363636363635	0.0	104.72727272727273	0	0	0	0	0.0	0.0	0.0	0.0	dns
27	3166	2	244	2.0	1.173913043478261	244.0	137.65217391304347	29	2678	3	282	3.0	1.2608695652173914	282.0	116.43478260869566	dns
3	238	0	0	0.0	0.13043478260869565	0.0	10.347826086956522	2	140	0	0	0.0	0.09090909090909091	0.0	6.363636363636363	dns
3	238	0	0	0.0	0.13636363636363635	0.0	10.818181818181818	2	140	0	0	0.0	0.09090909090909091	0.0	6.363636363636363	dns
30	2304	0	0	0.0	1.3636363636363635	0.0	104.72727272727273	0	0	0	0	0.0	0.0	0.0	0.0	dns
27	3166	2	244	2.0	1.173913043478261	244.0	137.65217391304347	29	2678	3	282	3.0	1.2608695652173914	282.0	116.43478260869566	dns
3	238	0	0	0.0	0.13043478260869565	0.0	10.347826086956522	2	140	0	0	0.0	0.08695652173913043	0.0	6.086956521739131	dns
3	238	0	0	0.0	0.13636363636363635	0.0	10.818181818181818	2	140	0	0	0.0	0.09090909090909091	0.0	6.363636363636363	dns
30	2304	0	0	0.0	1.3636363636363635	0.0	104.72727272727273	0	0	0	0	0.0	0.0	0.0	0.0	dns
27	3166	2	244	2.0	1.173913043478261	244.0	137.65217391304347	29	2678	3	282	3.0	1.2608695652173914	282.0	116.43478260869566	dns
3	238	0	0	0.0	0.13043478260869565	0.0	10.347826086956522	2	140	0	0	0.0	0.08695652173913043	0.0	6.086956521739131	dns
3	238	0	0	0.0	0.13043478260869565	0.0	10.347826086956522	2	140	0	0	0.0	0.09090909090909091	0.0	6.363636363636363	dns
30	2304	0	0	0.0	1.3636363636363635	0.0	104.72727272727273	0	0	0	0	0.0	0.0	0.0	0.0	dns
27	3166	2	244	2.0	1.173913043478261	244.0	137.65217391304347	29	2678	3	282	3.0	1.2608695652173914	282.0	116.43478260869566	dns
3	238	0	0	0.0	0.13043478260869565	0.0	10.347826086956522	2	140	0	0	0.0	0.08695652173913043	0.0	6.086956521739131	dns
3	238	0	0	0.0	0.13043478260869565	0.0	10.347826086956522	2	140	0	0	0.0	0.08695652173913043	0.0	6.086956521739131	dns
30	2304	0	0	0.0	1.3636363636363635	0.0	104.72727272727273	0	0	0	0	0.0	0.0	0.0	0.0	dns
27	3166	2	244	2.0	1.173913043478261	244.0	137.65217391304347	29	2678	3	282	3.0	1.2608695652173914	282.0	116.43478260869566	dns
3	238	0	0	0.0	0.13043478260869565	0.0	10.347826086956522	2	140	0	0	0.0	0.08695652173913043	0.0	6.086956521739131	dns
3	238	0	0	0.0	0.13043478260869565	0.0	10.347826086956522	2	140	0	0	0.0	0.08695652173913043	0.0	6.086956521739131	dns
30	2304	0	0	0.0	1.3043478260869565	0.0	100.17391304347827	0	0	0	0	0.0	0.0	0.0	0.0	dns
27	3166	0	0	0.0	1.125	0.0	131.91666666666666	29	2678	3	282	3.0	1.2608695652173914	282.0	116.43478260869566	dns
3	238	0	0	0.0	0.13043478260869565	0.0	10.347826086956522	2	140	0	0	0.0	0.08695652173913043	0.0	6.086956521739131	dns
3	238	0	0	0.0	0.13043478260869565	0.0	10.347826086956522	2	140	0	0	0.0	0.08695652173913043	0.0	6.086956521739131	dns
30	2304	0	0	0.0	1.3043478260869565	0.0	100.17391304347827	0	0	0	0	0.0	0.0	0.0	0.0	dns
27	3166	0	0	0.0	1.125	0.0	131.91666666666666	29	2678	0	0	0.0	1.2083333333333333	0.0	111.58333333333333	dns
3	238	0	0	0.0	0.13043478260869565	0.0	10.347826086956522	2	140	0	0	0.0	0.08695652173913043	0.0	6.086956521739131	dns
3	238	0	0	0.0	0.13043478260869565	0.0	10.347826086956522	2	140	0	0	0.0	0.08695652173913043	0.0	6.086956521739131	dns
30	2304	0	0	0.0	1.3043478260869565	0.0	100.17391304347827	0	0	0	0	0.0	0.0	0.0	0.0	dns
27	3166	0	0	0.0	1.125	0.0	131.91666666666666	29	2678	0	0	0.0	1.2083333333333333	0.0	111.58333333333333	dns
3	238	0	0	0.0	0.125	0.0	9.916666666666666	2	140	0	0	0.0	0.08695652173913043	0.0	6.086956521739131	dns
3	238	0	0	0.0	0.13043478260869565	0.0	10.347826086956522	2	140	0	0	0.0	0.08695652173913043	0.0	6.086956521739131	dns
30	2304	0	0	0.0	1.3043478260869565	0.0	100.17391304347827	0	0	0	0	0.0	0.0	0.0	0.0	dns
27	3166	0	0	0.0	1.125	0.0	131.91666666666666	29	2678	0	0	0.0	1.2083333333333333	0.0	111.58333333333333	dns
3	238	0	0	0.0	0.125	0.0	9.916666666666666	2	140	0	0	0.0	0.08333333333333333	0.0	5.833333333333333	dns
3	238	0	0	0.0	0.13043478260869565	0.0	10.347826086956522	2	140	0	0	0.0	0.08695652173913043	0.0	6.086956521739131	dns
30	2304	0	0	0.0	1.3043478260869565	0.0	100.17391304347827	0	0	0	0	0.0	0.0	0.0	0.0	dns
27	3166	0	0	0.0	1.125	0.0	131.91666666666666	29	2678	0	0	0.0	1.2083333333333333	0.0	111.58333333333333	dns
3	238	0	0	0.0	0.125	0.0	9.916666666666666	2	140	0	0	0.0	0.08333333333333333	0.0	5.833333333333333	dns
3	238	0	0	0.0	0.125	0.0	9.916666666666666	2	140	0	0	0.0	0.08695652173913043	0.0	6.086956521739131	dns
30	2304	0	0	0.0	1.3043478260869565	0.0	100.17391304347827	0	0	0	0	0.0	0.0	0.0	0.0	dns
27	3166	0	0	0.0	1.125	0.0	131.91666666666666	29	2678	0	0	0.0	1.2083333333333333	0.0	111.58333333333333	dns
3	238	0	0	0.0	0.125	0.0	9.916666666666666	2	140	0	0	0.0	0.08333333333333333	0.0	5.833333333333333	dns
3	238	0	0	0.0	0.125	0.0	9.916666666666666	2	140	0	0	0.0	0.08333333333333333	0.0	5.833333333333333	dns
30	2304	0	0	0.0	1.3043478260869565	0.0	100.17391304347827	0	0	0	0	0.0	0.0	0.0	0.0	dns
27	3166	0	0	0.0	1.125	0.0	131.91666666666666	29	2678	0	0	0.0	1.2083333333333333	0.0	111.58333333333333	dns
3	238	0	0	0.0	0.125	0.0	9.916666666666666	2	140	0	0	0.0	0.08333333333333333	0.0	5.833333333333333	dns
3	238	0	0	0.0	0.125	0.0	9.916666666666666	2	140	0	0	0.0	0.08333333333333333	0.0	5.833333333333333	dns
30	2304	0	0	0.0	1.25	0.0	96.0	0	0	0	0	0.0	0.0	0.0	0.0	dns
27	3166	0	0	0.0	1.08	0.0	126.64	29	2678	0	0	0.0	1.2083333333333333	0.0	111.58333333333333	dns
3	238	0	0	0.0	0.125	0.0	9.916666666666666	2	140	0	0	0.0	0.08333333333333333	0.0	5.833333333333333	dns
3	238	0	0	0.0	0.125	0.0	9.916666666666666	2	140	0	0	0.0	0.08333333333333333	0.0	5.833333333333333	dns
30	2304	0	0	0.0	1.25	0.0	96.0	0	0	0	0	0.0	0.0	0.0	0.0	dns
27	3166	0	0	0.0	1.08	0.0	126.64	29	2678	0	0	0.0	1.16	0.0	107.12	dns
3	238	0	0	0.0	0.125	0.0	9.916666666666666	2	140	0	0	0.0	0.08333333333333333	0.0	5.833333333333333	dns
3	238	0	0	0.0	0.125	0.0	9.916666666666666	2	140	0	0	0.0	0.08333333333333333	0.0	5.833333333333333	dns
30	2304	0	0	0.0	1.25	0.0	96.0	0	0	0	0	0.0	0.0	0.0	0.0	dns
27	3166	0	0	0.0	1.08	0.0	126.64	29	2678	0	0	0.0	1.16	0.0	107.12	dns
3	238	0	0	0.0	0.12	0.0	9.52	2	140	0	0	0.0	0.08333333333333333	0.0	5.833333333333333	dns
3	238	0	0	0.0	0.125	0.0	9.916666666666666	2	140	0	0	0.0	0.08333333333333333	0.0	5.833333333333333	dns
30	2304	0	0	0.0	1.25	0.0	96.0	0	0	0	0	0.0	0.0	0.0	0.0	dns
27	3166	0	0	0.0	1.08	0.0	126.64	29	2678	0	0	0.0	1.16	0.0	107.12	dns
3	238	0	0	0.0	0.12	0.0	9.52	2	140	0	0	0.0	0.08	0.0	5.6	dns
3	238	0	0	0.0	0.125	0.0	9.916666666666666	2	140	0	0	0.0	0.08333333333333333	0.0	5.833333333333333	dns
30	2304	0	0	0.0	1.25	0.0	96.0	0	0	0	0	0.0	0.0	0.0	0.0	dns
27	3166	0	0	0.0	1.08	0.0	126.64	29	2678	0	0	0.0	1.16	0.0	107.12	dns
3	238	0	0	0.0	0.12	0.0	9.52	2	140	0	0	0.0	0.08	0.0	5.6	dns
3	238	0	0	0.0	0.12	0.0	9.52	2	140	0	0	0.0	0.08333333333333333	0.0	5.833333333333333	dns
30	2304	0	0	0.0	1.25	0.0	96.0	0	0	0	0	0.0	0.0	0.0	0.0	dns
27	3166	0	0	0.0	1.08	0.0	126.64	29	2678	0	0	0.0	1.16	0.0	107.12	dns
3	238	0	0	0.0	0.12	0.0	9.52	2	140	0	0	0.0	0.08	0.0	5.6	dns
3	238	0	0	0.0	0.12	0.0	9.52	2	140	0	0	0.0	0.08	0.0	5.6	dns
30	2304	0	0	0.0	1.25	0.0	96.0	0	0	0	0	0.0	0.0	0.0	0.0	dns
27	3166	0	0	0.0	1.08	0.0	126.64	29	2678	0	0	0.0	1.16	0.0	107.12	dns
3	238	0	0	0.0	0.12	0.0	9.52	2	140	0	0	0.0	0.08	0.0	5.6	dns
3	238	0	0	0.0	0.12	0.0	9.52	2	140	0	0	0.0	0.08	0.0	5.6	dns
30	2304	0	0	0.0	1.2	0.0	92.16	0	0	0	0	0.0	0.0	0.0	0.0	dns
27	3166	0	0	0.0	1.0384615384615385	0.0	121.76923076923077	29	2678	0	0	0.0	1.16	0.0	107.12	dns
3	238	0	0	0.0	0.12	0.0	9.52	2	140	0	0	0.0	0.08	0.0	5.6	dns
3	238	0	0	0.0	0.12	0.0	9.52	2	140	0	0	0.0	0.08	0.0	5.6	dns
30	2304	0	0	0.0	1.2	0.0	92.16	0	0	0	0	0.0	0.0	0.0	0.0	dns
27	3166	0	0	0.0	1.0384615384615385	0.0	121.76923076923077	29	2678	0	0	0.0	1.1153846153846154	0.0	103.0	dns
3	238	0	0	0.0	0.12	0.0	9.52	2	140	0	0	0.0	0.08	0.0	5.6	dns
3	238	0	0	0.0	0.12	0.0	9.52	2	140	0	0	0.0	0.08	0.0	5.6	dns
30	2304	0	0	0.0	1.2	0.0	92.16	0	0	0	0	0.0	0.0	0.0	0.0	dns
27	3166	0	0	0.0	1.0384615384615385	0.0	121.76923076923077	29	2678	0	0	0.0	1.1153846153846154	0.0	103.0	dns
3	238	0	0	0.0	0.11538461538461539	0.0	9.153846153846153	2	140	0	0	0.0	0.08	0.0	5.6	dns
3	238	0	0	0.0	0.12	0.0	9.52	2	140	0	0	0.0	0.08	0.0	5.6	dns
30	2304	0	0	0.0	1.2	0.0	92.16	0	0	0	0	0.0	0.0	0.0	0.0	dns
27	3166	0	0	0.0	1.0384615384615385	0.0	121.76923076923077	29	2678	0	0	0.0	1.1153846153846154	0.0	103.0	dns
3	238	0	0	0.0	0.11538461538461539	0.0	9.153846153846153	2	140	0	0	0.0	0.07692307692307693	0.0	5.384615384615385	dns
3	238	0	0	0.0	0.12	0.0	9.52	2	140	0	0	0.0	0.08	0.0	5.6	dns
30	2304	0	0	0.0	1.2	0.0	92.16	0	0	0	0	0.0	0.0	0.0	0.0	dns
27	3166	0	0	0.0	1.0384615384615385	0.0	121.76923076923077	29	2678	0	0	0.0	1.1153846153846154	0.0	103.0	dns
3	238	0	0	0.0	0.11538461538461539	0.0	9.153846153846153	2	140	0	0	0.0	0.07692307692307693	0.0	5.384615384615385	dns
3	238	0	0	0.0	0.11538461538461539	0.0	9.153846153846153	2	140	0	0	0.0	0.08	0.0	5.6	dns
30	2304	0	0	0.0	1.2	0.0	92.16	0	0	0	0	0.0	0.0	0.0	0.0	dns
27	3166	0	0	0.0	1.0384615384615385	0.0	121.76923076923077	29	2678	0	0	0.0	1.1153846153846154	0.0	103.0	dns
3	238	0	0	0.0	0.11538461538461539	0.0	9.153846153846153	2	140	0	0	0.0	0.07692307692307693	0.0	5.384615384615385	dns
3	238	0	0	0.0	0.11538461538461539	0.0	9.153846153846153	2	140	0	0	0.0	0.07692307692307693	0.0	5.384615384615385	dns
30	2304	0	0	0.0	1.2	0.0	92.16	0	0	0	0	0.0	0.0	0.0	0.0	dns
27	3166	0	0	0.0	1.0384615384615385	0.0	121.76923076923077	29	2678	0	0	0.0	1.1153846153846154	0.0	103.0	dns
3	238	0	0	0.0	0.11538461538461539	0.0	9.153846153846153	2	140	0	0	0.0	0.07692307692307693	0.0	5.384615384615385	dns
3	238	0	0	0.0	0.11538461538461539	0.0	9.153846153846153	2	140	0	0	0.0	0.07692307692307693	0.0	5.384615384615385	dns
30	2304	0	0	0.0	1.1538461538461537	0.0	88.61538461538461	0	0	0	0	0.0	0.0	0.0	0.0	dns
27	3166	0	0	0.0	1.0	0.0	117.25925925925925	29	2678	0	0	0.0	1.1153846153846154	0.0	103.0	dns
3	238	0	0	0.0	0.11538461538461539	0.0	9.153846153846153	2	140	0	0	0.0	0.07692307692307693	0.0	5.384615384615385	dns
3	238	0	0	0.0	0.11538461538461539	0.0	9.153846153846153	2	140	0	0	0.0	0.07692307692307693	0.0	5.384615384615385	dns
30	2304	0	0	0.0	1.1538461538461537	0.0	88.61538461538461	0	0	0	0	0.0	0.0	0.0	0.0	dns
27	3166	0	0	0.0	1.0	0.0	117.25925925925925	29	2678	0	0	0.0	1.0740740740740742	0.0	99.18518518518519	dns
3	238	0	0	0.0	0.11538461538461539	0.0	9.153846153846153	2	140	0	0	0.0	0.07692307692307693	0.0	5.384615384615385	dns
3	238	0	0	0.0	0.11538461538461539	0.0	9.153846153846153	2	140	0	0	0.0	0.07692307692307693	0.0	5.384615384615385	dns
30	2304	0	0	0.0	1.1538461538461537	0.0	88.61538461538461	0	0	0	0	0.0	0.0	0.0	0.0	dns
27	3166	0	0	0.0	1.0	0.0	117.25925925925925	29	2678	0	0	0.0	1.0740740740740742	0.0	99.18518518518519	dns
3	238	0	0	0.0	0.1111111111111111	0.0	8.814814814814815	2	140	0	0	0.0	0.07692307692307693	0.0	5.384615384615385	dns
3	238	0	0	0.0	0.11538461538461539	0.0	9.153846153846153	2	140	0	0	0.0	0.07692307692307693	0.0	5.384615384615385	dns
30	2304	0	0	0.0	1.1538461538461537	0.0	88.61538461538461	0	0	0	0	0.0	0.0	0.0	0.0	dns
27	3166	0	0	0.0	1.0	0.0	117.25925925925925	29	2678	0	0	0.0	1.0740740740740742	0.0	99.18518518518519	dns
3	238	0	0	0.0	0.1111111111111111	0.0	8.814814814814815	2	140	0	0	0.0	0.07407407407407407	0.0	5.185185185185185	dns
3	238	0	0	0.0	0.11538461538461539	0.0	9.153846153846153	2	140	0	0	0.0	0.07692307692307693	0.0	5.384615384615385	dns
30	2304	0	0	0.0	1.1538461538461537	0.0	88.61538461538461	0	0	0	0	0.0	0.0	0.0	0.0	dns
27	3166	0	0	0.0	1.0	0.0	117.25925925925925	29	2678	0	0	0.0	1.0740740740740742	0.0	99.18518518518519	dns
3	238	0	0	0.0	0.1111111111111111	0.0	8.814814814814815	2	140	0	0	0.0	0.07407407407407407	0.0	5.185185185185185	dns
3	238	0	0	0.0	0.1111111111111111	0.0	8.814814814814815	2	140	0	0	0.0	0.07692307692307693	0.0	5.384615384615385	dns
30	2304	0	0	0.0	1.1538461538461537	0.0	88.61538461538461	0	0	0	0	0.0	0.0	0.0	0.0	dns
27	3166	0	0	0.0	1.0	0.0	117.25925925925925	29	2678	0	0	0.0	1.0740740740740742	0.0	99.18518518518519	dns
3	238	0	0	0.0	0.1111111111111111	0.0	8.814814814814815	2	140	0	0	0.0	0.07407407407407407	0.0	5.185185185185185	dns
3	238	0	0	0.0	0.1111111111111111	0.0	8.814814814814815	2	140	0	0	0.0	0.07407407407407407	0.0	5.185185185185185	dns
30	2304	0	0	0.0	1.1538461538461537	0.0	88.61538461538461	0	0	0	0	0.0	0.0	0.0	0.0	dns
27	3166	0	0	0.0	1.0	0.0	117.25925925925925	29	2678	0	0	0.0	1.0740740740740742	0.0	99.18518518518519	dns
3	238	0	0	0.0	0.1111111111111111	0.0	8.814814814814815	2	140	0	0	0.0	0.07407407407407407	0.0	5.185185185185185	dns
3	238	0	0	0.0	0.1111111111111111	0.0	8.814814814814815	2	140	0	0	0.0	0.07407407407407407	0.0	5.185185185185185	dns
30	2304	0	0	0.0	1.1111111111111112	0.0	85.33333333333333	0	0	0	0	0.0	0.0	0.0	0.0	dns
27	3166	0	0	0.0	0.9642857142857143	0.0	113.07142857142857	29	2678	0	0	0.0	1.0740740740740742	0.0	99.18518518518519	dns
3	238	0	0	0.0	0.1111111111111111	0.0	8.814814814814815	2	140	0	0	0.0	0.07407407407407407	0.0	5.185185185185185	dns
3	238	0	0	0.0	0.1111111111111111	0.0	8.814814814814815	2	140	0	0	0.0	0.07407407407407407	0.0	5.185185185185185	dns
30	2304	0	0	0.0	1.1111111111111112	0.0	85.33333333333333	0	0	0	0	0.0	0.0	0.0	0.0	dns
27	3166	0	0	0.0	0.9642857142857143	0.0	113.07142857142857	29	2678	0	0	0.0	1.0357142857142858	0.0	95.64285714285714	dns
3	238	0	0	0.0	0.1111111111111111	0.0	8.814814814814815	2	140	0	0	0.0	0.07407407407407407	0.0	5.185185185185185	dns
3	238	0	0	0.0	0.1111111111111111	0.0	8.814814814814815	2	140	0	0	0.0	0.07407407407407407	0.0	5.185185185185185	dns
30	2304	0	0	0.0	1.1111111111111112	0.0	85.33333333333333	0	0	0	0	0.0	0.0	0.0	0.0	dns
27	3166	0	0	0.0	0.9642857142857143	0.0	113.07142857142857	29	2678	0	0	0.0	1.0357142857142858	0.0	95.64285714285714	dns
3	238	0	0	0.0	0.10714285714285714	0.0	8.5	2	140	0	0	0.0	0.07407407407407407	0.0	5.185185185185185	dns
3	238	0	0	0.0	0.1111111111111111	0.0	8.814814814814815	2	140	0	0	0.0	0.07407407407407407	0.0	5.185185185185185	dns
30	2304	0	0	0.0	1.1111111111111112	0.0	85.33333333333333	0	0	0	0	0.0	0.0	0.0	0.0	dns
27	3166	0	0	0.0	0.9642857142857143	0.0	113.07142857142857	29	2678	0	0	0.0	1.0357142857142858	0.0	95.64285714285714	dns
3	238	0	0	0.0	0.10714285714285714	0.0	8.5	2	140	0	0	0.0	0.07142857142857142	0.0	5.0	dns
3	238	0	0	0.0	0.1111111111111111	0.0	8.814814814814815	2	140	0	0	0.0	0.07407407407407407	0.0	5.185185185185185	dns
30	2304	0	0	0.0	1.1111111111111112	0.0	85.33333333333333	0	0	0	0	0.0	0.0	0.0	0.0	dns
27	3166	0	0	0.0	0.9642857142857143	0.0	113.07142857142857	29	2678	0	0	0.0	1.0357142857142858	0.0	95.64285714285714	dns
3	238	0	0	0.0	0.10714285714285714	0.0	8.5	2	140	0	0	0.0	0.07142857142857142	0.0	5.0	dns
3	238	0	0	0.0	0.10714285714285714	0.0	8.5	2	140	0	0	0.0	0.07407407407407407	0.0	5.185185185185185	dns
30	2304	0	0	0.0	1.1111111111111112	0.0	85.33333333333333	0	0	0	0	0.0	0.0	0.0	0.0	dns
27	3166	0	0	0.0	0.9642857142857143	0.0	113.07142857142857	29	2678	0	0	0.0	1.0357142857142858	0.0	95.64285714285714	dns
3	238	0	0	0.0	0.10714285714285714	0.0	8.5	2	140	0	0	0.0	0.07142857142857142	0.0	5.0	dns
3	238	0	0	0.0	0.10714285714285714	0.0	8.5	2	140	0	0	0.0	0.07142857142857142	0.0	5.0	dns
30	2304	0	0	0.0	1.1111111111111112	0.0	85.33333333333333	0	0	0	0	0.0	0.0	0.0	0.0	dns
27	3166	0	0	0.0	0.9642857142857143	0.0	113.07142857142857	29	2678	0	0	0.0	1.0357142857142858	0.0	95.64285714285714	dns
3	238	0	0	0.0	0.10714285714285714	0.0	8.5	2	140	0	0	0.0	0.07142857142857142	0.0	5.0	dns
3	238	0	0	0.0	0.10714285714285714	0.0	8.5	2	140	0	0	0.0	0.07142857142857142	0.0	5.0	dns
30	2304	0	0	0.0	1.0714285714285714	0.0	82.28571428571429	0	0	0	0	0.0	0.0	0.0	0.0	dns
30	3532	3	366	3.0	1.0344827586206897	366.0	121.79310344827586	29	2678	0	0	0.0	1.0357142857142858	0.0	95.64285714285714	dns
3	238	0	0	0.0	0.10714285714285714	0.0	8.5	2	140	0	0	0.0	0.07142857142857142	0.0	5.0	dns
3	238	0	0	0.0	0.10714285714285714	0.0	8.5	2	140	0	0	0.0	0.07142857142857142	0.0	5.0	dns
30	2304	0	0	0.0	1.0714285714285714	0.0	82.28571428571429	0	0	0	0	0.0	0.0	0.0	0.0	dns
30	3532	3	366	3.0	1.0344827586206897	366.0	121.79310344827586	32	2960	3	282	3.0	1.103448275862069	282.0	102.06896551724138	dns
3	238	0	0	0.0	0.10714285714285714	0.0	8.5	2	140	0	0	0.0	0.07142857142857142	0.0	5.0	dns
3	238	0	0	0.0	0.10714285714285714	0.0	8.5	2	140	0	0	0.0	0.07142857142857142	0.0	5.0	dns
30	2304	0	0	0.0	1.0714285714285714	0.0	82.28571428571429	0	0	0	0	0.0	0.0	0.0	0.0	dns
30	3532	3	366	3.0	1.0344827586206897	366.0	121.79310344827586	32	2960	3	282	3.0	1.103448275862069	282.0	102.06896551724138	dns
3	238	0	0	0.0	0.10344827586206896	0.0	8.206896551724139	2	140	0	0	0.0	0.07142857142857142	0.0	5.0	dns
3	238	0	0	0.0	0.10714285714285714	0.0	8.5	2	140	0	0	0.0	0.07142857142857142	0.0	5.0	dns
30	2304	0	0	0.0	1.0714285714285714	0.0	82.28571428571429	0	0	0	0	0.0	0.0	0.0	0.0	dns
30	3532	3	366	3.0	1.0344827586206897	366.0	121.79310344827586	32	2960	3	282	3.0	1.103448275862069	282.0	102.06896551724138	dns
3	238	0	0	0.0	0.10344827586206896	0.0	8.206896551724139	2	140	0	0	0.0	0.06896551724137931	0.0	4.827586206896552	dns
3	238	0	0	0.0	0.10714285714285714	0.0	8.5	2	140	0	0	0.0	0.07142857142857142	0.0	5.0	dns
30	2304	0	0	0.0	1.0714285714285714	0.0	82.28571428571429	0	0	0	0	0.0	0.0	0.0	0.0	dns
30	3532	3	366	3.0	1.0344827586206897	366.0	121.79310344827586	32	2960	3	282	3.0	1.103448275862069	282.0	102.06896551724138	dns
3	238	0	0	0.0	0.10344827586206896	0.0	8.206896551724139	2	140	0	0	0.0	0.06896551724137931	0.0	4.827586206896552	dns
3	238	0	0	0.0	0.10344827586206896	0.0	8.206896551724139	2	140	0	0	0.0	0.07142857142857142	0.0	5.0	dns
30	2304	0	0	0.0	1.0714285714285714	0.0	82.28571428571429	0	0	0	0	0.0	0.0	0.0	0.0	dns
30	3532	3	366	3.0	1.0344827586206897	366.0	121.79310344827586	32	2960	3	282	3.0	1.103448275862069	282.0	102.06896551724138	dns
3	238	0	0	0.0	0.10344827586206896	0.0	8.206896551724139	2	140	0	0	0.0	0.06896551724137931	0.0	4.827586206896552	dns
3	238	0	0	0.0	0.10344827586206896	0.0	8.206896551724139	2	140	0	0	0.0	0.06896551724137931	0.0	4.827586206896552	dns
30	2304	0	0	0.0	1.0714285714285714	0.0	82.28571428571429	0	0	0	0	0.0	0.0	0.0	0.0	dns
30	3532	3	366	3.0	1.0344827586206897	366.0	121.79310344827586	32	2960	3	282	3.0	1.103448275862069	282.0	102.06896551724138	dns
3	238	0	0	0.0	0.10344827586206896	0.0	8.206896551724139	2	140	0	0	0.0	0.06896551724137931	0.0	4.827586206896552	dns
3	238	0	0	0.0	0.10344827586206896	0.0	8.206896551724139	2	140	0	0	0.0	0.06896551724137931	0.0	4.827586206896552	dns
32	2444	2	140	2.0	1.103448275862069	140.0	84.27586206896552	0	0	0	0	0.0	0.0	0.0	0.0	dns
33	3898	3	366	3.0	1.1	366.0	129.93333333333334	32	2960	3	282	3.0	1.103448275862069	282.0	102.06896551724138	dns
3	238	0	0	0.0	0.10344827586206896	0.0	8.206896551724139	2	140	0	0	0.0	0.06896551724137931	0.0	4.827586206896552	dns
3	238	0	0	0.0	0.10344827586206896	0.0	8.206896551724139	2	140	0	0	0.0	0.06896551724137931	0.0	4.827586206896552	dns
32	2444	2	140	2.0	1.103448275862069	140.0	84.27586206896552	0	0	0	0	0.0	0.0	0.0	0.0	dns
33	3898	3	366	3.0	1.1	366.0	129.93333333333334	35	3242	3	282	3.0	1.1666666666666667	282.0	108.06666666666666	dns
3	238	0	0	0.0	0.10344827586206896	0.0	8.206896551724139	2	140	0	0	0.0	0.06896551724137931	0.0	4.827586206896552	dns
3	238	0	0	0.0	0.10344827586206896	0.0	8.206896551724139	2	140	0	0	0.0	0.06896551724137931	0.0	4.827586206896552	dns
32	2444	2	140	2.0	1.103448275862069	140.0	84.27586206896552	0	0	0	0	0.0	0.0	0.0	0.0	dns
33	3898	3	366	3.0	1.1	366.0	129.93333333333334	35	3242	3	282	3.0	1.1666666666666667	282.0	108.06666666666666	dns
3	238	0	0	0.0	0.1	0.0	7.933333333333334	2	140	0	0	0.0	0.06896551724137931	0.0	4.827586206896552	dns
3	238	0	0	0.0	0.10344827586206896	0.0	8.206896551724139	2	140	0	0	0.0	0.06896551724137931	0.0	4.827586206896552	dns
32	2444	2	140	2.0	1.103448275862069	140.0	84.27586206896552	0	0	0	0	0.0	0.0	0.0	0.0	dns
33	3898	3	366	3.0	1.1	366.0	129.93333333333334	35	3242	3	282	3.0	1.1666666666666667	282.0	108.06666666666666	dns
3	238	0	0	0.0	0.1	0.0	7.933333333333334	2	140	0	0	0.0	0.06666666666666667	0.0	4.666666666666667	dns
3	238	0	0	0.0	0.10344827586206896	0.0	8.206896551724139	2	140	0	0	0.0	0.06896551724137931	0.0	4.827586206896552	dns
32	2444	2	140	2.0	1.103448275862069	140.0	84.27586206896552	0	0	0	0	0.0	0.0	0.0	0.0	dns
33	3898	3	366	3.0	1.1	366.0	129.93333333333334	35	3242	3	282	3.0	1.1666666666666667	282.0	108.06666666666666	dns
3	238	0	0	0.0	0.1	0.0	7.933333333333334	2	140	0	0	0.0	0.06666666666666667	0.0	4.666666666666667	dns
3	238	0	0	0.0	0.1	0.0	7.933333333333334	2	140	0	0	0.0	0.06896551724137931	0.0	4.827586206896552	dns
32	2444	2	140	2.0	1.103448275862069	140.0	84.27586206896552	0	0	0	0	0.0	0.0	0.0	0.0	dns
33	3898	3	366	3.0	1.1	366.0	129.93333333333334	35	3242	3	282	3.0	1.1666666666666667	282.0	108.06666666666666	dns
3	238	0	0	0.0	0.1	0.0	7.933333333333334	2	140	0	0	0.0	0.06666666666666667	0.0	4.666666666666667	dns
3	238	0	0	0.0	0.1	0.0	7.933333333333334	2	140	0	0	0.0	0.06666666666666667	0.0	4.666666666666667	dns
32	2444	2	140	2.0	1.103448275862069	140.0	84.27586206896552	0	0	0	0	0.0	0.0	0.0	0.0	dns
33	3898	3	366	3.0	1.1	366.0	129.93333333333334	35	3242	3	282	3.0	1.1666666666666667	282.0	108.06666666666666	dns
3	238	0	0	0.0	0.1	0.0	7.933333333333334	2	140	0	0	0.0	0.06666666666666667	0.0	4.666666666666667	dns
3	238	0	0	0.0	0.1	0.0	7.933333333333334	2	140	0	0	0.0	0.06666666666666667	0.0	4.666666666666667	dns
32	2444	0	0	0.0	1.0666666666666667	0.0	81.46666666666667	0	0	0	0	0.0	0.0	0.0	0.0	dns
35	4142	2	244	2.0	1.1290322580645162	244.0	133.61290322580646	35	3242	3	282	3.0	1.1666666666666667	282.0	108.06666666666666	dns
3	238	0	0	0.0	0.1	0.0	7.933333333333334	2	140	0	0	0.0	0.06666666666666667	0.0	4.666666666666667	dns
3	238	0	0	0.0	0.1	0.0	7.933333333333334	2	140	0	0	0.0	0.06666666666666667	0.0	4.666666666666667	dns
32	2444	0	0	0.0	1.0666666666666667	0.0	81.46666666666667	0	0	0	0	0.0	0.0	0.0	0.0	dns
35	4142	2	244	2.0	1.1290322580645162	244.0	133.61290322580646	38	3524	3	282	3.0	1.2258064516129032	282.0	113.6774193548387	dns
3	238	0	0	0.0	0.1	0.0	7.933333333333334	2	140	0	0	0.0	0.06666666666666667	0.0	4.666666666666667	dns
3	238	0	0	0.0	0.1	0.0	7.933333333333334	2	140	0	0	0.0	0.06666666666666667	0.0	4.666666666666667	dns
32	2444	0	0	0.0	1.0666666666666667	0.0	81.46666666666667	0	0	0	0	0.0	0.0	0.0	0.0	dns
35	4142	2	244	2.0	1.1290322580645162	244.0	133.61290322580646	38	3524	3	282	3.0	1.2258064516129032	282.0	113.6774193548387	dns
3	238	0	0	0.0	0.0967741935483871	0.0	7.67741935483871	2	140	0	0	0.0	0.06666666666666667	0.0	4.666666666666667	dns
3	238	0	0	0.0	0.1	0.0	7.933333333333334	2	140	0	0	0.0	0.06666666666666667	0.0	4.666666666666667	dns
32	2444	0	0	0.0	1.0666666666666667	0.0	81.46666666666667	0	0	0	0	0.0	0.0	0.0	0.0	dns
35	4142	2	244	2.0	1.1290322580645162	244.0	133.61290322580646	38	3524	3	282	3.0	1.2258064516129032	282.0	113.6774193548387	dns
3	238	0	0	0.0	0.0967741935483871	0.0	7.67741935483871	2	140	0	0	0.0	0.06451612903225806	0.0	4.516129032258065	dns
3	238	0	0	0.0	0.1	0.0	7.933333333333334	2	140	0	0	0.0	0.06666666666666667	0.0	4.666666666666667	dns
32	2444	0	0	0.0	1.0666666666666667	0.0	81.46666666666667	0	0	0	0	0.0	0.0	0.0	0.0	dns
35	4142	2	244	2.0	1.1290322580645162	244.0	133.61290322580646	38	3524	3	282	3.0	1.2258064516129032	282.0	113.6774193548387	dns
3	238	0	0	0.0	0.0967741935483871	0.0	7.67741935483871	2	140	0	0	0.0	0.06451612903225806	0.0	4.516129032258065	dns
3	238	0	0	0.0	0.0967741935483871	0.0	7.67741935483871	2	140	0	0	0.0	0.06666666666666667	0.0	4.666666666666667	dns
32	2444	0	0	0.0	1.0666666666666667	0.0	81.46666666666667	0	0	0	0	0.0	0.0	0.0	0.0	dns
35	4142	2	244	2.0	1.1290322580645162	244.0	133.61290322580646	38	3524	3	282	3.0	1.2258064516129032	282.0	113.6774193548387	dns
3	238	0	0	0.0	0.0967741935483871	0.0	7.67741935483871	2	140	0	0	0.0	0.06451612903225806	0.0	4.516129032258065	dns
3	238	0	0	0.0	0.0967741935483871	0.0	7.67741935483871	2	140	0	0	0.0	0.06451612903225806	0.0	4.516129032258065	dns
32	2444	0	0	0.0	1.0666666666666667	0.0	81.46666666666667	0	0	0	0	0.0	0.0	0.0	0.0	dns
35	4142	2	244	2.0	1.1290322580645162	244.0	133.61290322580646	38	3524	3	282	3.0	1.2258064516129032	282.0	113.6774193548387	dns
3	238	0	0	0.0	0.0967741935483871	0.0	7.67741935483871	2	140	0	0	0.0	0.06451612903225806	0.0	4.516129032258065	dns
3	238	0	0	0.0	0.0967741935483871	0.0	7.67741935483871	2	140	0	0	0.0	0.06451612903225806	0.0	4.516129032258065	dns
32	2444	0	0	0.0	1.032258064516129	0.0	78.83870967741936	0	0	0	0	0.0	0.0	0.0	0.0	dns
35	4142	0	0	0.0	1.09375	0.0	129.4375	38	3524	3	282	3.0	1.2258064516129032	282.0	113.6774193548387	dns
3	238	0	0	0.0	0.0967741935483871	0.0	7.67741935483871	2	140	0	0	0.0	0.06451612903225806	0.0	4.516129032258065	dns
3	238	0	0	0.0	0.0967741935483871	0.0	7.67741935483871	2	140	0	0	0.0	0.06451612903225806	0.0	4.516129032258065	dns
32	2444	0	0	0.0	1.032258064516129	0.0	78.83870967741936	0	0	0	0	0.0	0.0	0.0	0.0	dns
35	4142	0	0	0.0	1.09375	0.0	129.4375	38	3524	0	0	0.0	1.1875	0.0	110.125	dns
3	238	0	0	0.0	0.0967741935483871	0.0	7.67741935483871	2	140	0	0	0.0	0.06451612903225806	0.0	4.516129032258065	dns
3	238	0	0	0.0	0.0967741935483871	0.0	7.67741935483871	2	140	0	0	0.0	0.06451612903225806	0.0	4.516129032258065	dns
32	2444	0	0	0.0	1.032258064516129	0.0	78.83870967741936	0	0	0	0	0.0	0.0	0.0	0.0	dns
35	4142	0	0	0.0	1.09375	0.0	129.4375	38	3524	0	0	0.0	1.1875	0.0	110.125	dns
3	238	0	0	0.0	0.09375	0.0	7.4375	2	140	0	0	0.0	0.06451612903225806	0.0	4.516129032258065	dns
3	238	0	0	0.0	0.0967741935483871	0.0	7.67741935483871	2	140	0	0	0.0	0.06451612903225806	0.0	4.516129032258065	dns
32	2444	0	0	0.0	1.032258064516129	0.0	78.83870967741936	0	0	0	0	0.0	0.0	0.0	0.0	dns
35	4142	0	0	0.0	1.09375	0.0	129.4375	38	3524	0	0	0.0	1.1875	0.0	110.125	dns
3	238	0	0	0.0	0.09375	0.0	7.4375	2	140	0	0	0.0	0.0625	0.0	4.375	dns
3	238	0	0	0.0	0.0967741935483871	0.0	7.67741935483871	2	140	0	0	0.0	0.06451612903225806	0.0	4.516129032258065	dns
32	2444	0	0	0.0	1.032258064516129	0.0	78.83870967741936	0	0	0	0	0.0	0.0	0.0	0.0	dns
35	4142	0	0	0.0	1.09375	0.0	129.4375	38	3524	0	0	0.0	1.1875	0.0	110.125	dns
3	238	0	0	0.0	0.09375	0.0	7.4375	2	140	0	0	0.0	0.0625	0.0	4.375	dns
3	238	0	0	0.0	0.09375	0.0	7.4375	2	140	0	0	0.0	0.06451612903225806	0.0	4.516129032258065	dns
32	2444	0	0	0.0	1.032258064516129	0.0	78.83870967741936	0	0	0	0	0.0	0.0	0.0	0.0	dns
35	4142	0	0	0.0	1.09375	0.0	129.4375	38	3524	0	0	0.0	1.1875	0.0	110.125	dns
3	238	0	0	0.0	0.09375	0.0	7.4375	2	140	0	0	0.0	0.0625	0.0	4.375	dns
3	238	0	0	0.0	0.09375	0.0	7.4375	2	140	0	0	0.0	0.0625	0.0	4.375	dns
32	2444	0	0	0.0	1.032258064516129	0.0	78.83870967741936	0	0	0	0	0.0	0.0	0.0	0.0	dns
35	4142	0	0	0.0	1.09375	0.0	129.4375	38	3524	0	0	0.0	1.1875	0.0	110.125	dns
3	238	0	0	0.0	0.09375	0.0	7.4375	2	140	0	0	0.0	0.0625	0.0	4.375	dns
3	238	0	0	0.0	0.09375	0.0	7.4375	2	140	0	0	0.0	0.0625	0.0	4.375	dns
32	2444	0	0	0.0	1.0	0.0	76.375	0	0	0	0	0.0	0.0	0.0	0.0	dns
35	4142	0	0	0.0	1.0606060606060606	0.0	125.51515151515152	38	3524	0	0	0.0	1.1875	0.0	110.125	dns
3	238	0	0	0.0	0.09375	0.0	7.4375	2	140	0	0	0.0	0.0625	0.0	4.375	dns
3	238	0	0	0.0	0.09375	0.0	7.4375	2	140	0	0	0.0	0.0625	0.0	4.375	dns
32	2444	0	0	0.0	1.0	0.0	76.375	0	0	0	0	0.0	0.0	0.0	0.0	dns
35	4142	0	0	0.0	1.0606060606060606	0.0	125.51515151515152	38	3524	0	0	0.0	1.1515151515151516	0.0	106.78787878787878	dns
3	238	0	0	0.0	0.09375	0.0	7.4375	2	140	0	0	0.0	0.0625	0.0	4.375	dns
3	238	0	0	0.0	0.09375	0.0	7.4375	2	140	0	0	0.0	0.0625	0.0	4.375	dns
32	2444	0	0	0.0	1.0	0.0	76.375	0	0	0	0	0.0	0.0	0.0	0.0	dns
35	4142	0	0	0.0	1.0606060606060606	0.0	125.51515151515152	38	3524	0	0	0.0	1.1515151515151516	0.0	106.78787878787878	dns
3	238	0	0	0.0	0.09090909090909091	0.0	7.212121212121212	2	140	0	0	0.0	0.0625	0.0	4.375	dns
3	238	0	0	0.0	0.09375	0.0	7.4375	2	140	0	0	0.0	0.0625	0.0	4.375	dns
32	2444	0	0	0.0	1.0	0.0	76.375	0	0	0	0	0.0	0.0	0.0	0.0	dns
35	4142	0	0	0.0	1.0606060606060606	0.0	125.51515151515152	38	3524	0	0	0.0	1.1515151515151516	0.0	106.78787878787878	dns
3	238	0	0	0.0	0.09090909090909091	0.0	7.212121212121212	2	140	0	0	0.0	0.06060606060606061	0.0	4.242424242424242	dns
3	238	0	0	0.0	0.09375	0.0	7.4375	2	140	0	0	0.0	0.0625	0.0	4.375	dns
32	2444	0	0	0.0	1.0	0.0	76.375	0	0	0	0	0.0	0.0	0.0	0.0	dns
35	4142	0	0	0.0	1.0606060606060606	0.0	125.51515151515152	38	3524	0	0	0.0	1.1515151515151516	0.0	106.78787878787878	dns
3	238	0	0	0.0	0.09090909090909091	0.0	7.212121212121212	2	140	0	0	0.0	0.06060606060606061	0.0	4.242424242424242	dns
3	238	0	0	0.0	0.09090909090909091	0.0	7.212121212121212	2	140	0	0	0.0	0.0625	0.0	4.375	dns
32	2444	0	0	0.0	1.0	0.0	76.375	0	0	0	0	0.0	0.0	0.0	0.0	dns
35	4142	0	0	0.0	1.0606060606060606	0.0	125.51515151515152	38	3524	0	0	0.0	1.1515151515151516	0.0	106.78787878787878	dns
3	238	0	0	0.0	0.09090909090909091	0.0	7.212121212121212	2	140	0	0	0.0	0.06060606060606061	0.0	4.242424242424242	dns
3	238	0	0	0.0	0.09090909090909091	0.0	7.212121212121212	2	140	0	0	0.0	0.06060606060606061	0.0	4.242424242424242	dns
32	2444	0	0	0.0	1.0	0.0	76.375	0	0	0	0	0.0	0.0	0.0	0.0	dns
35	4142	0	0	0.0	1.0606060606060606	0.0	125.51515151515152	38	3524	0	0	0.0	1.1515151515151516	0.0	106.78787878787878	dns
3	238	0	0	0.0	0.09090909090909091	0.0	7.212121212121212	2	140	0	0	0.0	0.06060606060606061	0.0	4.242424242424242	dns
3	238	0	0	0.0	0.09090909090909091	0.0	7.212121212121212	2	140	0	0	0.0	0.06060606060606061	0.0	4.242424242424242	dns
33	2514	1	70	1.0	1.0	70.0	76.18181818181819	0	0	0	0	0.0	0.0	0.0	0.0	dns
35	4142	0	0	0.0	1.0294117647058822	0.0	121.82352941176471	38	3524	0	0	0.0	1.1515151515151516	0.0	106.78787878787878	dns
3	238	0	0	0.0	0.09090909090909091	0.0	7.212121212121212	2	140	0	0	0.0	0.06060606060606061	0.0	4.242424242424242	dns
3	238	0	0	0.0	0.09090909090909091	0.0	7.212121212121212	2	140	0	0	0.0	0.06060606060606061	0.0	4.242424242424242	dns
33	2514	1	70	1.0	1.0	70.0	76.18181818181819	0	0	0	0	0.0	0.0	0.0	0.0	dns
35	4142	0	0	0.0	1.0294117647058822	0.0	121.82352941176471	38	3524	0	0	0.0	1.1176470588235294	0.0	103.6470588235294	dns
3	238	0	0	0.0	0.09090909090909091	0.0	7.212121212121212	2	140	0	0	0.0	0.06060606060606061	0.0	4.242424242424242	dns
3	238	0	0	0.0	0.09090909090909091	0.0	7.212121212121212	2	140	0	0	0.0	0.06060606060606061	0.0	4.242424242424242	dns
33	2514	1	70	1.0	1.0	70.0	76.18181818181819	0	0	0	0	0.0	0.0	0.0	0.0	dns
35	4142	0	0	0.0	1.0294117647058822	0.0	121.82352941176471	38	3524	0	0	0.0	1.1176470588235294	0.0	103.6470588235294	dns
3	238	0	0	0.0	0.08823529411764706	0.0	7.0	2	140	0	0	0.0	0.06060606060606061	0.0	4.242424242424242	dns
3	238	0	0	0.0	0.09090909090909091	0.0	7.212121212121212	2	140	0	0	0.0	0.06060606060606061	0.0	4.242424242424242	dns
33	2514	1	70	1.0	1.0	70.0	76.18181818181819	0	0	0	0	0.0	0.0	0.0	0.0	dns
35	4142	0	0	0.0	1.0294117647058822	0.0	121.82352941176471	38	3524	0	0	0.0	1.1176470588235294	0.0	103.6470588235294	dns
3	238	0	0	0.0	0.08823529411764706	0.0	7.0	2	140	0	0	0.0	0.058823529411764705	0.0	4.117647058823529	dns
3	238	0	0	0.0	0.09090909090909091	0.0	7.212121212121212	2	140	0	0	0.0	0.06060606060606061	0.0	4.242424242424242	dns
33	2514	1	70	1.0	1.0	70.0	76.18181818181819	0	0	0	0	0.0	0.0	0.0	0.0	dns
35	4142	0	0	0.0	1.0294117647058822	0.0	121.82352941176471	38	3524	0	0	0.0	1.1176470588235294	0.0	103.6470588235294	dns
3	238	0	0	0.0	0.08823529411764706	0.0	7.0	2	140	0	0	0.0	0.058823529411764705	0.0	4.117647058823529	dns
3	238	0	0	0.0	0.08823529411764706	0.0	7.0	2	140	0	0	0.0	0.06060606060606061	0.0	4.242424242424242	dns
33	2514	1	70	1.0	1.0	70.0	76.18181818181819	0	0	0	0	0.0	0.0	0.0	0.0	dns
35	4142	0	0	0.0	1.0294117647058822	0.0	121.82352941176471	38	3524	0	0	0.0	1.1176470588235294	0.0	103.6470588235294	dns
3	238	0	0	0.0	0.08823529411764706	0.0	7.0	2	140	0	0	0.0	0.058823529411764705	0.0	4.117647058823529	dns
3	238	0	0	0.0	0.08823529411764706	0.0	7.0	2	140	0	0	0.0	0.058823529411764705	0.0	4.117647058823529	dns
33	2514	1	70	1.0	1.0	70.0	76.18181818181819	0	0	0	0	0.0	0.0	0.0	0.0	dns
35	4142	0	0	0.0	1.0294117647058822	0.0	121.82352941176471	38	3524	0	0	0.0	1.1176470588235294	0.0	103.6470588235294	dns
3	238	0	0	0.0	0.08823529411764706	0.0	7.0	2	140	0	0	0.0	0.058823529411764705	0.0	4.117647058823529	dns
3	238	0	0	0.0	0.08823529411764706	0.0	7.0	2	140	0	0	0.0	0.058823529411764705	0.0	4.117647058823529	dns
33	2514	0	0	0.0	0.9705882352941176	0.0	73.94117647058823	0	0	0	0	0.0	0.0	0.0	0.0	dns
35	4142	0	0	0.0	1.0	0.0	118.34285714285714	38	3524	0	0	0.0	1.1176470588235294	0.0	103.6470588235294	dns
3	238	0	0	0.0	0.08823529411764706	0.0	7.0	2	140	0	0	0.0	0.058823529411764705	0.0	4.117647058823529	dns
3	238	0	0	0.0	0.08823529411764706	0.0	7.0	2	140	0	0	0.0	0.058823529411764705	0.0	4.117647058823529	dns
33	2514	0	0	0.0	0.9705882352941176	0.0	73.94117647058823	0	0	0	0	0.0	0.0	0.0	0.0	dns
35	4142	0	0	0.0	1.0	0.0	118.34285714285714	38	3524	0	0	0.0	1.0857142857142856	0.0	100.68571428571428	dns
3	238	0	0	0.0	0.08823529411764706	0.0	7.0	2	140	0	0	0.0	0.058823529411764705	0.0	4.117647058823529	dns
3	238	0	0	0.0	0.08823529411764706	0.0	7.0	2	140	0	0	0.0	0.058823529411764705	0.0	4.117647058823529	dns
33	2514	0	0	0.0	0.9705882352941176	0.0	73.94117647058823	0	0	0	0	0.0	0.0	0.0	0.0	dns
35	4142	0	0	0.0	1.0	0.0	118.34285714285714	38	3524	0	0	0.0	1.0857142857142856	0.0	100.68571428571428	dns
3	238	0	0	0.0	0.08571428571428572	0.0	6.8	2	140	0	0	0.0	0.058823529411764705	0.0	4.117647058823529	dns
3	238	0	0	0.0	0.08823529411764706	0.0	7.0	2	140	0	0	0.0	0.058823529411764705	0.0	4.117647058823529	dns
33	2514	0	0	0.0	0.9705882352941176	0.0	73.94117647058823	0	0	0	0	0.0	0.0	0.0	0.0	dns
35	4142	0	0	0.0	1.0	0.0	118.34285714285714	38	3524	0	0	0.0	1.0857142857142856	0.0	100.68571428571428	dns
3	238	0	0	0.0	0.08571428571428572	0.0	6.8	2	140	0	0	0.0	0.05714285714285714	0.0	4.0	dns
3	238	0	0	0.0	0.08823529411764706	0.0	7.0	2	140	0	0	0.0	0.058823529411764705	0.0	4.117647058823529	dns
33	2514	0	0	0.0	0.9705882352941176	0.0	73.94117647058823	0	0	0	0	0.0	0.0	0.0	0.0	dns
35	4142	0	0	0.0	1.0	0.0	118.34285714285714	38	3524	0	0	0.0	1.0857142857142856	0.0	100.68571428571428	dns
3	238	0	0	0.0	0.08571428571428572	0.0	6.8	2	140	0	0	0.0	0.05714285714285714	0.0	4.0	dns
3	238	0	0	0.0	0.08571428571428572	0.0	6.8	2	140	0	0	0.0	0.058823529411764705	0.0	4.117647058823529	dns
33	2514	0	0	0.0	0.9705882352941176	0.0	73.94117647058823	0	0	0	0	0.0	0.0	0.0	0.0	dns
35	4142	0	0	0.0	1.0	0.0	118.34285714285714	38	3524	0	0	0.0	1.0857142857142856	0.0	100.68571428571428	dns
3	238	0	0	0.0	0.08571428571428572	0.0	6.8	2	140	0	0	0.0	0.05714285714285714	0.0	4.0	dns
3	238	0	0	0.0	0.08571428571428572	0.0	6.8	2	140	0	0	0.0	0.05714285714285714	0.0	4.0	dns
33	2514	0	0	0.0	0.9705882352941176	0.0	73.94117647058823	0	0	0	0	0.0	0.0	0.0	0.0	dns
35	4142	0	0	0.0	1.0	0.0	118.34285714285714	38	3524	0	0	0.0	1.0857142857142856	0.0	100.68571428571428	dns
3	238	0	0	0.0	0.08571428571428572	0.0	6.8	2	140	0	0	0.0	0.05714285714285714	0.0	4.0	dns
3	238	0	0	0.0	0.08571428571428572	0.0	6.8	2	140	0	0	0.0	0.05714285714285714	0.0	4.0	dns
33	2514	0	0	0.0	0.9428571428571428	0.0	71.82857142857142	0	0	0	0	0.0	0.0	0.0	0.0	dns
35	4142	0	0	0.0	0.9722222222222222	0.0	115.05555555555556	38	3524	0	0	0.0	1.0857142857142856	0.0	100.68571428571428	dns
3	238	0	0	0.0	0.08571428571428572	0.0	6.8	2	140	0	0	0.0	0.05714285714285714	0.0	4.0	dns
3	238	0	0	0.0	0.08571428571428572	0.0	6.8	2	140	0	0	0.0	0.05714285714285714	0.0	4.0	dns
33	2514	0	0	0.0	0.9428571428571428	0.0	71.82857142857142	0	0	0	0	0.0	0.0	0.0	0.0	dns
35	4142	0	0	0.0	0.9722222222222222	0.0	115.05555555555556	38	3524	0	0	0.0	1.0555555555555556	0.0	97.88888888888889	dns
3	238	0	0	0.0	0.08571428571428572	0.0	6.8	2	140	0	0	0.0	0.05714285714285714	0.0	4.0	dns
3	238	0	0	0.0	0.08571428571428572	0.0	6.8	2	140	0	0	0.0	0.05714285714285714	0.0	4.0	dns
33	2514	0	0	0.0	0.9428571428571428	0.0	71.82857142857142	0	0	0	0	0.0	0.0	0.0	0.0	dns
35	4142	0	0	0.0	0.9722222222222222	0.0	115.05555555555556	38	3524	0	0	0.0	1.0555555555555556	0.0	97.88888888888889	dns
3	238	0	0	0.0	0.08333333333333333	0.0	6.611111111111111	2	140	0	0	0.0	0.05714285714285714	0.0	4.0	dns
3	238	0	0	0.0	0.08571428571428572	0.0	6.8	2	140	0	0	0.0	0.05714285714285714	0.0	4.0	dns
33	2514	0	0	0.0	0.9428571428571428	0.0	71.82857142857142	0	0	0	0	0.0	0.0	0.0	0.0	dns
35	4142	0	0	0.0	0.9722222222222222	0.0	115.05555555555556	38	3524	0	0	0.0	1.0555555555555556	0.0	97.88888888888889	dns
3	238	0	0	0.0	0.08333333333333333	0.0	6.611111111111111	2	140	0	0	0.0	0.05555555555555555	0.0	3.888888888888889	dns
3	238	0	0	0.0	0.08571428571428572	0.0	6.8	2	140	0	0	0.0	0.05714285714285714	0.0	4.0	dns
33	2514	0	0	0.0	0.9428571428571428	0.0	71.82857142857142	0	0	0	0	0.0	0.0	0.0	0.0	dns
35	4142	0	0	0.0	0.9722222222222222	0.0	115.05555555555556	38	3524	0	0	0.0	1.0555555555555556	0.0	97.88888888888889	dns
3	238	0	0	0.0	0.08333333333333333	0.0	6.611111111111111	2	140	0	0	0.0	0.05555555555555555	0.0	3.888888888888889	dns
3	238	0	0	0.0	0.08333333333333333	0.0	6.611111111111111	2	140	0	0	0.0	0.05714285714285714	0.0	4.0	dns
33	2514	0	0	0.0	0.9428571428571428	0.0	71.82857142857142	0	0	0	0	0.0	0.0	0.0	0.0	dns
35	4142	0	0	0.0	0.9722222222222222	0.0	115.05555555555556	38	3524	0	0	0.0	1.0555555555555556	0.0	97.88888888888889	dns
3	238	0	0	0.0	0.08333333333333333	0.0	6.611111111111111	2	140	0	0	0.0	0.05555555555555555	0.0	3.888888888888889	dns
3	238	0	0	0.0	0.08333333333333333	0.0	6.611111111111111	2	140	0	0	0.0	0.05555555555555555	0.0	3.888888888888889	dns
33	2514	0	0	0.0	0.9428571428571428	0.0	71.82857142857142	0	0	0	0	0.0	0.0	0.0	0.0	dns
35	4142	0	0	0.0	0.9722222222222222	0.0	115.05555555555556	38	3524	0	0	0.0	1.0555555555555556	0.0	97.88888888888889	dns
3	238	0	0	0.0	0.08333333333333333	0.0	6.611111111111111	2	140	0	0	0.0	0.05555555555555555	0.0	3.888888888888889	dns
3	238	0	0	0.0	0.08333333333333333	0.0	6.611111111111111	2	140	0	0	0.0	0.05555555555555555	0.0	3.888888888888889	dns
33	2514	0	0	0.0	0.9166666666666666	0.0	69.83333333333333	0	0	0	0	0.0	0.0	0.0	0.0	dns
38	4508	3	366	3.0	1.027027027027027	366.0	121.83783783783784	38	3524	0	0	0.0	1.0555555555555556	0.0	97.88888888888889	dns
3	238	0	0	0.0	0.08333333333333333	0.0	6.611111111111111	2	140	0	0	0.0	0.05555555555555555	0.0	3.888888888888889	dns
3	238	0	0	0.0	0.08333333333333333	0.0	6.611111111111111	2	140	0	0	0.0	0.05555555555555555	0.0	3.888888888888889	dns
33	2514	0	0	0.0	0.9166666666666666	0.0	69.83333333333333	0	0	0	0	0.0	0.0	0.0	0.0	dns
38	4508	3	366	3.0	1.027027027027027	366.0	121.83783783783784	41	3806	3	282	3.0	1.1081081081081081	282.0	102.86486486486487	dns
3	238	0	0	0.0	0.08333333333333333	0.0	6.611111111111111	2	140	0	0	0.0	0.05555555555555555	0.0	3.888888888888889	dns
3	238	0	0	0.0	0.08333333333333333	0.0	6.611111111111111	2	140	0	0	0.0	0.05555555555555555	0.0	3.888888888888889	dns
33	2514	0	0	0.0	0.9166666666666666	0.0	69.83333333333333	0	0	0	0	0.0	0.0	0.0	0.0	dns
38	4508	3	366	3.0	1.027027027027027	366.0	121.83783783783784	41	3806	3	282	3.0	1.1081081081081081	282.0	102.86486486486487	dns
3	238	0	0	0.0	0.08108108108108109	0.0	6.4324324324324325	2	140	0	0	0.0	0.05555555555555555	0.0	3.888888888888889	dns
3	238	0	0	0.0	0.08333333333333333	0.0	6.611111111111111	2	140	0	0	0.0	0.05555555555555555	0.0	3.888888888888889	dns
33	2514	0	0	0.0	0.9166666666666666	0.0	69.83333333333333	0	0	0	0	0.0	0.0	0.0	0.0	dns
38	4508	3	366	3.0	1.027027027027027	366.0	121.83783783783784	41	3806	3	282	3.0	1.1081081081081081	282.0	102.86486486486487	dns
3	238	0	0	0.0	0.08108108108108109	0.0	6.4324324324324325	2	140	0	0	0.0	0.05405405405405406	0.0	3.7837837837837838	dns
3	238	0	0	0.0	0.08333333333333333	0.0	6.611111111111111	2	140	0	0	0.0	0.05555555555555555	0.0	3.888888888888889	dns
33	2514	0	0	0.0	0.9166666666666666	0.0	69.83333333333333	0	0	0	0	0.0	0.0	0.0	0.0	dns
38	4508	3	366	3.0	1.027027027027027	366.0	121.83783783783784	41	3806	3	282	3.0	1.1081081081081081	282.0	102.86486486486487	dns
3	238	0	0	0.0	0.08108108108108109	0.0	6.4324324324324325	2	140	0	0	0.0	0.05405405405405406	0.0	3.7837837837837838	dns
3	238	0	0	0.0	0.08108108108108109	0.0	6.4324324324324325	2	140	0	0	0.0	0.05555555555555555	0.0	3.888888888888889	dns
33	2514	0	0	0.0	0.9166666666666666	0.0	69.83333333333333	0	0	0	0	0.0	0.0	0.0	0.0	dns
38	4508	3	366	3.0	1.027027027027027	366.0	121.83783783783784	41	3806	3	282	3.0	1.1081081081081081	282.0	102.86486486486487	dns
3	238	0	0	0.0	0.08108108108108109	0.0	6.4324324324324325	2	140	0	0	0.0	0.05405405405405406	0.0	3.7837837837837838	dns
3	238	0	0	0.0	0.08108108108108109	0.0	6.4324324324324325	2	140	0	0	0.0	0.05405405405405406	0.0	3.7837837837837838	dns
33	2514	0	0	0.0	0.9166666666666666	0.0	69.83333333333333	0	0	0	0	0.0	0.0	0.0	0.0	dns
38	4508	3	366	3.0	1.027027027027027	366.0	121.83783783783784	41	3806	3	282	3.0	1.1081081081081081	282.0	102.86486486486487	dns
3	238	0	0	0.0	0.08108108108108109	0.0	6.4324324324324325	2	140	0	0	0.0	0.05405405405405406	0.0	3.7837837837837838	dns
3	238	0	0	0.0	0.08108108108108109	0.0	6.4324324324324325	2	140	0	0	0.0	0.05405405405405406	0.0	3.7837837837837838	dns
33	2514	0	0	0.0	0.8918918918918919	0.0	67.94594594594595	0	0	0	0	0.0	0.0	0.0	0.0	dns
41	4874	3	366	3.0	1.0789473684210527	366.0	128.26315789473685	41	3806	3	282	3.0	1.1081081081081081	282.0	102.86486486486487	dns
3	238	0	0	0.0	0.08108108108108109	0.0	6.4324324324324325	2	140	0	0	0.0	0.05405405405405406	0.0	3.7837837837837838	dns
3	238	0	0	0.0	0.08108108108108109	0.0	6.4324324324324325	2	140	0	0	0.0	0.05405405405405406	0.0	3.7837837837837838	dns
33	2514	0	0	0.0	0.8918918918918919	0.0	67.94594594594595	0	0	0	0	0.0	0.0	0.0	0.0	dns
41	4874	3	366	3.0	1.0789473684210527	366.0	128.26315789473685	44	4088	3	282	3.0	1.1578947368421053	282.0	107.57894736842105	dns
3	238	0	0	0.0	0.08108108108108109	0.0	6.4324324324324325	2	140	0	0	0.0	0.05405405405405406	0.0	3.7837837837837838	dns
3	238	0	0	0.0	0.08108108108108109	0.0	6.4324324324324325	2	140	0	0	0.0	0.05405405405405406	0.0	3.7837837837837838	dns
33	2514	0	0	0.0	0.8918918918918919	0.0	67.94594594594595	0	0	0	0	0.0	0.0	0.0	0.0	dns
41	4874	3	366	3.0	1.0789473684210527	366.0	128.26315789473685	44	4088	3	282	3.0	1.1578947368421053	282.0	107.57894736842105	dns
3	238	0	0	0.0	0.07894736842105263	0.0	6.2631578947368425	2	140	0	0	0.0	0.05405405405405406	0.0	3.7837837837837838	dns
3	238	0	0	0.0	0.08108108108108109	0.0	6.4324324324324325	2	140	0	0	0.0	0.05405405405405406	0.0	3.7837837837837838	dns
33	2514	0	0	0.0	0.8918918918918919	0.0	67.94594594594595	0	0	0	0	0.0	0.0	0.0	0.0	dns
41	4874	3	366	3.0	1.0789473684210527	366.0	128.26315789473685	44	4088	3	282	3.0	1.1578947368421053	282.0	107.57894736842105	dns
3	238	0	0	0.0	0.07894736842105263	0.0	6.2631578947368425	2	140	0	0	0.0	0.05263157894736842	0.0	3.6842105263157894	dns
3	238	0	0	0.0	0.08108108108108109	0.0	6.4324324324324325	2	140	0	0	0.0	0.05405405405405406	0.0	3.7837837837837838	dns
33	2514	0	0	0.0	0.8918918918918919	0.0	67.94594594594595	0	0	0	0	0.0	0.0	0.0	0.0	dns
41	4874	3	366	3.0	1.0789473684210527	366.0	128.26315789473685	44	4088	3	282	3.0	1.1578947368421053	282.0	107.57894736842105	dns
3	238	0	0	0.0	0.07894736842105263	0.0	6.2631578947368425	2	140	0	0	0.0	0.05263157894736842	0.0	3.6842105263157894	dns
3	238	0	0	0.0	0.07894736842105263	0.0	6.2631578947368425	2	140	0	0	0.0	0.05405405405405406	0.0	3.7837837837837838	dns
33	2514	0	0	0.0	0.8918918918918919	0.0	67.94594594594595	0	0	0	0	0.0	0.0	0.0	0.0	dns
41	4874	3	366	3.0	1.0789473684210527	366.0	128.26315789473685	44	4088	3	282	3.0	1.1578947368421053	282.0	107.57894736842105	dns
3	238	0	0	0.0	0.07894736842105263	0.0	6.2631578947368425	2	140	0	0	0.0	0.05263157894736842	0.0	3.6842105263157894	dns
3	238	0	0	0.0	0.07894736842105263	0.0	6.2631578947368425	2	140	0	0	0.0	0.05263157894736842	0.0	3.6842105263157894	dns
33	2514	0	0	0.0	0.8918918918918919	0.0	67.94594594594595	0	0	0	0	0.0	0.0	0.0	0.0	dns
41	4874	3	366	3.0	1.0789473684210527	366.0	128.26315789473685	44	4088	3	282	3.0	1.1578947368421053	282.0	107.57894736842105	dns
3	238	0	0	0.0	0.07894736842105263	0.0	6.2631578947368425	2	140	0	0	0.0	0.05263157894736842	0.0	3.6842105263157894	dns
3	238	0	0	0.0	0.07894736842105263	0.0	6.2631578947368425	2	140	0	0	0.0	0.05263157894736842	0.0	3.6842105263157894	dns
33	2514	0	0	0.0	0.868421052631579	0.0	66.15789473684211	0	0	0	0	0.0	0.0	0.0	0.0	dns
43	5118	2	244	2.0	1.1025641025641026	244.0	131.23076923076923	44	4088	3	282	3.0	1.1578947368421053	282.0	107.57894736842105	dns
3	238	0	0	0.0	0.07894736842105263	0.0	6.2631578947368425	2	140	0	0	0.0	0.05263157894736842	0.0	3.6842105263157894	dns
3	238	0	0	0.0	0.07894736842105263	0.0	6.2631578947368425	2	140	0	0	0.0	0.05263157894736842	0.0	3.6842105263157894	dns
33	2514	0	0	0.0	0.868421052631579	0.0	66.15789473684211	0	0	0	0	0.0	0.0	0.0	0.0	dns
43	5118	2	244	2.0	1.1025641025641026	244.0	131.23076923076923	47	4370	3	282	3.0	1.205128205128205	282.0	112.05128205128206	dns
3	238	0	0	0.0	0.07894736842105263	0.0	6.2631578947368425	2	140	0	0	0.0	0.05263157894736842	0.0	3.6842105263157894	dns
3	238	0	0	0.0	0.07894736842105263	0.0	6.2631578947368425	2	140	0	0	0.0	0.05263157894736842	0.0	3.6842105263157894	dns
33	2514	0	0	0.0	0.868421052631579	0.0	66.15789473684211	0	0	0	0	0.0	0.0	0.0	0.0	dns
43	5118	2	244	2.0	1.1025641025641026	244.0	131.23076923076923	47	4370	3	282	3.0	1.205128205128205	282.0	112.05128205128206	dns
3	238	0	0	0.0	0.07692307692307693	0.0	6.102564102564102	2	140	0	0	0.0	0.05263157894736842	0.0	3.6842105263157894	dns
3	238	0	0	0.0	0.07894736842105263	0.0	6.2631578947368425	2	140	0	0	0.0	0.05263157894736842	0.0	3.6842105263157894	dns
33	2514	0	0	0.0	0.868421052631579	0.0	66.15789473684211	0	0	0	0	0.0	0.0	0.0	0.0	dns
43	5118	2	244	2.0	1.1025641025641026	244.0	131.23076923076923	47	4370	3	282	3.0	1.205128205128205	282.0	112.05128205128206	dns
3	238	0	0	0.0	0.07692307692307693	0.0	6.102564102564102	2	140	0	0	0.0	0.05128205128205128	0.0	3.58974358974359	dns
3	238	0	0	0.0	0.07894736842105263	0.0	6.2631578947368425	2	140	0	0	0.0	0.05263157894736842	0.0	3.6842105263157894	dns
33	2514	0	0	0.0	0.868421052631579	0.0	66.15789473684211	0	0	0	0	0.0	0.0	0.0	0.0	dns
43	5118	2	244	2.0	1.1025641025641026	244.0	131.23076923076923	47	4370	3	282	3.0	1.205128205128205	282.0	112.05128205128206	dns
3	238	0	0	0.0	0.07692307692307693	0.0	6.102564102564102	2	140	0	0	0.0	0.05128205128205128	0.0	3.58974358974359	dns
3	238	0	0	0.0	0.07692307692307693	0.0	6.102564102564102	2	140	0	0	0.0	0.05263157894736842	0.0	3.6842105263157894	dns
33	2514	0	0	0.0	0.868421052631579	0.0	66.15789473684211	0	0	0	0	0.0	0.0	0.0	0.0	dns
43	5118	2	244	2.0	1.1025641025641026	244.0	131.23076923076923	47	4370	3	282	3.0	1.205128205128205	282.0	112.05128205128206	dns
3	238	0	0	0.0	0.07692307692307693	0.0	6.102564102564102	2	140	0	0	0.0	0.05128205128205128	0.0	3.58974358974359	dns
3	238	0	0	0.0	0.07692307692307693	0.0	6.102564102564102	2	140	0	0	0.0	0.05128205128205128	0.0	3.58974358974359	dns
33	2514	0	0	0.0	0.868421052631579	0.0	66.15789473684211	0	0	0	0	0.0	0.0	0.0	0.0	dns
43	5118	2	244	2.0	1.1025641025641026	244.0	131.23076923076923	47	4370	3	282	3.0	1.205128205128205	282.0	112.05128205128206	dns
3	238	0	0	0.0	0.07692307692307693	0.0	6.102564102564102	2	140	0	0	0.0	0.05128205128205128	0.0	3.58974358974359	dns
3	238	0	0	0.0	0.07692307692307693	0.0	6.102564102564102	2	140	0	0	0.0	0.05128205128205128	0.0	3.58974358974359	dns
33	2514	0	0	0.0	0.8461538461538461	0.0	64.46153846153847	0	0	0	0	0.0	0.0	0.0	0.0	dns
43	5118	0	0	0.0	1.075	0.0	127.95	47	4370	3	282	3.0	1.205128205128205	282.0	112.05128205128206	dns
3	238	0	0	0.0	0.07692307692307693	0.0	6.102564102564102	2	140	0	0	0.0	0.05128205128205128	0.0	3.58974358974359	dns
3	238	0	0	0.0	0.07692307692307693	0.0	6.102564102564102	2	140	0	0	0.0	0.05128205128205128	0.0	3.58974358974359	dns
33	2514	0	0	0.0	0.8461538461538461	0.0	64.46153846153847	0	0	0	0	0.0	0.0	0.0	0.0	dns
43	5118	0	0	0.0	1.075	0.0	127.95	47	4370	0	0	0.0	1.175	0.0	109.25	dns
3	238	0	0	0.0	0.07692307692307693	0.0	6.102564102564102	2	140	0	0	0.0	0.05128205128205128	0.0	3.58974358974359	dns
3	238	0	0	0.0	0.07692307692307693	0.0	6.102564102564102	2	140	0	0	0.0	0.05128205128205128	0.0	3.58974358974359	dns
33	2514	0	0	0.0	0.8461538461538461	0.0	64.46153846153847	0	0	0	0	0.0	0.0	0.0	0.0	dns
43	5118	0	0	0.0	1.075	0.0	127.95	47	4370	0	0	0.0	1.175	0.0	109.25	dns
3	238	0	0	0.0	0.075	0.0	5.95	2	140	0	0	0.0	0.05128205128205128	0.0	3.58974358974359	dns
3	238	0	0	0.0	0.07692307692307693	0.0	6.102564102564102	2	140	0	0	0.0	0.05128205128205128	0.0	3.58974358974359	dns
33	2514	0	0	0.0	0.8461538461538461	0.0	64.46153846153847	0	0	0	0	0.0	0.0	0.0	0.0	dns
43	5118	0	0	0.0	1.075	0.0	127.95	47	4370	0	0	0.0	1.175	0.0	109.25	dns
3	238	0	0	0.0	0.075	0.0	5.95	2	140	0	0	0.0	0.05	0.0	3.5	dns
3	238	0	0	0.0	0.07692307692307693	0.0	6.102564102564102	2	140	0	0	0.0	0.05128205128205128	0.0	3.58974358974359	dns
33	2514	0	0	0.0	0.8461538461538461	0.0	64.46153846153847	0	0	0	0	0.0	0.0	0.0	0.0	dns
43	5118	0	0	0.0	1.075	0.0	127.95	47	4370	0	0	0.0	1.175	0.0	109.25	dns
3	238	0	0	0.0	0.075	0.0	5.95	2	140	0	0	0.0	0.05	0.0	3.5	dns
3	238	0	0	0.0	0.075	0.0	5.95	2	140	0	0	0.0	0.05128205128205128	0.0	3.58974358974359	dns
33	2514	0	0	0.0	0.8461538461538461	0.0	64.46153846153847	0	0	0	0	0.0	0.0	0.0	0.0	dns
43	5118	0	0	0.0	1.075	0.0	127.95	47	4370	0	0	0.0	1.175	0.0	109.25	dns
3	238	0	0	0.0	0.075	0.0	5.95	2	140	0	0	0.0	0.05	0.0	3.5	dns
3	238	0	0	0.0	0.075	0.0	5.95	2	140	0	0	0.0	0.05	0.0	3.5	dns
33	2514	0	0	0.0	0.8461538461538461	0.0	64.46153846153847	0	0	0	0	0.0	0.0	0.0	0.0	dns
43	5118	0	0	0.0	1.075	0.0	127.95	47	4370	0	0	0.0	1.175	0.0	109.25	dns
3	238	0	0	0.0	0.075	0.0	5.95	2	140	0	0	0.0	0.05	0.0	3.5	dns
3	238	0	0	0.0	0.075	0.0	5.95	2	140	0	0	0.0	0.05	0.0	3.5	dns
33	2514	0	0	0.0	0.825	0.0	62.85	0	0	0	0	0.0	0.0	0.0	0.0	dns
43	5118	0	0	0.0	1.048780487804878	0.0	124.82926829268293	47	4370	0	0	0.0	1.175	0.0	109.25	dns
3	238	0	0	0.0	0.075	0.0	5.95	2	140	0	0	0.0	0.05	0.0	3.5	dns
3	238	0	0	0.0	0.075	0.0	5.95	2	140	0	0	0.0	0.05	0.0	3.5	dns
33	2514	0	0	0.0	0.825	0.0	62.85	0	0	0	0	0.0	0.0	0.0	0.0	dns
43	5118	0	0	0.0	1.048780487804878	0.0	124.82926829268293	47	4370	0	0	0.0	1.146341463414634	0.0	106.58536585365853	dns
3	238	0	0	0.0	0.075	0.0	5.95	2	140	0	0	0.0	0.05	0.0	3.5	dns
3	238	0	0	0.0	0.075	0.0	5.95	2	140	0	0	0.0	0.05	0.0	3.5	dns
33	2514	0	0	0.0	0.825	0.0	62.85	0	0	0	0	0.0	0.0	0.0	0.0	dns
43	5118	0	0	0.0	1.048780487804878	0.0	124.82926829268293	47	4370	0	0	0.0	1.146341463414634	0.0	106.58536585365853	dns
3	238	0	0	0.0	0.07317073170731707	0.0	5.804878048780488	2	140	0	0	0.0	0.05	0.0	3.5	dns
3	238	0	0	0.0	0.075	0.0	5.95	2	140	0	0	0.0	0.05	0.0	3.5	dns
33	2514	0	0	0.0	0.825	0.0	62.85	0	0	0	0	0.0	0.0	0.0	0.0	dns
43	5118	0	0	0.0	1.048780487804878	0.0	124.82926829268293	47	4370	0	0	0.0	1.146341463414634	0.0	106.58536585365853	dns
3	238	0	0	0.0	0.07317073170731707	0.0	5.804878048780488	2	140	0	0	0.0	0.04878048780487805	0.0	3.4146341463414633	dns
3	238	0	0	0.0	0.075	0.0	5.95	2	140	0	0	0.0	0.05	0.0	3.5	dns
33	2514	0	0	0.0	0.825	0.0	62.85	0	0	0	0	0.0	0.0	0.0	0.0	dns
43	5118	0	0	0.0	1.048780487804878	0.0	124.82926829268293	47	4370	0	0	0.0	1.146341463414634	0.0	106.58536585365853	dns
3	238	0	0	0.0	0.07317073170731707	0.0	5.804878048780488	2	140	0	0	0.0	0.04878048780487805	0.0	3.4146341463414633	dns
3	238	0	0	0.0	0.07317073170731707	0.0	5.804878048780488	2	140	0	0	0.0	0.05	0.0	3.5	dns
33	2514	0	0	0.0	0.825	0.0	62.85	0	0	0	0	0.0	0.0	0.0	0.0	dns
43	5118	0	0	0.0	1.048780487804878	0.0	124.82926829268293	47	4370	0	0	0.0	1.146341463414634	0.0	106.58536585365853	dns
3	238	0	0	0.0	0.07317073170731707	0.0	5.804878048780488	2	140	0	0	0.0	0.04878048780487805	0.0	3.4146341463414633	dns
3	238	0	0	0.0	0.07317073170731707	0.0	5.804878048780488	2	140	0	0	0.0	0.04878048780487805	0.0	3.4146341463414633	dns
33	2514	0	0	0.0	0.825	0.0	62.85	0	0	0	0	0.0	0.0	0.0	0.0	dns
43	5118	0	0	0.0	1.048780487804878	0.0	124.82926829268293	47	4370	0	0	0.0	1.146341463414634	0.0	106.58536585365853	dns
3	238	0	0	0.0	0.07317073170731707	0.0	5.804878048780488	2	140	0	0	0.0	0.04878048780487805	0.0	3.4146341463414633	dns
3	238	0	0	0.0	0.07317073170731707	0.0	5.804878048780488	2	140	0	0	0.0	0.04878048780487805	0.0	3.4146341463414633	dns
33	2514	0	0	0.0	0.8048780487804879	0.0	61.31707317073171	0	0	0	0	0.0	0.0	0.0	0.0	dns
43	5118	0	0	0.0	1.0238095238095237	0.0	121.85714285714286	47	4370	0	0	0.0	1.146341463414634	0.0	106.58536585365853	dns
3	238	0	0	0.0	0.07317073170731707	0.0	5.804878048780488	2	140	0	0	0.0	0.04878048780487805	0.0	3.4146341463414633	dns
3	238	0	0	0.0	0.07317073170731707	0.0	5.804878048780488	2	140	0	0	0.0	0.04878048780487805	0.0	3.4146341463414633	dns
33	2514	0	0	0.0	0.8048780487804879	0.0	61.31707317073171	0	0	0	0	0.0	0.0	0.0	0.0	dns
43	5118	0	0	0.0	1.0238095238095237	0.0	121.85714285714286	47	4370	0	0	0.0	1.119047619047619	0.0	104.04761904761905	dns
3	238	0	0	0.0	0.07317073170731707	0.0	5.804878048780488	2	140	0	0	0.0	0.04878048780487805	0.0	3.4146341463414633	dns
3	238	0	0	0.0	0.07317073170731707	0.0	5.804878048780488	2	140	0	0	0.0	0.04878048780487805	0.0	3.4146341463414633	dns
33	2514	0	0	0.0	0.8048780487804879	0.0	61.31707317073171	0	0	0	0	0.0	0.0	0.0	0.0	dns
43	5118	0	0	0.0	1.0238095238095237	0.0	121.85714285714286	47	4370	0	0	0.0	1.119047619047619	0.0	104.04761904761905	dns
3	238	0	0	0.0	0.07142857142857142	0.0	5.666666666666667	2	140	0	0	0.0	0.04878048780487805	0.0	3.4146341463414633	dns
3	238	0	0	0.0	0.07317073170731707	0.0	5.804878048780488	2	140	0	0	0.0	0.04878048780487805	0.0	3.4146341463414633	dns
33	2514	0	0	0.0	0.8048780487804879	0.0	61.31707317073171	0	0	0	0	0.0	0.0	0.0	0.0	dns
43	5118	0	0	0.0	1.0238095238095237	0.0	121.85714285714286	47	4370	0	0	0.0	1.119047619047619	0.0	104.04761904761905	dns
3	238	0	0	0.0	0.07142857142857142	0.0	5.666666666666667	2	140	0	0	0.0	0.047619047619047616	0.0	3.3333333333333335	dns
3	238	0	0	0.0	0.07317073170731707	0.0	5.804878048780488	2	140	0	0	0.0	0.04878048780487805	0.0	3.4146341463414633	dns
33	2514	0	0	0.0	0.8048780487804879	0.0	61.31707317073171	0	0	0	0	0.0	0.0	0.0	0.0	dns
43	5118	0	0	0.0	1.0238095238095237	0.0	121.85714285714286	47	4370	0	0	0.0	1.119047619047619	0.0	104.04761904761905	dns
3	238	0	0	0.0	0.07142857142857142	0.0	5.666666666666667	2	140	0	0	0.0	0.047619047619047616	0.0	3.3333333333333335	dns
3	238	0	0	0.0	0.07142857142857142	0.0	5.666666666666667	2	140	0	0	0.0	0.04878048780487805	0.0	3.4146341463414633	dns
33	2514	0	0	0.0	0.8048780487804879	0.0	61.31707317073171	0	0	0	0	0.0	0.0	0.0	0.0	dns
43	5118	0	0	0.0	1.0238095238095237	0.0	121.85714285714286	47	4370	0	0	0.0	1.119047619047619	0.0	104.04761904761905	dns
3	238	0	0	0.0	0.07142857142857142	0.0	5.666666666666667	2	140	0	0	0.0	0.047619047619047616	0.0	3.3333333333333335	dns
3	238	0	0	0.0	0.07142857142857142	0.0	5.666666666666667	2	140	0	0	0.0	0.047619047619047616	0.0	3.3333333333333335	dns
33	2514	0	0	0.0	0.8048780487804879	0.0	61.31707317073171	0	0	0	0	0.0	0.0	0.0	0.0	dns
43	5118	0	0	0.0	1.0238095238095237	0.0	121.85714285714286	47	4370	0	0	0.0	1.119047619047619	0.0	104.04761904761905	dns
3	238	0	0	0.0	0.07142857142857142	0.0	5.666666666666667	2	140	0	0	0.0	0.047619047619047616	0.0	3.3333333333333335	dns
3	238	0	0	0.0	0.07142857142857142	0.0	5.666666666666667	2	140	0	0	0.0	0.047619047619047616	0.0	3.3333333333333335	dns
33	2514	0	0	0.0	0.7857142857142857	0.0	59.857142857142854	0	0	0	0	0.0	0.0	0.0	0.0	dns
43	5118	0	0	0.0	1.0	0.0	119.02325581395348	47	4370	0	0	0.0	1.119047619047619	0.0	104.04761904761905	dns
3	238	0	0	0.0	0.07142857142857142	0.0	5.666666666666667	2	140	0	0	0.0	0.047619047619047616	0.0	3.3333333333333335	dns
3	238	0	0	0.0	0.07142857142857142	0.0	5.666666666666667	2	140	0	0	0.0	0.047619047619047616	0.0	3.3333333333333335	dns
33	2514	0	0	0.0	0.7857142857142857	0.0	59.857142857142854	0	0	0	0	0.0	0.0	0.0	0.0	dns
43	5118	0	0	0.0	1.0	0.0	119.02325581395348	47	4370	0	0	0.0	1.0930232558139534	0.0	101.62790697674419	dns
3	238	0	0	0.0	0.07142857142857142	0.0	5.666666666666667	2	140	0	0	0.0	0.047619047619047616	0.0	3.3333333333333335	dns
3	238	0	0	0.0	0.07142857142857142	0.0	5.666666666666667	2	140	0	0	0.0	0.047619047619047616	0.0	3.3333333333333335	dns
33	2514	0	0	0.0	0.7857142857142857	0.0	59.857142857142854	0	0	0	0	0.0	0.0	0.0	0.0	dns
43	5118	0	0	0.0	1.0	0.0	119.02325581395348	47	4370	0	0	0.0	1.0930232558139534	0.0	101.62790697674419	dns
3	238	0	0	0.0	0.06976744186046512	0.0	5.534883720930233	2	140	0	0	0.0	0.047619047619047616	0.0	3.3333333333333335	dns
3	238	0	0	0.0	0.07142857142857142	0.0	5.666666666666667	2	140	0	0	0.0	0.047619047619047616	0.0	3.3333333333333335	dns
33	2514	0	0	0.0	0.7857142857142857	0.0	59.857142857142854	0	0	0	0	0.0	0.0	0.0	0.0	dns
43	5118	0	0	0.0	1.0	0.0	119.02325581395348	47	4370	0	0	0.0	1.0930232558139534	0.0	101.62790697674419	dns
3	238	0	0	0.0	0.06976744186046512	0.0	5.534883720930233	2	140	0	0	0.0	0.046511627906976744	0.0	3.255813953488372	dns
3	238	0	0	0.0	0.07142857142857142	0.0	5.666666666666667	2	140	0	0	0.0	0.047619047619047616	0.0	3.3333333333333335	dns
33	2514	0	0	0.0	0.7857142857142857	0.0	59.857142857142854	0	0	0	0	0.0	0.0	0.0	0.0	dns
43	5118	0	0	0.0	1.0	0.0	119.02325581395348	47	4370	0	0	0.0	1.0930232558139534	0.0	101.62790697674419	dns
3	238	0	0	0.0	0.06976744186046512	0.0	5.534883720930233	2	140	0	0	0.0	0.046511627906976744	0.0	3.255813953488372	dns
3	238	0	0	0.0	0.06976744186046512	0.0	5.534883720930233	2	140	0	0	0.0	0.047619047619047616	0.0	3.3333333333333335	dns
33	2514	0	0	0.0	0.7857142857142857	0.0	59.857142857142854	0	0	0	0	0.0	0.0	0.0	0.0	dns
43	5118	0	0	0.0	1.0	0.0	119.02325581395348	47	4370	0	0	0.0	1.0930232558139534	0.0	101.62790697674419	dns
3	238	0	0	0.0	0.06976744186046512	0.0	5.534883720930233	2	140	0	0	0.0	0.046511627906976744	0.0	3.255813953488372	dns
3	238	0	0	0.0	0.06976744186046512	0.0	5.534883720930233	2	140	0	0	0.0	0.046511627906976744	0.0	3.255813953488372	dns
33	2514	0	0	0.0	0.7857142857142857	0.0	59.857142857142854	0	0	0	0	0.0	0.0	0.0	0.0	dns
43	5118	0	0	0.0	1.0	0.0	119.02325581395348	47	4370	0	0	0.0	1.0930232558139534	0.0	101.62790697674419	dns
3	238	0	0	0.0	0.06976744186046512	0.0	5.534883720930233	2	140	0	0	0.0	0.046511627906976744	0.0	3.255813953488372	dns
3	238	0	0	0.0	0.06976744186046512	0.0	5.534883720930233	2	140	0	0	0.0	0.046511627906976744	0.0	3.255813953488372	dns
33	2514	0	0	0.0	0.7674418604651163	0.0	58.46511627906977	0	0	0	0	0.0	0.0	0.0	0.0	dns
43	5118	0	0	0.0	0.9772727272727273	0.0	116.31818181818181	47	4370	0	0	0.0	1.0930232558139534	0.0	101.62790697674419	dns
3	238	0	0	0.0	0.06976744186046512	0.0	5.534883720930233	2	140	0	0	0.0	0.046511627906976744	0.0	3.255813953488372	dns
3	238	0	0	0.0	0.06976744186046512	0.0	5.534883720930233	2	140	0	0	0.0	0.046511627906976744	0.0	3.255813953488372	dns
33	2514	0	0	0.0	0.7674418604651163	0.0	58.46511627906977	0	0	0	0	0.0	0.0	0.0	0.0	dns
43	5118	0	0	0.0	0.9772727272727273	0.0	116.31818181818181	47	4370	0	0	0.0	1.0681818181818181	0.0	99.31818181818181	dns
3	238	0	0	0.0	0.06976744186046512	0.0	5.534883720930233	2	140	0	0	0.0	0.046511627906976744	0.0	3.255813953488372	dns
3	238	0	0	0.0	0.06976744186046512	0.0	5.534883720930233	2	140	0	0	0.0	0.046511627906976744	0.0	3.255813953488372	dns
33	2514	0	0	0.0	0.7674418604651163	0.0	58.46511627906977	0	0	0	0	0.0	0.0	0.0	0.0	dns
43	5118	0	0	0.0	0.9772727272727273	0.0	116.31818181818181	47	4370	0	0	0.0	1.0681818181818181	0.0	99.31818181818181	dns
3	238	0	0	0.0	0.06818181818181818	0.0	5.409090909090909	2	140	0	0	0.0	0.046511627906976744	0.0	3.255813953488372	dns
3	238	0	0	0.0	0.06976744186046512	0.0	5.534883720930233	2	140	0	0	0.0	0.046511627906976744	0.0	3.255813953488372	dns
33	2514	0	0	0.0	0.7674418604651163	0.0	58.46511627906977	0	0	0	0	0.0	0.0	0.0	0.0	dns
43	5118	0	0	0.0	0.9772727272727273	0.0	116.31818181818181	47	4370	0	0	0.0	1.0681818181818181	0.0	99.31818181818181	dns
3	238	0	0	0.0	0.06818181818181818	0.0	5.409090909090909	2	140	0	0	0.0	0.045454545454545456	0.0	3.1818181818181817	dns
3	238	0	0	0.0	0.06976744186046512	0.0	5.534883720930233	2	140	0	0	0.0	0.046511627906976744	0.0	3.255813953488372	dns
33	2514	0	0	0.0	0.7674418604651163	0.0	58.46511627906977	0	0	0	0	0.0	0.0	0.0	0.0	dns
43	5118	0	0	0.0	0.9772727272727273	0.0	116.31818181818181	47	4370	0	0	0.0	1.0681818181818181	0.0	99.31818181818181	dns
3	238	0	0	0.0	0.06818181818181818	0.0	5.409090909090909	2	140	0	0	0.0	0.045454545454545456	0.0	3.1818181818181817	dns
3	238	0	0	0.0	0.06818181818181818	0.0	5.409090909090909	2	140	0	0	0.0	0.046511627906976744	0.0	3.255813953488372	dns
33	2514	0	0	0.0	0.7674418604651163	0.0	58.46511627906977	0	0	0	0	0.0	0.0	0.0	0.0	dns
43	5118	0	0	0.0	0.9772727272727273	0.0	116.31818181818181	47	4370	0	0	0.0	1.0681818181818181	0.0	99.31818181818181	dns
3	238	0	0	0.0	0.06818181818181818	0.0	5.409090909090909	2	140	0	0	0.0	0.045454545454545456	0.0	3.1818181818181817	dns
3	238	0	0	0.0	0.06818181818181818	0.0	5.409090909090909	2	140	0	0	0.0	0.045454545454545456	0.0	3.1818181818181817	dns
33	2514	0	0	0.0	0.7674418604651163	0.0	58.46511627906977	0	0	0	0	0.0	0.0	0.0	0.0	dns
43	5118	0	0	0.0	0.9772727272727273	0.0	116.31818181818181	47	4370	0	0	0.0	1.0681818181818181	0.0	99.31818181818181	dns
3	238	0	0	0.0	0.06818181818181818	0.0	5.409090909090909	2	140	0	0	0.0	0.045454545454545456	0.0	3.1818181818181817	dns
3	238	0	0	0.0	0.06818181818181818	0.0	5.409090909090909	2	140	0	0	0.0	0.045454545454545456	0.0	3.1818181818181817	dns
33	2514	0	0	0.0	0.75	0.0	57.13636363636363	0	0	0	0	0.0	0.0	0.0	0.0	dns
