Forward Packets	Forward Bytes	Delta Forward Packets	Delta Forward Bytes	Forward Instantaneous Packets per Second	Forward Average Packets per second	Forward Instantaneous Bytes per Second	Forward Average Bytes per second	Reverse Packets	Reverse Bytes	Delta Reverse Packets	Delta Reverse Bytes	DeltaReverse Instantaneous Packets per Second	Reverse Average Packets per second	Reverse Instantaneous Bytes per Second	Reverse Average Bytes per second	Traffic Type
2	196	0	0	0.0	0.0	0.0	0.0	0	0	0	0	0.0	0.0	0.0	0.0	https
2	196	0	0	0.0	0.0	0.0	0.0	1	98	1	98	0.0	0.0	0.0	0.0	https
2	196	0	0	0.0	0.0	0.0	0.0	1	98	1	98	0.0	0.0	0.0	0.0	https
2	196	0	0	0.0	0.0	0.0	0.0	0	0	0	0	0.0	0.0	0.0	0.0	https
2	196	0	0	0.0	0.0	0.0	0.0	1	98	1	98	0.0	0.0	0.0	0.0	https
2	196	0	0	0.0	0.0	0.0	0.0	1	98	1	98	0.0	0.0	0.0	0.0	https
2	196	0	0	0.0	0.0	0.0	0.0	1	98	1	98	0.0	0.0	0.0	0.0	https
2	196	0	0	0.0	0.0	0.0	0.0	1	98	1	98	0.0	0.0	0.0	0.0	https
1	98	0	0	0.0	0.0	0.0	0.0	0	0	0	0	0.0	0.0	0.0	0.0	https
2	196	0	0	0.0	0.0	0.0	0.0	1	98	1	98	0.0	0.0	0.0	0.0	https
2	196	0	0	0.0	0.0	0.0	0.0	1	98	1	98	0.0	0.0	0.0	0.0	https
1	98	0	0	0.0	0.0	0.0	0.0	0	0	0	0	0.0	0.0	0.0	0.0	https
2	196	0	0	0.0	0.0	0.0	0.0	1	98	1	98	0.0	0.0	0.0	0.0	https
2	196	0	0	0.0	0.0	0.0	0.0	1	98	1	98	0.0	0.0	0.0	0.0	https
1	98	0	0	0.0	0.0	0.0	0.0	0	0	0	0	0.0	0.0	0.0	0.0	https
10	656	0	0	0.0	0.0	0.0	0.0	0	0	0	0	0.0	0.0	0.0	0.0	https
2	196	0	0	0.0	2.0	0.0	196.0	1	98	1	98	0.0	0.0	0.0	0.0	https
2	196	0	0	0.0	0.0	0.0	0.0	1	98	1	98	0.0	0.0	0.0	0.0	https
1	98	0	0	0.0	0.0	0.0	0.0	0	0	0	0	0.0	0.0	0.0	0.0	https
10	656	0	0	0.0	0.0	0.0	0.0	0	0	0	0	0.0	0.0	0.0	0.0	https
2	196	0	0	0.0	2.0	0.0	196.0	1	98	0	0	0.0	1.0	0.0	98.0	https
2	196	0	0	0.0	0.0	0.0	0.0	1	98	1	98	0.0	0.0	0.0	0.0	https
1	98	0	0	0.0	0.0	0.0	0.0	0	0	0	0	0.0	0.0	0.0	0.0	https
10	656	0	0	0.0	0.0	0.0	0.0	0	0	0	0	0.0	0.0	0.0	0.0	https
2	196	0	0	0.0	2.0	0.0	196.0	1	98	0	0	0.0	1.0	0.0	98.0	https
2	196	0	0	0.0	2.0	0.0	196.0	1	98	1	98	0.0	0.0	0.0	0.0	https
1	98	0	0	0.0	0.0	0.0	0.0	0	0	0	0	0.0	0.0	0.0	0.0	https
10	656	0	0	0.0	0.0	0.0	0.0	0	0	0	0	0.0	0.0	0.0	0.0	https
2	196	0	0	0.0	2.0	0.0	196.0	1	98	0	0	0.0	1.0	0.0	98.0	https
2	196	0	0	0.0	2.0	0.0	196.0	1	98	0	0	0.0	1.0	0.0	98.0	https
1	98	0	0	0.0	0.0	0.0	0.0	0	0	0	0	0.0	0.0	0.0	0.0	https
10	656	0	0	0.0	0.0	0.0	0.0	0	0	0	0	0.0	0.0	0.0	0.0	https
2	196	0	0	0.0	2.0	0.0	196.0	1	98	0	0	0.0	1.0	0.0	98.0	https
2	196	0	0	0.0	2.0	0.0	196.0	1	98	0	0	0.0	1.0	0.0	98.0	https
2	196	1	98	1.0	2.0	98.0	196.0	0	0	0	0	0.0	0.0	0.0	0.0	https
10	656	0	0	0.0	0.0	0.0	0.0	0	0	0	0	0.0	0.0	0.0	0.0	https
2	196	0	0	0.0	2.0	0.0	196.0	1	98	0	0	0.0	1.0	0.0	98.0	https
2	196	0	0	0.0	2.0	0.0	196.0	1	98	0	0	0.0	1.0	0.0	98.0	https
2	196	1	98	1.0	2.0	98.0	196.0	1	98	1	98	1.0	1.0	98.0	98.0	https
10	656	0	0	0.0	0.0	0.0	0.0	0	0	0	0	0.0	0.0	0.0	0.0	https
2	196	0	0	0.0	2.0	0.0	196.0	1	98	0	0	0.0	1.0	0.0	98.0	https
2	196	0	0	0.0	2.0	0.0	196.0	1	98	0	0	0.0	1.0	0.0	98.0	https
2	196	1	98	1.0	2.0	98.0	196.0	1	98	1	98	1.0	1.0	98.0	98.0	https
16	1208	6	552	6.0	16.0	552.0	1208.0	0	0	0	0	0.0	0.0	0.0	0.0	https
2	196	0	0	0.0	1.0	0.0	98.0	1	98	0	0	0.0	1.0	0.0	98.0	https
2	196	0	0	0.0	2.0	0.0	196.0	1	98	0	0	0.0	1.0	0.0	98.0	https
2	196	1	98	1.0	2.0	98.0	196.0	1	98	1	98	1.0	1.0	98.0	98.0	https
16	1208	6	552	6.0	16.0	552.0	1208.0	0	0	0	0	0.0	0.0	0.0	0.0	https
2	196	0	0	0.0	1.0	0.0	98.0	1	98	0	0	0.0	0.5	0.0	49.0	https
2	196	0	0	0.0	2.0	0.0	196.0	1	98	0	0	0.0	1.0	0.0	98.0	https
2	196	1	98	1.0	2.0	98.0	196.0	1	98	1	98	1.0	1.0	98.0	98.0	https
16	1208	6	552	6.0	16.0	552.0	1208.0	0	0	0	0	0.0	0.0	0.0	0.0	https
2	196	0	0	0.0	1.0	0.0	98.0	1	98	0	0	0.0	0.5	0.0	49.0	https
2	196	0	0	0.0	1.0	0.0	98.0	1	98	0	0	0.0	1.0	0.0	98.0	https
2	196	1	98	1.0	2.0	98.0	196.0	1	98	1	98	1.0	1.0	98.0	98.0	https
16	1208	6	552	6.0	16.0	552.0	1208.0	0	0	0	0	0.0	0.0	0.0	0.0	https
2	196	0	0	0.0	1.0	0.0	98.0	1	98	0	0	0.0	0.5	0.0	49.0	https
2	196	0	0	0.0	1.0	0.0	98.0	1	98	0	0	0.0	0.5	0.0	49.0	https
2	196	1	98	1.0	2.0	98.0	196.0	1	98	1	98	1.0	1.0	98.0	98.0	https
16	1208	6	552	6.0	16.0	552.0	1208.0	0	0	0	0	0.0	0.0	0.0	0.0	https
2	196	0	0	0.0	1.0	0.0	98.0	1	98	0	0	0.0	0.5	0.0	49.0	https
2	196	0	0	0.0	1.0	0.0	98.0	1	98	0	0	0.0	0.5	0.0	49.0	https
2	196	0	0	0.0	1.0	0.0	98.0	1	98	1	98	1.0	1.0	98.0	98.0	https
16	1208	6	552	6.0	16.0	552.0	1208.0	0	0	0	0	0.0	0.0	0.0	0.0	https
2	196	0	0	0.0	1.0	0.0	98.0	1	98	0	0	0.0	0.5	0.0	49.0	https
2	196	0	0	0.0	1.0	0.0	98.0	1	98	0	0	0.0	0.5	0.0	49.0	https
2	196	0	0	0.0	1.0	0.0	98.0	1	98	0	0	0.0	0.5	0.0	49.0	https
16	1208	6	552	6.0	16.0	552.0	1208.0	0	0	0	0	0.0	0.0	0.0	0.0	https
2	196	0	0	0.0	1.0	0.0	98.0	1	98	0	0	0.0	0.5	0.0	49.0	https
2	196	0	0	0.0	1.0	0.0	98.0	1	98	0	0	0.0	0.5	0.0	49.0	https
2	196	0	0	0.0	1.0	0.0	98.0	1	98	0	0	0.0	0.5	0.0	49.0	https
21	1618	5	410	5.0	10.5	410.0	809.0	0	0	0	0	0.0	0.0	0.0	0.0	https
2	196	0	0	0.0	0.6666666666666666	0.0	65.33333333333333	1	98	0	0	0.0	0.5	0.0	49.0	https
2	196	0	0	0.0	1.0	0.0	98.0	1	98	0	0	0.0	0.5	0.0	49.0	https
2	196	0	0	0.0	1.0	0.0	98.0	1	98	0	0	0.0	0.5	0.0	49.0	https
21	1618	5	410	5.0	10.5	410.0	809.0	0	0	0	0	0.0	0.0	0.0	0.0	https
2	196	0	0	0.0	0.6666666666666666	0.0	65.33333333333333	1	98	0	0	0.0	0.3333333333333333	0.0	32.666666666666664	https
2	196	0	0	0.0	1.0	0.0	98.0	1	98	0	0	0.0	0.5	0.0	49.0	https
2	196	0	0	0.0	1.0	0.0	98.0	1	98	0	0	0.0	0.5	0.0	49.0	https
21	1618	5	410	5.0	10.5	410.0	809.0	0	0	0	0	0.0	0.0	0.0	0.0	https
2	196	0	0	0.0	0.6666666666666666	0.0	65.33333333333333	1	98	0	0	0.0	0.3333333333333333	0.0	32.666666666666664	https
2	196	0	0	0.0	0.6666666666666666	0.0	65.33333333333333	1	98	0	0	0.0	0.5	0.0	49.0	https
2	196	0	0	0.0	1.0	0.0	98.0	1	98	0	0	0.0	0.5	0.0	49.0	https
21	1618	5	410	5.0	10.5	410.0	809.0	0	0	0	0	0.0	0.0	0.0	0.0	https
2	196	0	0	0.0	0.6666666666666666	0.0	65.33333333333333	1	98	0	0	0.0	0.3333333333333333	0.0	32.666666666666664	https
2	196	0	0	0.0	0.6666666666666666	0.0	65.33333333333333	1	98	0	0	0.0	0.3333333333333333	0.0	32.666666666666664	https
2	196	0	0	0.0	1.0	0.0	98.0	1	98	0	0	0.0	0.5	0.0	49.0	https
21	1618	5	410	5.0	10.5	410.0	809.0	0	0	0	0	0.0	0.0	0.0	0.0	https
2	196	0	0	0.0	0.6666666666666666	0.0	65.33333333333333	1	98	0	0	0.0	0.3333333333333333	0.0	32.666666666666664	https
2	196	0	0	0.0	0.6666666666666666	0.0	65.33333333333333	1	98	0	0	0.0	0.3333333333333333	0.0	32.666666666666664	https
2	196	0	0	0.0	0.6666666666666666	0.0	65.33333333333333	1	98	0	0	0.0	0.5	0.0	49.0	https
21	1618	5	410	5.0	10.5	410.0	809.0	0	0	0	0	0.0	0.0	0.0	0.0	https
2	196	0	0	0.0	0.6666666666666666	0.0	65.33333333333333	1	98	0	0	0.0	0.3333333333333333	0.0	32.666666666666664	https
2	196	0	0	0.0	0.6666666666666666	0.0	65.33333333333333	1	98	0	0	0.0	0.3333333333333333	0.0	32.666666666666664	https
2	196	0	0	0.0	0.6666666666666666	0.0	65.33333333333333	1	98	0	0	0.0	0.3333333333333333	0.0	32.666666666666664	https
21	1618	5	410	5.0	10.5	410.0	809.0	0	0	0	0	0.0	0.0	0.0	0.0	https
2	196	0	0	0.0	0.6666666666666666	0.0	65.33333333333333	1	98	0	0	0.0	0.3333333333333333	0.0	32.666666666666664	https
2	196	0	0	0.0	0.6666666666666666	0.0	65.33333333333333	1	98	0	0	0.0	0.3333333333333333	0.0	32.666666666666664	https
2	196	0	0	0.0	0.6666666666666666	0.0	65.33333333333333	1	98	0	0	0.0	0.3333333333333333	0.0	32.666666666666664	https
23	1798	2	180	2.0	7.666666666666667	180.0	599.3333333333334	0	0	0	0	0.0	0.0	0.0	0.0	https
2	196	0	0	0.0	0.5	0.0	49.0	1	98	0	0	0.0	0.3333333333333333	0.0	32.666666666666664	https
2	196	0	0	0.0	0.6666666666666666	0.0	65.33333333333333	1	98	0	0	0.0	0.3333333333333333	0.0	32.666666666666664	https
2	196	0	0	0.0	0.6666666666666666	0.0	65.33333333333333	1	98	0	0	0.0	0.3333333333333333	0.0	32.666666666666664	https
23	1798	2	180	2.0	7.666666666666667	180.0	599.3333333333334	0	0	0	0	0.0	0.0	0.0	0.0	https
2	196	0	0	0.0	0.5	0.0	49.0	1	98	0	0	0.0	0.25	0.0	24.5	https
2	196	0	0	0.0	0.6666666666666666	0.0	65.33333333333333	1	98	0	0	0.0	0.3333333333333333	0.0	32.666666666666664	https
2	196	0	0	0.0	0.6666666666666666	0.0	65.33333333333333	1	98	0	0	0.0	0.3333333333333333	0.0	32.666666666666664	https
23	1798	2	180	2.0	7.666666666666667	180.0	599.3333333333334	0	0	0	0	0.0	0.0	0.0	0.0	https
2	196	0	0	0.0	0.5	0.0	49.0	1	98	0	0	0.0	0.25	0.0	24.5	https
2	196	0	0	0.0	0.5	0.0	49.0	1	98	0	0	0.0	0.3333333333333333	0.0	32.666666666666664	https
2	196	0	0	0.0	0.6666666666666666	0.0	65.33333333333333	1	98	0	0	0.0	0.3333333333333333	0.0	32.666666666666664	https
23	1798	2	180	2.0	7.666666666666667	180.0	599.3333333333334	0	0	0	0	0.0	0.0	0.0	0.0	https
2	196	0	0	0.0	0.5	0.0	49.0	1	98	0	0	0.0	0.25	0.0	24.5	https
2	196	0	0	0.0	0.5	0.0	49.0	1	98	0	0	0.0	0.25	0.0	24.5	https
2	196	0	0	0.0	0.6666666666666666	0.0	65.33333333333333	1	98	0	0	0.0	0.3333333333333333	0.0	32.666666666666664	https
23	1798	2	180	2.0	7.666666666666667	180.0	599.3333333333334	0	0	0	0	0.0	0.0	0.0	0.0	https
2	196	0	0	0.0	0.5	0.0	49.0	1	98	0	0	0.0	0.25	0.0	24.5	https
2	196	0	0	0.0	0.5	0.0	49.0	1	98	0	0	0.0	0.25	0.0	24.5	https
2	196	0	0	0.0	0.5	0.0	49.0	1	98	0	0	0.0	0.3333333333333333	0.0	32.666666666666664	https
23	1798	2	180	2.0	7.666666666666667	180.0	599.3333333333334	0	0	0	0	0.0	0.0	0.0	0.0	https
2	196	0	0	0.0	0.5	0.0	49.0	1	98	0	0	0.0	0.25	0.0	24.5	https
2	196	0	0	0.0	0.5	0.0	49.0	1	98	0	0	0.0	0.25	0.0	24.5	https
2	196	0	0	0.0	0.5	0.0	49.0	1	98	0	0	0.0	0.25	0.0	24.5	https
23	1798	2	180	2.0	7.666666666666667	180.0	599.3333333333334	0	0	0	0	0.0	0.0	0.0	0.0	https
2	196	0	0	0.0	0.5	0.0	49.0	1	98	0	0	0.0	0.25	0.0	24.5	https
2	196	0	0	0.0	0.5	0.0	49.0	1	98	0	0	0.0	0.25	0.0	24.5	https
2	196	0	0	0.0	0.5	0.0	49.0	1	98	0	0	0.0	0.25	0.0	24.5	https
23	1798	0	0	0.0	5.75	0.0	449.5	0	0	0	0	0.0	0.0	0.0	0.0	https
3	238	1	42	1.0	0.6	42.0	47.6	1	98	0	0	0.0	0.25	0.0	24.5	https
2	196	0	0	0.0	0.5	0.0	49.0	1	98	0	0	0.0	0.25	0.0	24.5	https
2	196	0	0	0.0	0.5	0.0	49.0	1	98	0	0	0.0	0.25	0.0	24.5	https
23	1798	0	0	0.0	5.75	0.0	449.5	0	0	0	0	0.0	0.0	0.0	0.0	https
3	238	1	42	1.0	0.6	42.0	47.6	2	140	1	42	1.0	0.4	42.0	28.0	https
2	196	0	0	0.0	0.5	0.0	49.0	1	98	0	0	0.0	0.25	0.0	24.5	https
2	196	0	0	0.0	0.5	0.0	49.0	1	98	0	0	0.0	0.25	0.0	24.5	https
23	1798	0	0	0.0	5.75	0.0	449.5	0	0	0	0	0.0	0.0	0.0	0.0	https
3	238	1	42	1.0	0.6	42.0	47.6	2	140	1	42	1.0	0.4	42.0	28.0	https
3	238	1	42	1.0	0.6	42.0	47.6	1	98	0	0	0.0	0.25	0.0	24.5	https
2	196	0	0	0.0	0.5	0.0	49.0	1	98	0	0	0.0	0.25	0.0	24.5	https
23	1798	0	0	0.0	5.75	0.0	449.5	0	0	0	0	0.0	0.0	0.0	0.0	https
3	238	1	42	1.0	0.6	42.0	47.6	2	140	1	42	1.0	0.4	42.0	28.0	https
3	238	1	42	1.0	0.6	42.0	47.6	2	140	1	42	1.0	0.4	42.0	28.0	https
2	196	0	0	0.0	0.5	0.0	49.0	1	98	0	0	0.0	0.25	0.0	24.5	https
23	1798	0	0	0.0	5.75	0.0	449.5	0	0	0	0	0.0	0.0	0.0	0.0	https
3	238	1	42	1.0	0.6	42.0	47.6	2	140	1	42	1.0	0.4	42.0	28.0	https
3	238	1	42	1.0	0.6	42.0	47.6	2	140	1	42	1.0	0.4	42.0	28.0	https
2	196	0	0	0.0	0.4	0.0	39.2	1	98	0	0	0.0	0.25	0.0	24.5	https
23	1798	0	0	0.0	5.75	0.0	449.5	0	0	0	0	0.0	0.0	0.0	0.0	https
3	238	1	42	1.0	0.6	42.0	47.6	2	140	1	42	1.0	0.4	42.0	28.0	https
3	238	1	42	1.0	0.6	42.0	47.6	2	140	1	42	1.0	0.4	42.0	28.0	https
2	196	0	0	0.0	0.4	0.0	39.2	2	140	1	42	1.0	0.4	42.0	28.0	https
23	1798	0	0	0.0	5.75	0.0	449.5	0	0	0	0	0.0	0.0	0.0	0.0	https
3	238	1	42	1.0	0.6	42.0	47.6	2	140	1	42	1.0	0.4	42.0	28.0	https
3	238	1	42	1.0	0.6	42.0	47.6	2	140	1	42	1.0	0.4	42.0	28.0	https
2	196	0	0	0.0	0.4	0.0	39.2	2	140	1	42	1.0	0.4	42.0	28.0	https
23	1798	0	0	0.0	4.6	0.0	359.6	0	0	0	0	0.0	0.0	0.0	0.0	https
3	238	0	0	0.0	0.5	0.0	39.666666666666664	2	140	1	42	1.0	0.4	42.0	28.0	https
3	238	1	42	1.0	0.6	42.0	47.6	2	140	1	42	1.0	0.4	42.0	28.0	https
2	196	0	0	0.0	0.4	0.0	39.2	2	140	1	42	1.0	0.4	42.0	28.0	https
23	1798	0	0	0.0	4.6	0.0	359.6	0	0	0	0	0.0	0.0	0.0	0.0	https
3	238	0	0	0.0	0.5	0.0	39.666666666666664	2	140	0	0	0.0	0.3333333333333333	0.0	23.333333333333332	https
3	238	1	42	1.0	0.6	42.0	47.6	2	140	1	42	1.0	0.4	42.0	28.0	https
2	196	0	0	0.0	0.4	0.0	39.2	2	140	1	42	1.0	0.4	42.0	28.0	https
23	1798	0	0	0.0	4.6	0.0	359.6	0	0	0	0	0.0	0.0	0.0	0.0	https
3	238	0	0	0.0	0.5	0.0	39.666666666666664	2	140	0	0	0.0	0.3333333333333333	0.0	23.333333333333332	https
3	238	0	0	0.0	0.5	0.0	39.666666666666664	2	140	1	42	1.0	0.4	42.0	28.0	https
2	196	0	0	0.0	0.4	0.0	39.2	2	140	1	42	1.0	0.4	42.0	28.0	https
23	1798	0	0	0.0	4.6	0.0	359.6	0	0	0	0	0.0	0.0	0.0	0.0	https
3	238	0	0	0.0	0.5	0.0	39.666666666666664	2	140	0	0	0.0	0.3333333333333333	0.0	23.333333333333332	https
3	238	0	0	0.0	0.5	0.0	39.666666666666664	2	140	0	0	0.0	0.3333333333333333	0.0	23.333333333333332	https
2	196	0	0	0.0	0.4	0.0	39.2	2	140	1	42	1.0	0.4	42.0	28.0	https
23	1798	0	0	0.0	4.6	0.0	359.6	0	0	0	0	0.0	0.0	0.0	0.0	https
3	238	0	0	0.0	0.5	0.0	39.666666666666664	2	140	0	0	0.0	0.3333333333333333	0.0	23.333333333333332	https
3	238	0	0	0.0	0.5	0.0	39.666666666666664	2	140	0	0	0.0	0.3333333333333333	0.0	23.333333333333332	https
3	238	1	42	1.0	0.5	42.0	39.666666666666664	2	140	1	42	1.0	0.4	42.0	28.0	https
23	1798	0	0	0.0	4.6	0.0	359.6	0	0	0	0	0.0	0.0	0.0	0.0	https
3	238	0	0	0.0	0.5	0.0	39.666666666666664	2	140	0	0	0.0	0.3333333333333333	0.0	23.333333333333332	https
3	238	0	0	0.0	0.5	0.0	39.666666666666664	2	140	0	0	0.0	0.3333333333333333	0.0	23.333333333333332	https
3	238	1	42	1.0	0.5	42.0	39.666666666666664	2	140	0	0	0.0	0.3333333333333333	0.0	23.333333333333332	https
23	1798	0	0	0.0	4.6	0.0	359.6	0	0	0	0	0.0	0.0	0.0	0.0	https
3	238	0	0	0.0	0.5	0.0	39.666666666666664	2	140	0	0	0.0	0.3333333333333333	0.0	23.333333333333332	https
3	238	0	0	0.0	0.5	0.0	39.666666666666664	2	140	0	0	0.0	0.3333333333333333	0.0	23.333333333333332	https
3	238	1	42	1.0	0.5	42.0	39.666666666666664	2	140	0	0	0.0	0.3333333333333333	0.0	23.333333333333332	https
25	1938	2	140	2.0	4.166666666666667	140.0	323.0	0	0	0	0	0.0	0.0	0.0	0.0	https
3	238	0	0	0.0	0.42857142857142855	0.0	34.0	2	140	0	0	0.0	0.3333333333333333	0.0	23.333333333333332	https
3	238	0	0	0.0	0.5	0.0	39.666666666666664	2	140	0	0	0.0	0.3333333333333333	0.0	23.333333333333332	https
3	238	1	42	1.0	0.5	42.0	39.666666666666664	2	140	0	0	0.0	0.3333333333333333	0.0	23.333333333333332	https
25	1938	2	140	2.0	4.166666666666667	140.0	323.0	0	0	0	0	0.0	0.0	0.0	0.0	https
3	238	0	0	0.0	0.42857142857142855	0.0	34.0	2	140	0	0	0.0	0.2857142857142857	0.0	20.0	https
3	238	0	0	0.0	0.5	0.0	39.666666666666664	2	140	0	0	0.0	0.3333333333333333	0.0	23.333333333333332	https
3	238	1	42	1.0	0.5	42.0	39.666666666666664	2	140	0	0	0.0	0.3333333333333333	0.0	23.333333333333332	https
25	1938	2	140	2.0	4.166666666666667	140.0	323.0	0	0	0	0	0.0	0.0	0.0	0.0	https
3	238	0	0	0.0	0.42857142857142855	0.0	34.0	2	140	0	0	0.0	0.2857142857142857	0.0	20.0	https
3	238	0	0	0.0	0.42857142857142855	0.0	34.0	2	140	0	0	0.0	0.3333333333333333	0.0	23.333333333333332	https
3	238	1	42	1.0	0.5	42.0	39.666666666666664	2	140	0	0	0.0	0.3333333333333333	0.0	23.333333333333332	https
25	1938	2	140	2.0	4.166666666666667	140.0	323.0	0	0	0	0	0.0	0.0	0.0	0.0	https
3	238	0	0	0.0	0.42857142857142855	0.0	34.0	2	140	0	0	0.0	0.2857142857142857	0.0	20.0	https
3	238	0	0	0.0	0.42857142857142855	0.0	34.0	2	140	0	0	0.0	0.2857142857142857	0.0	20.0	https
3	238	1	42	1.0	0.5	42.0	39.666666666666664	2	140	0	0	0.0	0.3333333333333333	0.0	23.333333333333332	https
25	1938	2	140	2.0	4.166666666666667	140.0	323.0	0	0	0	0	0.0	0.0	0.0	0.0	https
3	238	0	0	0.0	0.42857142857142855	0.0	34.0	2	140	0	0	0.0	0.2857142857142857	0.0	20.0	https
3	238	0	0	0.0	0.42857142857142855	0.0	34.0	2	140	0	0	0.0	0.2857142857142857	0.0	20.0	https
3	238	0	0	0.0	0.42857142857142855	0.0	34.0	2	140	0	0	0.0	0.3333333333333333	0.0	23.333333333333332	https
25	1938	2	140	2.0	4.166666666666667	140.0	323.0	0	0	0	0	0.0	0.0	0.0	0.0	https
3	238	0	0	0.0	0.42857142857142855	0.0	34.0	2	140	0	0	0.0	0.2857142857142857	0.0	20.0	https
3	238	0	0	0.0	0.42857142857142855	0.0	34.0	2	140	0	0	0.0	0.2857142857142857	0.0	20.0	https
3	238	0	0	0.0	0.42857142857142855	0.0	34.0	2	140	0	0	0.0	0.2857142857142857	0.0	20.0	https
25	1938	2	140	2.0	4.166666666666667	140.0	323.0	0	0	0	0	0.0	0.0	0.0	0.0	https
3	238	0	0	0.0	0.42857142857142855	0.0	34.0	2	140	0	0	0.0	0.2857142857142857	0.0	20.0	https
3	238	0	0	0.0	0.42857142857142855	0.0	34.0	2	140	0	0	0.0	0.2857142857142857	0.0	20.0	https
3	238	0	0	0.0	0.42857142857142855	0.0	34.0	2	140	0	0	0.0	0.2857142857142857	0.0	20.0	https
26	2008	1	70	1.0	3.7142857142857144	70.0	286.85714285714283	0	0	0	0	0.0	0.0	0.0	0.0	https
3	238	0	0	0.0	0.375	0.0	29.75	2	140	0	0	0.0	0.2857142857142857	0.0	20.0	https
3	238	0	0	0.0	0.42857142857142855	0.0	34.0	2	140	0	0	0.0	0.2857142857142857	0.0	20.0	https
3	238	0	0	0.0	0.42857142857142855	0.0	34.0	2	140	0	0	0.0	0.2857142857142857	0.0	20.0	https
26	2008	1	70	1.0	3.7142857142857144	70.0	286.85714285714283	0	0	0	0	0.0	0.0	0.0	0.0	https
3	238	0	0	0.0	0.375	0.0	29.75	2	140	0	0	0.0	0.25	0.0	17.5	https
3	238	0	0	0.0	0.42857142857142855	0.0	34.0	2	140	0	0	0.0	0.2857142857142857	0.0	20.0	https
3	238	0	0	0.0	0.42857142857142855	0.0	34.0	2	140	0	0	0.0	0.2857142857142857	0.0	20.0	https
26	2008	1	70	1.0	3.7142857142857144	70.0	286.85714285714283	0	0	0	0	0.0	0.0	0.0	0.0	https
3	238	0	0	0.0	0.375	0.0	29.75	2	140	0	0	0.0	0.25	0.0	17.5	https
3	238	0	0	0.0	0.375	0.0	29.75	2	140	0	0	0.0	0.2857142857142857	0.0	20.0	https
3	238	0	0	0.0	0.42857142857142855	0.0	34.0	2	140	0	0	0.0	0.2857142857142857	0.0	20.0	https
26	2008	1	70	1.0	3.7142857142857144	70.0	286.85714285714283	0	0	0	0	0.0	0.0	0.0	0.0	https
3	238	0	0	0.0	0.375	0.0	29.75	2	140	0	0	0.0	0.25	0.0	17.5	https
3	238	0	0	0.0	0.375	0.0	29.75	2	140	0	0	0.0	0.25	0.0	17.5	https
3	238	0	0	0.0	0.42857142857142855	0.0	34.0	2	140	0	0	0.0	0.2857142857142857	0.0	20.0	https
26	2008	1	70	1.0	3.7142857142857144	70.0	286.85714285714283	0	0	0	0	0.0	0.0	0.0	0.0	https
3	238	0	0	0.0	0.375	0.0	29.75	2	140	0	0	0.0	0.25	0.0	17.5	https
3	238	0	0	0.0	0.375	0.0	29.75	2	140	0	0	0.0	0.25	0.0	17.5	https
3	238	0	0	0.0	0.375	0.0	29.75	2	140	0	0	0.0	0.2857142857142857	0.0	20.0	https
26	2008	1	70	1.0	3.7142857142857144	70.0	286.85714285714283	0	0	0	0	0.0	0.0	0.0	0.0	https
3	238	0	0	0.0	0.375	0.0	29.75	2	140	0	0	0.0	0.25	0.0	17.5	https
3	238	0	0	0.0	0.375	0.0	29.75	2	140	0	0	0.0	0.25	0.0	17.5	https
3	238	0	0	0.0	0.375	0.0	29.75	2	140	0	0	0.0	0.25	0.0	17.5	https
26	2008	1	70	1.0	3.7142857142857144	70.0	286.85714285714283	0	0	0	0	0.0	0.0	0.0	0.0	https
3	238	0	0	0.0	0.375	0.0	29.75	2	140	0	0	0.0	0.25	0.0	17.5	https
3	238	0	0	0.0	0.375	0.0	29.75	2	140	0	0	0.0	0.25	0.0	17.5	https
3	238	0	0	0.0	0.375	0.0	29.75	2	140	0	0	0.0	0.25	0.0	17.5	https
26	2008	0	0	0.0	3.25	0.0	251.0	0	0	0	0	0.0	0.0	0.0	0.0	https
3	238	0	0	0.0	0.3333333333333333	0.0	26.444444444444443	2	140	0	0	0.0	0.25	0.0	17.5	https
3	238	0	0	0.0	0.375	0.0	29.75	2	140	0	0	0.0	0.25	0.0	17.5	https
3	238	0	0	0.0	0.375	0.0	29.75	2	140	0	0	0.0	0.25	0.0	17.5	https
26	2008	0	0	0.0	3.25	0.0	251.0	0	0	0	0	0.0	0.0	0.0	0.0	https
3	238	0	0	0.0	0.3333333333333333	0.0	26.444444444444443	2	140	0	0	0.0	0.2222222222222222	0.0	15.555555555555555	https
3	238	0	0	0.0	0.375	0.0	29.75	2	140	0	0	0.0	0.25	0.0	17.5	https
3	238	0	0	0.0	0.375	0.0	29.75	2	140	0	0	0.0	0.25	0.0	17.5	https
26	2008	0	0	0.0	3.25	0.0	251.0	0	0	0	0	0.0	0.0	0.0	0.0	https
3	238	0	0	0.0	0.3333333333333333	0.0	26.444444444444443	2	140	0	0	0.0	0.2222222222222222	0.0	15.555555555555555	https
3	238	0	0	0.0	0.3333333333333333	0.0	26.444444444444443	2	140	0	0	0.0	0.25	0.0	17.5	https
3	238	0	0	0.0	0.375	0.0	29.75	2	140	0	0	0.0	0.25	0.0	17.5	https
26	2008	0	0	0.0	3.25	0.0	251.0	0	0	0	0	0.0	0.0	0.0	0.0	https
3	238	0	0	0.0	0.3333333333333333	0.0	26.444444444444443	2	140	0	0	0.0	0.2222222222222222	0.0	15.555555555555555	https
3	238	0	0	0.0	0.3333333333333333	0.0	26.444444444444443	2	140	0	0	0.0	0.2222222222222222	0.0	15.555555555555555	https
3	238	0	0	0.0	0.375	0.0	29.75	2	140	0	0	0.0	0.25	0.0	17.5	https
26	2008	0	0	0.0	3.25	0.0	251.0	0	0	0	0	0.0	0.0	0.0	0.0	https
3	238	0	0	0.0	0.3333333333333333	0.0	26.444444444444443	2	140	0	0	0.0	0.2222222222222222	0.0	15.555555555555555	https
3	238	0	0	0.0	0.3333333333333333	0.0	26.444444444444443	2	140	0	0	0.0	0.2222222222222222	0.0	15.555555555555555	https
3	238	0	0	0.0	0.3333333333333333	0.0	26.444444444444443	2	140	0	0	0.0	0.25	0.0	17.5	https
26	2008	0	0	0.0	3.25	0.0	251.0	0	0	0	0	0.0	0.0	0.0	0.0	https
3	238	0	0	0.0	0.3333333333333333	0.0	26.444444444444443	2	140	0	0	0.0	0.2222222222222222	0.0	15.555555555555555	https
3	238	0	0	0.0	0.3333333333333333	0.0	26.444444444444443	2	140	0	0	0.0	0.2222222222222222	0.0	15.555555555555555	https
3	238	0	0	0.0	0.3333333333333333	0.0	26.444444444444443	2	140	0	0	0.0	0.2222222222222222	0.0	15.555555555555555	https
26	2008	0	0	0.0	3.25	0.0	251.0	0	0	0	0	0.0	0.0	0.0	0.0	https
3	238	0	0	0.0	0.3333333333333333	0.0	26.444444444444443	2	140	0	0	0.0	0.2222222222222222	0.0	15.555555555555555	https
3	238	0	0	0.0	0.3333333333333333	0.0	26.444444444444443	2	140	0	0	0.0	0.2222222222222222	0.0	15.555555555555555	https
3	238	0	0	0.0	0.3333333333333333	0.0	26.444444444444443	2	140	0	0	0.0	0.2222222222222222	0.0	15.555555555555555	https
26	2008	0	0	0.0	2.888888888888889	0.0	223.11111111111111	0	0	0	0	0.0	0.0	0.0	0.0	https
3	238	0	0	0.0	0.3	0.0	23.8	2	140	0	0	0.0	0.2222222222222222	0.0	15.555555555555555	https
3	238	0	0	0.0	0.3333333333333333	0.0	26.444444444444443	2	140	0	0	0.0	0.2222222222222222	0.0	15.555555555555555	https
3	238	0	0	0.0	0.3333333333333333	0.0	26.444444444444443	2	140	0	0	0.0	0.2222222222222222	0.0	15.555555555555555	https
26	2008	0	0	0.0	2.888888888888889	0.0	223.11111111111111	0	0	0	0	0.0	0.0	0.0	0.0	https
3	238	0	0	0.0	0.3	0.0	23.8	2	140	0	0	0.0	0.2	0.0	14.0	https
3	238	0	0	0.0	0.3333333333333333	0.0	26.444444444444443	2	140	0	0	0.0	0.2222222222222222	0.0	15.555555555555555	https
3	238	0	0	0.0	0.3333333333333333	0.0	26.444444444444443	2	140	0	0	0.0	0.2222222222222222	0.0	15.555555555555555	https
26	2008	0	0	0.0	2.888888888888889	0.0	223.11111111111111	0	0	0	0	0.0	0.0	0.0	0.0	https
3	238	0	0	0.0	0.3	0.0	23.8	2	140	0	0	0.0	0.2	0.0	14.0	https
3	238	0	0	0.0	0.3	0.0	23.8	2	140	0	0	0.0	0.2222222222222222	0.0	15.555555555555555	https
3	238	0	0	0.0	0.3333333333333333	0.0	26.444444444444443	2	140	0	0	0.0	0.2222222222222222	0.0	15.555555555555555	https
26	2008	0	0	0.0	2.888888888888889	0.0	223.11111111111111	0	0	0	0	0.0	0.0	0.0	0.0	https
3	238	0	0	0.0	0.3	0.0	23.8	2	140	0	0	0.0	0.2	0.0	14.0	https
3	238	0	0	0.0	0.3	0.0	23.8	2	140	0	0	0.0	0.2	0.0	14.0	https
3	238	0	0	0.0	0.3333333333333333	0.0	26.444444444444443	2	140	0	0	0.0	0.2222222222222222	0.0	15.555555555555555	https
26	2008	0	0	0.0	2.888888888888889	0.0	223.11111111111111	0	0	0	0	0.0	0.0	0.0	0.0	https
3	238	0	0	0.0	0.3	0.0	23.8	2	140	0	0	0.0	0.2	0.0	14.0	https
3	238	0	0	0.0	0.3	0.0	23.8	2	140	0	0	0.0	0.2	0.0	14.0	https
3	238	0	0	0.0	0.3	0.0	23.8	2	140	0	0	0.0	0.2222222222222222	0.0	15.555555555555555	https
26	2008	0	0	0.0	2.888888888888889	0.0	223.11111111111111	0	0	0	0	0.0	0.0	0.0	0.0	https
3	238	0	0	0.0	0.3	0.0	23.8	2	140	0	0	0.0	0.2	0.0	14.0	https
3	238	0	0	0.0	0.3	0.0	23.8	2	140	0	0	0.0	0.2	0.0	14.0	https
3	238	0	0	0.0	0.3	0.0	23.8	2	140	0	0	0.0	0.2	0.0	14.0	https
26	2008	0	0	0.0	2.888888888888889	0.0	223.11111111111111	0	0	0	0	0.0	0.0	0.0	0.0	https
3	238	0	0	0.0	0.3	0.0	23.8	2	140	0	0	0.0	0.2	0.0	14.0	https
3	238	0	0	0.0	0.3	0.0	23.8	2	140	0	0	0.0	0.2	0.0	14.0	https
3	238	0	0	0.0	0.3	0.0	23.8	2	140	0	0	0.0	0.2	0.0	14.0	https
26	2008	0	0	0.0	2.6	0.0	200.8	0	0	0	0	0.0	0.0	0.0	0.0	https
3	238	0	0	0.0	0.2727272727272727	0.0	21.636363636363637	2	140	0	0	0.0	0.2	0.0	14.0	https
3	238	0	0	0.0	0.3	0.0	23.8	2	140	0	0	0.0	0.2	0.0	14.0	https
3	238	0	0	0.0	0.3	0.0	23.8	2	140	0	0	0.0	0.2	0.0	14.0	https
26	2008	0	0	0.0	2.6	0.0	200.8	0	0	0	0	0.0	0.0	0.0	0.0	https
3	238	0	0	0.0	0.2727272727272727	0.0	21.636363636363637	2	140	0	0	0.0	0.18181818181818182	0.0	12.727272727272727	https
3	238	0	0	0.0	0.3	0.0	23.8	2	140	0	0	0.0	0.2	0.0	14.0	https
3	238	0	0	0.0	0.3	0.0	23.8	2	140	0	0	0.0	0.2	0.0	14.0	https
26	2008	0	0	0.0	2.6	0.0	200.8	0	0	0	0	0.0	0.0	0.0	0.0	https
3	238	0	0	0.0	0.2727272727272727	0.0	21.636363636363637	2	140	0	0	0.0	0.18181818181818182	0.0	12.727272727272727	https
3	238	0	0	0.0	0.2727272727272727	0.0	21.636363636363637	2	140	0	0	0.0	0.2	0.0	14.0	https
3	238	0	0	0.0	0.3	0.0	23.8	2	140	0	0	0.0	0.2	0.0	14.0	https
26	2008	0	0	0.0	2.6	0.0	200.8	0	0	0	0	0.0	0.0	0.0	0.0	https
3	238	0	0	0.0	0.2727272727272727	0.0	21.636363636363637	2	140	0	0	0.0	0.18181818181818182	0.0	12.727272727272727	https
3	238	0	0	0.0	0.2727272727272727	0.0	21.636363636363637	2	140	0	0	0.0	0.18181818181818182	0.0	12.727272727272727	https
3	238	0	0	0.0	0.3	0.0	23.8	2	140	0	0	0.0	0.2	0.0	14.0	https
26	2008	0	0	0.0	2.6	0.0	200.8	0	0	0	0	0.0	0.0	0.0	0.0	https
3	238	0	0	0.0	0.2727272727272727	0.0	21.636363636363637	2	140	0	0	0.0	0.18181818181818182	0.0	12.727272727272727	https
3	238	0	0	0.0	0.2727272727272727	0.0	21.636363636363637	2	140	0	0	0.0	0.18181818181818182	0.0	12.727272727272727	https
3	238	0	0	0.0	0.2727272727272727	0.0	21.636363636363637	2	140	0	0	0.0	0.2	0.0	14.0	https
26	2008	0	0	0.0	2.6	0.0	200.8	0	0	0	0	0.0	0.0	0.0	0.0	https
3	238	0	0	0.0	0.2727272727272727	0.0	21.636363636363637	2	140	0	0	0.0	0.18181818181818182	0.0	12.727272727272727	https
3	238	0	0	0.0	0.2727272727272727	0.0	21.636363636363637	2	140	0	0	0.0	0.18181818181818182	0.0	12.727272727272727	https
3	238	0	0	0.0	0.2727272727272727	0.0	21.636363636363637	2	140	0	0	0.0	0.18181818181818182	0.0	12.727272727272727	https
26	2008	0	0	0.0	2.6	0.0	200.8	0	0	0	0	0.0	0.0	0.0	0.0	https
3	238	0	0	0.0	0.2727272727272727	0.0	21.636363636363637	2	140	0	0	0.0	0.18181818181818182	0.0	12.727272727272727	https
3	238	0	0	0.0	0.2727272727272727	0.0	21.636363636363637	2	140	0	0	0.0	0.18181818181818182	0.0	12.727272727272727	https
3	238	0	0	0.0	0.2727272727272727	0.0	21.636363636363637	2	140	0	0	0.0	0.18181818181818182	0.0	12.727272727272727	https
26	2008	0	0	0.0	2.3636363636363638	0.0	182.54545454545453	0	0	0	0	0.0	0.0	0.0	0.0	https
3	238	0	0	0.0	0.25	0.0	19.833333333333332	2	140	0	0	0.0	0.18181818181818182	0.0	12.727272727272727	https
3	238	0	0	0.0	0.2727272727272727	0.0	21.636363636363637	2	140	0	0	0.0	0.18181818181818182	0.0	12.727272727272727	https
3	238	0	0	0.0	0.2727272727272727	0.0	21.636363636363637	2	140	0	0	0.0	0.18181818181818182	0.0	12.727272727272727	https
26	2008	0	0	0.0	2.3636363636363638	0.0	182.54545454545453	0	0	0	0	0.0	0.0	0.0	0.0	https
3	238	0	0	0.0	0.25	0.0	19.833333333333332	2	140	0	0	0.0	0.16666666666666666	0.0	11.666666666666666	https
3	238	0	0	0.0	0.2727272727272727	0.0	21.636363636363637	2	140	0	0	0.0	0.18181818181818182	0.0	12.727272727272727	https
3	238	0	0	0.0	0.2727272727272727	0.0	21.636363636363637	2	140	0	0	0.0	0.18181818181818182	0.0	12.727272727272727	https
26	2008	0	0	0.0	2.3636363636363638	0.0	182.54545454545453	0	0	0	0	0.0	0.0	0.0	0.0	https
3	238	0	0	0.0	0.25	0.0	19.833333333333332	2	140	0	0	0.0	0.16666666666666666	0.0	11.666666666666666	https
3	238	0	0	0.0	0.25	0.0	19.833333333333332	2	140	0	0	0.0	0.18181818181818182	0.0	12.727272727272727	https
3	238	0	0	0.0	0.2727272727272727	0.0	21.636363636363637	2	140	0	0	0.0	0.18181818181818182	0.0	12.727272727272727	https
26	2008	0	0	0.0	2.3636363636363638	0.0	182.54545454545453	0	0	0	0	0.0	0.0	0.0	0.0	https
3	238	0	0	0.0	0.25	0.0	19.833333333333332	2	140	0	0	0.0	0.16666666666666666	0.0	11.666666666666666	https
3	238	0	0	0.0	0.25	0.0	19.833333333333332	2	140	0	0	0.0	0.16666666666666666	0.0	11.666666666666666	https
3	238	0	0	0.0	0.2727272727272727	0.0	21.636363636363637	2	140	0	0	0.0	0.18181818181818182	0.0	12.727272727272727	https
26	2008	0	0	0.0	2.3636363636363638	0.0	182.54545454545453	0	0	0	0	0.0	0.0	0.0	0.0	https
3	238	0	0	0.0	0.25	0.0	19.833333333333332	2	140	0	0	0.0	0.16666666666666666	0.0	11.666666666666666	https
3	238	0	0	0.0	0.25	0.0	19.833333333333332	2	140	0	0	0.0	0.16666666666666666	0.0	11.666666666666666	https
3	238	0	0	0.0	0.25	0.0	19.833333333333332	2	140	0	0	0.0	0.18181818181818182	0.0	12.727272727272727	https
26	2008	0	0	0.0	2.3636363636363638	0.0	182.54545454545453	0	0	0	0	0.0	0.0	0.0	0.0	https
3	238	0	0	0.0	0.25	0.0	19.833333333333332	2	140	0	0	0.0	0.16666666666666666	0.0	11.666666666666666	https
3	238	0	0	0.0	0.25	0.0	19.833333333333332	2	140	0	0	0.0	0.16666666666666666	0.0	11.666666666666666	https
3	238	0	0	0.0	0.25	0.0	19.833333333333332	2	140	0	0	0.0	0.16666666666666666	0.0	11.666666666666666	https
26	2008	0	0	0.0	2.3636363636363638	0.0	182.54545454545453	0	0	0	0	0.0	0.0	0.0	0.0	https
3	238	0	0	0.0	0.25	0.0	19.833333333333332	2	140	0	0	0.0	0.16666666666666666	0.0	11.666666666666666	https
3	238	0	0	0.0	0.25	0.0	19.833333333333332	2	140	0	0	0.0	0.16666666666666666	0.0	11.666666666666666	https
3	238	0	0	0.0	0.25	0.0	19.833333333333332	2	140	0	0	0.0	0.16666666666666666	0.0	11.666666666666666	https
26	2008	0	0	0.0	2.1666666666666665	0.0	167.33333333333334	0	0	0	0	0.0	0.0	0.0	0.0	https
3	238	0	0	0.0	0.23076923076923078	0.0	18.307692307692307	2	140	0	0	0.0	0.16666666666666666	0.0	11.666666666666666	https
3	238	0	0	0.0	0.25	0.0	19.833333333333332	2	140	0	0	0.0	0.16666666666666666	0.0	11.666666666666666	https
3	238	0	0	0.0	0.25	0.0	19.833333333333332	2	140	0	0	0.0	0.16666666666666666	0.0	11.666666666666666	https
26	2008	0	0	0.0	2.1666666666666665	0.0	167.33333333333334	0	0	0	0	0.0	0.0	0.0	0.0	https
3	238	0	0	0.0	0.23076923076923078	0.0	18.307692307692307	2	140	0	0	0.0	0.15384615384615385	0.0	10.76923076923077	https
3	238	0	0	0.0	0.25	0.0	19.833333333333332	2	140	0	0	0.0	0.16666666666666666	0.0	11.666666666666666	https
3	238	0	0	0.0	0.25	0.0	19.833333333333332	2	140	0	0	0.0	0.16666666666666666	0.0	11.666666666666666	https
26	2008	0	0	0.0	2.1666666666666665	0.0	167.33333333333334	0	0	0	0	0.0	0.0	0.0	0.0	https
3	238	0	0	0.0	0.23076923076923078	0.0	18.307692307692307	2	140	0	0	0.0	0.15384615384615385	0.0	10.76923076923077	https
3	238	0	0	0.0	0.23076923076923078	0.0	18.307692307692307	2	140	0	0	0.0	0.16666666666666666	0.0	11.666666666666666	https
3	238	0	0	0.0	0.25	0.0	19.833333333333332	2	140	0	0	0.0	0.16666666666666666	0.0	11.666666666666666	https
26	2008	0	0	0.0	2.1666666666666665	0.0	167.33333333333334	0	0	0	0	0.0	0.0	0.0	0.0	https
3	238	0	0	0.0	0.23076923076923078	0.0	18.307692307692307	2	140	0	0	0.0	0.15384615384615385	0.0	10.76923076923077	https
3	238	0	0	0.0	0.23076923076923078	0.0	18.307692307692307	2	140	0	0	0.0	0.15384615384615385	0.0	10.76923076923077	https
3	238	0	0	0.0	0.25	0.0	19.833333333333332	2	140	0	0	0.0	0.16666666666666666	0.0	11.666666666666666	https
26	2008	0	0	0.0	2.1666666666666665	0.0	167.33333333333334	0	0	0	0	0.0	0.0	0.0	0.0	https
3	238	0	0	0.0	0.23076923076923078	0.0	18.307692307692307	2	140	0	0	0.0	0.15384615384615385	0.0	10.76923076923077	https
3	238	0	0	0.0	0.23076923076923078	0.0	18.307692307692307	2	140	0	0	0.0	0.15384615384615385	0.0	10.76923076923077	https
3	238	0	0	0.0	0.23076923076923078	0.0	18.307692307692307	2	140	0	0	0.0	0.16666666666666666	0.0	11.666666666666666	https
26	2008	0	0	0.0	2.1666666666666665	0.0	167.33333333333334	0	0	0	0	0.0	0.0	0.0	0.0	https
3	238	0	0	0.0	0.23076923076923078	0.0	18.307692307692307	2	140	0	0	0.0	0.15384615384615385	0.0	10.76923076923077	https
3	238	0	0	0.0	0.23076923076923078	0.0	18.307692307692307	2	140	0	0	0.0	0.15384615384615385	0.0	10.76923076923077	https
3	238	0	0	0.0	0.23076923076923078	0.0	18.307692307692307	2	140	0	0	0.0	0.15384615384615385	0.0	10.76923076923077	https
26	2008	0	0	0.0	2.1666666666666665	0.0	167.33333333333334	0	0	0	0	0.0	0.0	0.0	0.0	https
3	238	0	0	0.0	0.23076923076923078	0.0	18.307692307692307	2	140	0	0	0.0	0.15384615384615385	0.0	10.76923076923077	https
3	238	0	0	0.0	0.23076923076923078	0.0	18.307692307692307	2	140	0	0	0.0	0.15384615384615385	0.0	10.76923076923077	https
3	238	0	0	0.0	0.23076923076923078	0.0	18.307692307692307	2	140	0	0	0.0	0.15384615384615385	0.0	10.76923076923077	https
28	2148	2	140	2.0	2.1538461538461537	140.0	165.23076923076923	0	0	0	0	0.0	0.0	0.0	0.0	https
3	238	0	0	0.0	0.21428571428571427	0.0	17.0	2	140	0	0	0.0	0.15384615384615385	0.0	10.76923076923077	https
3	238	0	0	0.0	0.23076923076923078	0.0	18.307692307692307	2	140	0	0	0.0	0.15384615384615385	0.0	10.76923076923077	https
3	238	0	0	0.0	0.23076923076923078	0.0	18.307692307692307	2	140	0	0	0.0	0.15384615384615385	0.0	10.76923076923077	https
28	2148	2	140	2.0	2.1538461538461537	140.0	165.23076923076923	0	0	0	0	0.0	0.0	0.0	0.0	https
3	238	0	0	0.0	0.21428571428571427	0.0	17.0	2	140	0	0	0.0	0.14285714285714285	0.0	10.0	https
3	238	0	0	0.0	0.23076923076923078	0.0	18.307692307692307	2	140	0	0	0.0	0.15384615384615385	0.0	10.76923076923077	https
3	238	0	0	0.0	0.23076923076923078	0.0	18.307692307692307	2	140	0	0	0.0	0.15384615384615385	0.0	10.76923076923077	https
28	2148	2	140	2.0	2.1538461538461537	140.0	165.23076923076923	0	0	0	0	0.0	0.0	0.0	0.0	https
3	238	0	0	0.0	0.21428571428571427	0.0	17.0	2	140	0	0	0.0	0.14285714285714285	0.0	10.0	https
3	238	0	0	0.0	0.21428571428571427	0.0	17.0	2	140	0	0	0.0	0.15384615384615385	0.0	10.76923076923077	https
3	238	0	0	0.0	0.23076923076923078	0.0	18.307692307692307	2	140	0	0	0.0	0.15384615384615385	0.0	10.76923076923077	https
28	2148	2	140	2.0	2.1538461538461537	140.0	165.23076923076923	0	0	0	0	0.0	0.0	0.0	0.0	https
3	238	0	0	0.0	0.21428571428571427	0.0	17.0	2	140	0	0	0.0	0.14285714285714285	0.0	10.0	https
3	238	0	0	0.0	0.21428571428571427	0.0	17.0	2	140	0	0	0.0	0.14285714285714285	0.0	10.0	https
3	238	0	0	0.0	0.23076923076923078	0.0	18.307692307692307	2	140	0	0	0.0	0.15384615384615385	0.0	10.76923076923077	https
28	2148	2	140	2.0	2.1538461538461537	140.0	165.23076923076923	0	0	0	0	0.0	0.0	0.0	0.0	https
3	238	0	0	0.0	0.21428571428571427	0.0	17.0	2	140	0	0	0.0	0.14285714285714285	0.0	10.0	https
3	238	0	0	0.0	0.21428571428571427	0.0	17.0	2	140	0	0	0.0	0.14285714285714285	0.0	10.0	https
3	238	0	0	0.0	0.21428571428571427	0.0	17.0	2	140	0	0	0.0	0.15384615384615385	0.0	10.76923076923077	https
28	2148	2	140	2.0	2.1538461538461537	140.0	165.23076923076923	0	0	0	0	0.0	0.0	0.0	0.0	https
3	238	0	0	0.0	0.21428571428571427	0.0	17.0	2	140	0	0	0.0	0.14285714285714285	0.0	10.0	https
3	238	0	0	0.0	0.21428571428571427	0.0	17.0	2	140	0	0	0.0	0.14285714285714285	0.0	10.0	https
3	238	0	0	0.0	0.21428571428571427	0.0	17.0	2	140	0	0	0.0	0.14285714285714285	0.0	10.0	https
28	2148	2	140	2.0	2.1538461538461537	140.0	165.23076923076923	0	0	0	0	0.0	0.0	0.0	0.0	https
3	238	0	0	0.0	0.21428571428571427	0.0	17.0	2	140	0	0	0.0	0.14285714285714285	0.0	10.0	https
3	238	0	0	0.0	0.21428571428571427	0.0	17.0	2	140	0	0	0.0	0.14285714285714285	0.0	10.0	https
3	238	0	0	0.0	0.21428571428571427	0.0	17.0	2	140	0	0	0.0	0.14285714285714285	0.0	10.0	https
28	2148	0	0	0.0	2.0	0.0	153.42857142857142	0	0	0	0	0.0	0.0	0.0	0.0	https
3	238	0	0	0.0	0.2	0.0	15.866666666666667	2	140	0	0	0.0	0.14285714285714285	0.0	10.0	https
3	238	0	0	0.0	0.21428571428571427	0.0	17.0	2	140	0	0	0.0	0.14285714285714285	0.0	10.0	https
3	238	0	0	0.0	0.21428571428571427	0.0	17.0	2	140	0	0	0.0	0.14285714285714285	0.0	10.0	https
28	2148	0	0	0.0	2.0	0.0	153.42857142857142	0	0	0	0	0.0	0.0	0.0	0.0	https
3	238	0	0	0.0	0.2	0.0	15.866666666666667	2	140	0	0	0.0	0.13333333333333333	0.0	9.333333333333334	https
3	238	0	0	0.0	0.21428571428571427	0.0	17.0	2	140	0	0	0.0	0.14285714285714285	0.0	10.0	https
3	238	0	0	0.0	0.21428571428571427	0.0	17.0	2	140	0	0	0.0	0.14285714285714285	0.0	10.0	https
28	2148	0	0	0.0	2.0	0.0	153.42857142857142	0	0	0	0	0.0	0.0	0.0	0.0	https
3	238	0	0	0.0	0.2	0.0	15.866666666666667	2	140	0	0	0.0	0.13333333333333333	0.0	9.333333333333334	https
3	238	0	0	0.0	0.2	0.0	15.866666666666667	2	140	0	0	0.0	0.14285714285714285	0.0	10.0	https
3	238	0	0	0.0	0.21428571428571427	0.0	17.0	2	140	0	0	0.0	0.14285714285714285	0.0	10.0	https
28	2148	0	0	0.0	2.0	0.0	153.42857142857142	0	0	0	0	0.0	0.0	0.0	0.0	https
3	238	0	0	0.0	0.2	0.0	15.866666666666667	2	140	0	0	0.0	0.13333333333333333	0.0	9.333333333333334	https
3	238	0	0	0.0	0.2	0.0	15.866666666666667	2	140	0	0	0.0	0.13333333333333333	0.0	9.333333333333334	https
3	238	0	0	0.0	0.21428571428571427	0.0	17.0	2	140	0	0	0.0	0.14285714285714285	0.0	10.0	https
28	2148	0	0	0.0	2.0	0.0	153.42857142857142	0	0	0	0	0.0	0.0	0.0	0.0	https
3	238	0	0	0.0	0.2	0.0	15.866666666666667	2	140	0	0	0.0	0.13333333333333333	0.0	9.333333333333334	https
3	238	0	0	0.0	0.2	0.0	15.866666666666667	2	140	0	0	0.0	0.13333333333333333	0.0	9.333333333333334	https
3	238	0	0	0.0	0.2	0.0	15.866666666666667	2	140	0	0	0.0	0.14285714285714285	0.0	10.0	https
28	2148	0	0	0.0	2.0	0.0	153.42857142857142	0	0	0	0	0.0	0.0	0.0	0.0	https
3	238	0	0	0.0	0.2	0.0	15.866666666666667	2	140	0	0	0.0	0.13333333333333333	0.0	9.333333333333334	https
3	238	0	0	0.0	0.2	0.0	15.866666666666667	2	140	0	0	0.0	0.13333333333333333	0.0	9.333333333333334	https
3	238	0	0	0.0	0.2	0.0	15.866666666666667	2	140	0	0	0.0	0.13333333333333333	0.0	9.333333333333334	https
28	2148	0	0	0.0	2.0	0.0	153.42857142857142	0	0	0	0	0.0	0.0	0.0	0.0	https
3	238	0	0	0.0	0.2	0.0	15.866666666666667	2	140	0	0	0.0	0.13333333333333333	0.0	9.333333333333334	https
3	238	0	0	0.0	0.2	0.0	15.866666666666667	2	140	0	0	0.0	0.13333333333333333	0.0	9.333333333333334	https
3	238	0	0	0.0	0.2	0.0	15.866666666666667	2	140	0	0	0.0	0.13333333333333333	0.0	9.333333333333334	https
29	2218	1	70	1.0	1.9333333333333333	70.0	147.86666666666667	0	0	0	0	0.0	0.0	0.0	0.0	https
3	238	0	0	0.0	0.1875	0.0	14.875	2	140	0	0	0.0	0.13333333333333333	0.0	9.333333333333334	https
3	238	0	0	0.0	0.2	0.0	15.866666666666667	2	140	0	0	0.0	0.13333333333333333	0.0	9.333333333333334	https
3	238	0	0	0.0	0.2	0.0	15.866666666666667	2	140	0	0	0.0	0.13333333333333333	0.0	9.333333333333334	https
29	2218	1	70	1.0	1.9333333333333333	70.0	147.86666666666667	0	0	0	0	0.0	0.0	0.0	0.0	https
3	238	0	0	0.0	0.1875	0.0	14.875	2	140	0	0	0.0	0.125	0.0	8.75	https
3	238	0	0	0.0	0.2	0.0	15.866666666666667	2	140	0	0	0.0	0.13333333333333333	0.0	9.333333333333334	https
3	238	0	0	0.0	0.2	0.0	15.866666666666667	2	140	0	0	0.0	0.13333333333333333	0.0	9.333333333333334	https
29	2218	1	70	1.0	1.9333333333333333	70.0	147.86666666666667	0	0	0	0	0.0	0.0	0.0	0.0	https
3	238	0	0	0.0	0.1875	0.0	14.875	2	140	0	0	0.0	0.125	0.0	8.75	https
3	238	0	0	0.0	0.1875	0.0	14.875	2	140	0	0	0.0	0.13333333333333333	0.0	9.333333333333334	https
3	238	0	0	0.0	0.2	0.0	15.866666666666667	2	140	0	0	0.0	0.13333333333333333	0.0	9.333333333333334	https
29	2218	1	70	1.0	1.9333333333333333	70.0	147.86666666666667	0	0	0	0	0.0	0.0	0.0	0.0	https
3	238	0	0	0.0	0.1875	0.0	14.875	2	140	0	0	0.0	0.125	0.0	8.75	https
3	238	0	0	0.0	0.1875	0.0	14.875	2	140	0	0	0.0	0.125	0.0	8.75	https
3	238	0	0	0.0	0.2	0.0	15.866666666666667	2	140	0	0	0.0	0.13333333333333333	0.0	9.333333333333334	https
29	2218	1	70	1.0	1.9333333333333333	70.0	147.86666666666667	0	0	0	0	0.0	0.0	0.0	0.0	https
3	238	0	0	0.0	0.1875	0.0	14.875	2	140	0	0	0.0	0.125	0.0	8.75	https
3	238	0	0	0.0	0.1875	0.0	14.875	2	140	0	0	0.0	0.125	0.0	8.75	https
3	238	0	0	0.0	0.1875	0.0	14.875	2	140	0	0	0.0	0.13333333333333333	0.0	9.333333333333334	https
29	2218	1	70	1.0	1.9333333333333333	70.0	147.86666666666667	0	0	0	0	0.0	0.0	0.0	0.0	https
3	238	0	0	0.0	0.1875	0.0	14.875	2	140	0	0	0.0	0.125	0.0	8.75	https
3	238	0	0	0.0	0.1875	0.0	14.875	2	140	0	0	0.0	0.125	0.0	8.75	https
3	238	0	0	0.0	0.1875	0.0	14.875	2	140	0	0	0.0	0.125	0.0	8.75	https
29	2218	1	70	1.0	1.9333333333333333	70.0	147.86666666666667	0	0	0	0	0.0	0.0	0.0	0.0	https
3	238	0	0	0.0	0.1875	0.0	14.875	2	140	0	0	0.0	0.125	0.0	8.75	https
3	238	0	0	0.0	0.1875	0.0	14.875	2	140	0	0	0.0	0.125	0.0	8.75	https
3	238	0	0	0.0	0.1875	0.0	14.875	2	140	0	0	0.0	0.125	0.0	8.75	https
29	2218	0	0	0.0	1.8125	0.0	138.625	0	0	0	0	0.0	0.0	0.0	0.0	https
3	238	0	0	0.0	0.17647058823529413	0.0	14.0	2	140	0	0	0.0	0.125	0.0	8.75	https
3	238	0	0	0.0	0.1875	0.0	14.875	2	140	0	0	0.0	0.125	0.0	8.75	https
3	238	0	0	0.0	0.1875	0.0	14.875	2	140	0	0	0.0	0.125	0.0	8.75	https
29	2218	0	0	0.0	1.8125	0.0	138.625	0	0	0	0	0.0	0.0	0.0	0.0	https
3	238	0	0	0.0	0.17647058823529413	0.0	14.0	2	140	0	0	0.0	0.11764705882352941	0.0	8.235294117647058	https
3	238	0	0	0.0	0.1875	0.0	14.875	2	140	0	0	0.0	0.125	0.0	8.75	https
3	238	0	0	0.0	0.1875	0.0	14.875	2	140	0	0	0.0	0.125	0.0	8.75	https
29	2218	0	0	0.0	1.8125	0.0	138.625	0	0	0	0	0.0	0.0	0.0	0.0	https
3	238	0	0	0.0	0.17647058823529413	0.0	14.0	2	140	0	0	0.0	0.11764705882352941	0.0	8.235294117647058	https
3	238	0	0	0.0	0.17647058823529413	0.0	14.0	2	140	0	0	0.0	0.125	0.0	8.75	https
3	238	0	0	0.0	0.1875	0.0	14.875	2	140	0	0	0.0	0.125	0.0	8.75	https
29	2218	0	0	0.0	1.8125	0.0	138.625	0	0	0	0	0.0	0.0	0.0	0.0	https
3	238	0	0	0.0	0.17647058823529413	0.0	14.0	2	140	0	0	0.0	0.11764705882352941	0.0	8.235294117647058	https
3	238	0	0	0.0	0.17647058823529413	0.0	14.0	2	140	0	0	0.0	0.11764705882352941	0.0	8.235294117647058	https
3	238	0	0	0.0	0.1875	0.0	14.875	2	140	0	0	0.0	0.125	0.0	8.75	https
29	2218	0	0	0.0	1.8125	0.0	138.625	0	0	0	0	0.0	0.0	0.0	0.0	https
3	238	0	0	0.0	0.17647058823529413	0.0	14.0	2	140	0	0	0.0	0.11764705882352941	0.0	8.235294117647058	https
3	238	0	0	0.0	0.17647058823529413	0.0	14.0	2	140	0	0	0.0	0.11764705882352941	0.0	8.235294117647058	https
3	238	0	0	0.0	0.17647058823529413	0.0	14.0	2	140	0	0	0.0	0.125	0.0	8.75	https
29	2218	0	0	0.0	1.8125	0.0	138.625	0	0	0	0	0.0	0.0	0.0	0.0	https
3	238	0	0	0.0	0.17647058823529413	0.0	14.0	2	140	0	0	0.0	0.11764705882352941	0.0	8.235294117647058	https
3	238	0	0	0.0	0.17647058823529413	0.0	14.0	2	140	0	0	0.0	0.11764705882352941	0.0	8.235294117647058	https
3	238	0	0	0.0	0.17647058823529413	0.0	14.0	2	140	0	0	0.0	0.11764705882352941	0.0	8.235294117647058	https
29	2218	0	0	0.0	1.8125	0.0	138.625	0	0	0	0	0.0	0.0	0.0	0.0	https
3	238	0	0	0.0	0.17647058823529413	0.0	14.0	2	140	0	0	0.0	0.11764705882352941	0.0	8.235294117647058	https
3	238	0	0	0.0	0.17647058823529413	0.0	14.0	2	140	0	0	0.0	0.11764705882352941	0.0	8.235294117647058	https
3	238	0	0	0.0	0.17647058823529413	0.0	14.0	2	140	0	0	0.0	0.11764705882352941	0.0	8.235294117647058	https
29	2218	0	0	0.0	1.7058823529411764	0.0	130.47058823529412	0	0	0	0	0.0	0.0	0.0	0.0	https
3	238	0	0	0.0	0.16666666666666666	0.0	13.222222222222221	2	140	0	0	0.0	0.11764705882352941	0.0	8.235294117647058	https
3	238	0	0	0.0	0.17647058823529413	0.0	14.0	2	140	0	0	0.0	0.11764705882352941	0.0	8.235294117647058	https
3	238	0	0	0.0	0.17647058823529413	0.0	14.0	2	140	0	0	0.0	0.11764705882352941	0.0	8.235294117647058	https
29	2218	0	0	0.0	1.7058823529411764	0.0	130.47058823529412	0	0	0	0	0.0	0.0	0.0	0.0	https
3	238	0	0	0.0	0.16666666666666666	0.0	13.222222222222221	2	140	0	0	0.0	0.1111111111111111	0.0	7.777777777777778	https
3	238	0	0	0.0	0.17647058823529413	0.0	14.0	2	140	0	0	0.0	0.11764705882352941	0.0	8.235294117647058	https
3	238	0	0	0.0	0.17647058823529413	0.0	14.0	2	140	0	0	0.0	0.11764705882352941	0.0	8.235294117647058	https
29	2218	0	0	0.0	1.7058823529411764	0.0	130.47058823529412	0	0	0	0	0.0	0.0	0.0	0.0	https
3	238	0	0	0.0	0.16666666666666666	0.0	13.222222222222221	2	140	0	0	0.0	0.1111111111111111	0.0	7.777777777777778	https
3	238	0	0	0.0	0.16666666666666666	0.0	13.222222222222221	2	140	0	0	0.0	0.11764705882352941	0.0	8.235294117647058	https
3	238	0	0	0.0	0.17647058823529413	0.0	14.0	2	140	0	0	0.0	0.11764705882352941	0.0	8.235294117647058	https
29	2218	0	0	0.0	1.7058823529411764	0.0	130.47058823529412	0	0	0	0	0.0	0.0	0.0	0.0	https
3	238	0	0	0.0	0.16666666666666666	0.0	13.222222222222221	2	140	0	0	0.0	0.1111111111111111	0.0	7.777777777777778	https
3	238	0	0	0.0	0.16666666666666666	0.0	13.222222222222221	2	140	0	0	0.0	0.1111111111111111	0.0	7.777777777777778	https
3	238	0	0	0.0	0.17647058823529413	0.0	14.0	2	140	0	0	0.0	0.11764705882352941	0.0	8.235294117647058	https
29	2218	0	0	0.0	1.7058823529411764	0.0	130.47058823529412	0	0	0	0	0.0	0.0	0.0	0.0	https
3	238	0	0	0.0	0.16666666666666666	0.0	13.222222222222221	2	140	0	0	0.0	0.1111111111111111	0.0	7.777777777777778	https
3	238	0	0	0.0	0.16666666666666666	0.0	13.222222222222221	2	140	0	0	0.0	0.1111111111111111	0.0	7.777777777777778	https
3	238	0	0	0.0	0.16666666666666666	0.0	13.222222222222221	2	140	0	0	0.0	0.11764705882352941	0.0	8.235294117647058	https
29	2218	0	0	0.0	1.7058823529411764	0.0	130.47058823529412	0	0	0	0	0.0	0.0	0.0	0.0	https
3	238	0	0	0.0	0.16666666666666666	0.0	13.222222222222221	2	140	0	0	0.0	0.1111111111111111	0.0	7.777777777777778	https
3	238	0	0	0.0	0.16666666666666666	0.0	13.222222222222221	2	140	0	0	0.0	0.1111111111111111	0.0	7.777777777777778	https
3	238	0	0	0.0	0.16666666666666666	0.0	13.222222222222221	2	140	0	0	0.0	0.1111111111111111	0.0	7.777777777777778	https
29	2218	0	0	0.0	1.7058823529411764	0.0	130.47058823529412	0	0	0	0	0.0	0.0	0.0	0.0	https
3	238	0	0	0.0	0.16666666666666666	0.0	13.222222222222221	2	140	0	0	0.0	0.1111111111111111	0.0	7.777777777777778	https
3	238	0	0	0.0	0.16666666666666666	0.0	13.222222222222221	2	140	0	0	0.0	0.1111111111111111	0.0	7.777777777777778	https
3	238	0	0	0.0	0.16666666666666666	0.0	13.222222222222221	2	140	0	0	0.0	0.1111111111111111	0.0	7.777777777777778	https
29	2218	0	0	0.0	1.6111111111111112	0.0	123.22222222222223	0	0	0	0	0.0	0.0	0.0	0.0	https
3	238	0	0	0.0	0.15789473684210525	0.0	12.526315789473685	2	140	0	0	0.0	0.1111111111111111	0.0	7.777777777777778	https
3	238	0	0	0.0	0.16666666666666666	0.0	13.222222222222221	2	140	0	0	0.0	0.1111111111111111	0.0	7.777777777777778	https
3	238	0	0	0.0	0.16666666666666666	0.0	13.222222222222221	2	140	0	0	0.0	0.1111111111111111	0.0	7.777777777777778	https
29	2218	0	0	0.0	1.6111111111111112	0.0	123.22222222222223	0	0	0	0	0.0	0.0	0.0	0.0	https
3	238	0	0	0.0	0.15789473684210525	0.0	12.526315789473685	2	140	0	0	0.0	0.10526315789473684	0.0	7.368421052631579	https
3	238	0	0	0.0	0.16666666666666666	0.0	13.222222222222221	2	140	0	0	0.0	0.1111111111111111	0.0	7.777777777777778	https
3	238	0	0	0.0	0.16666666666666666	0.0	13.222222222222221	2	140	0	0	0.0	0.1111111111111111	0.0	7.777777777777778	https
29	2218	0	0	0.0	1.6111111111111112	0.0	123.22222222222223	0	0	0	0	0.0	0.0	0.0	0.0	https
3	238	0	0	0.0	0.15789473684210525	0.0	12.526315789473685	2	140	0	0	0.0	0.10526315789473684	0.0	7.368421052631579	https
3	238	0	0	0.0	0.15789473684210525	0.0	12.526315789473685	2	140	0	0	0.0	0.1111111111111111	0.0	7.777777777777778	https
3	238	0	0	0.0	0.16666666666666666	0.0	13.222222222222221	2	140	0	0	0.0	0.1111111111111111	0.0	7.777777777777778	https
29	2218	0	0	0.0	1.6111111111111112	0.0	123.22222222222223	0	0	0	0	0.0	0.0	0.0	0.0	https
3	238	0	0	0.0	0.15789473684210525	0.0	12.526315789473685	2	140	0	0	0.0	0.10526315789473684	0.0	7.368421052631579	https
3	238	0	0	0.0	0.15789473684210525	0.0	12.526315789473685	2	140	0	0	0.0	0.10526315789473684	0.0	7.368421052631579	https
3	238	0	0	0.0	0.16666666666666666	0.0	13.222222222222221	2	140	0	0	0.0	0.1111111111111111	0.0	7.777777777777778	https
29	2218	0	0	0.0	1.6111111111111112	0.0	123.22222222222223	0	0	0	0	0.0	0.0	0.0	0.0	https
3	238	0	0	0.0	0.15789473684210525	0.0	12.526315789473685	2	140	0	0	0.0	0.10526315789473684	0.0	7.368421052631579	https
3	238	0	0	0.0	0.15789473684210525	0.0	12.526315789473685	2	140	0	0	0.0	0.10526315789473684	0.0	7.368421052631579	https
3	238	0	0	0.0	0.15789473684210525	0.0	12.526315789473685	2	140	0	0	0.0	0.1111111111111111	0.0	7.777777777777778	https
29	2218	0	0	0.0	1.6111111111111112	0.0	123.22222222222223	0	0	0	0	0.0	0.0	0.0	0.0	https
3	238	0	0	0.0	0.15789473684210525	0.0	12.526315789473685	2	140	0	0	0.0	0.10526315789473684	0.0	7.368421052631579	https
3	238	0	0	0.0	0.15789473684210525	0.0	12.526315789473685	2	140	0	0	0.0	0.10526315789473684	0.0	7.368421052631579	https
3	238	0	0	0.0	0.15789473684210525	0.0	12.526315789473685	2	140	0	0	0.0	0.10526315789473684	0.0	7.368421052631579	https
29	2218	0	0	0.0	1.6111111111111112	0.0	123.22222222222223	0	0	0	0	0.0	0.0	0.0	0.0	https
3	238	0	0	0.0	0.15789473684210525	0.0	12.526315789473685	2	140	0	0	0.0	0.10526315789473684	0.0	7.368421052631579	https
3	238	0	0	0.0	0.15789473684210525	0.0	12.526315789473685	2	140	0	0	0.0	0.10526315789473684	0.0	7.368421052631579	https
3	238	0	0	0.0	0.15789473684210525	0.0	12.526315789473685	2	140	0	0	0.0	0.10526315789473684	0.0	7.368421052631579	https
29	2218	0	0	0.0	1.5263157894736843	0.0	116.73684210526316	0	0	0	0	0.0	0.0	0.0	0.0	https
3	238	0	0	0.0	0.15	0.0	11.9	2	140	0	0	0.0	0.10526315789473684	0.0	7.368421052631579	https
3	238	0	0	0.0	0.15789473684210525	0.0	12.526315789473685	2	140	0	0	0.0	0.10526315789473684	0.0	7.368421052631579	https
3	238	0	0	0.0	0.15789473684210525	0.0	12.526315789473685	2	140	0	0	0.0	0.10526315789473684	0.0	7.368421052631579	https
29	2218	0	0	0.0	1.5263157894736843	0.0	116.73684210526316	0	0	0	0	0.0	0.0	0.0	0.0	https
3	238	0	0	0.0	0.15	0.0	11.9	2	140	0	0	0.0	0.1	0.0	7.0	https
3	238	0	0	0.0	0.15789473684210525	0.0	12.526315789473685	2	140	0	0	0.0	0.10526315789473684	0.0	7.368421052631579	https
3	238	0	0	0.0	0.15789473684210525	0.0	12.526315789473685	2	140	0	0	0.0	0.10526315789473684	0.0	7.368421052631579	https
29	2218	0	0	0.0	1.5263157894736843	0.0	116.73684210526316	0	0	0	0	0.0	0.0	0.0	0.0	https
3	238	0	0	0.0	0.15	0.0	11.9	2	140	0	0	0.0	0.1	0.0	7.0	https
3	238	0	0	0.0	0.15	0.0	11.9	2	140	0	0	0.0	0.10526315789473684	0.0	7.368421052631579	https
3	238	0	0	0.0	0.15789473684210525	0.0	12.526315789473685	2	140	0	0	0.0	0.10526315789473684	0.0	7.368421052631579	https
29	2218	0	0	0.0	1.5263157894736843	0.0	116.73684210526316	0	0	0	0	0.0	0.0	0.0	0.0	https
3	238	0	0	0.0	0.15	0.0	11.9	2	140	0	0	0.0	0.1	0.0	7.0	https
3	238	0	0	0.0	0.15	0.0	11.9	2	140	0	0	0.0	0.1	0.0	7.0	https
3	238	0	0	0.0	0.15789473684210525	0.0	12.526315789473685	2	140	0	0	0.0	0.10526315789473684	0.0	7.368421052631579	https
29	2218	0	0	0.0	1.5263157894736843	0.0	116.73684210526316	0	0	0	0	0.0	0.0	0.0	0.0	https
3	238	0	0	0.0	0.15	0.0	11.9	2	140	0	0	0.0	0.1	0.0	7.0	https
3	238	0	0	0.0	0.15	0.0	11.9	2	140	0	0	0.0	0.1	0.0	7.0	https
3	238	0	0	0.0	0.15	0.0	11.9	2	140	0	0	0.0	0.10526315789473684	0.0	7.368421052631579	https
29	2218	0	0	0.0	1.5263157894736843	0.0	116.73684210526316	0	0	0	0	0.0	0.0	0.0	0.0	https
3	238	0	0	0.0	0.15	0.0	11.9	2	140	0	0	0.0	0.1	0.0	7.0	https
3	238	0	0	0.0	0.15	0.0	11.9	2	140	0	0	0.0	0.1	0.0	7.0	https
3	238	0	0	0.0	0.15	0.0	11.9	2	140	0	0	0.0	0.1	0.0	7.0	https
29	2218	0	0	0.0	1.5263157894736843	0.0	116.73684210526316	0	0	0	0	0.0	0.0	0.0	0.0	https
3	238	0	0	0.0	0.15	0.0	11.9	2	140	0	0	0.0	0.1	0.0	7.0	https
3	238	0	0	0.0	0.15	0.0	11.9	2	140	0	0	0.0	0.1	0.0	7.0	https
3	238	0	0	0.0	0.15	0.0	11.9	2	140	0	0	0.0	0.1	0.0	7.0	https
29	2218	0	0	0.0	1.45	0.0	110.9	0	0	0	0	0.0	0.0	0.0	0.0	https
3	238	0	0	0.0	0.14285714285714285	0.0	11.333333333333334	2	140	0	0	0.0	0.1	0.0	7.0	https
3	238	0	0	0.0	0.15	0.0	11.9	2	140	0	0	0.0	0.1	0.0	7.0	https
3	238	0	0	0.0	0.15	0.0	11.9	2	140	0	0	0.0	0.1	0.0	7.0	https
29	2218	0	0	0.0	1.45	0.0	110.9	0	0	0	0	0.0	0.0	0.0	0.0	https
3	238	0	0	0.0	0.14285714285714285	0.0	11.333333333333334	2	140	0	0	0.0	0.09523809523809523	0.0	6.666666666666667	https
3	238	0	0	0.0	0.15	0.0	11.9	2	140	0	0	0.0	0.1	0.0	7.0	https
3	238	0	0	0.0	0.15	0.0	11.9	2	140	0	0	0.0	0.1	0.0	7.0	https
29	2218	0	0	0.0	1.45	0.0	110.9	0	0	0	0	0.0	0.0	0.0	0.0	https
3	238	0	0	0.0	0.14285714285714285	0.0	11.333333333333334	2	140	0	0	0.0	0.09523809523809523	0.0	6.666666666666667	https
3	238	0	0	0.0	0.14285714285714285	0.0	11.333333333333334	2	140	0	0	0.0	0.1	0.0	7.0	https
3	238	0	0	0.0	0.15	0.0	11.9	2	140	0	0	0.0	0.1	0.0	7.0	https
29	2218	0	0	0.0	1.45	0.0	110.9	0	0	0	0	0.0	0.0	0.0	0.0	https
3	238	0	0	0.0	0.14285714285714285	0.0	11.333333333333334	2	140	0	0	0.0	0.09523809523809523	0.0	6.666666666666667	https
3	238	0	0	0.0	0.14285714285714285	0.0	11.333333333333334	2	140	0	0	0.0	0.09523809523809523	0.0	6.666666666666667	https
3	238	0	0	0.0	0.15	0.0	11.9	2	140	0	0	0.0	0.1	0.0	7.0	https
29	2218	0	0	0.0	1.45	0.0	110.9	0	0	0	0	0.0	0.0	0.0	0.0	https
3	238	0	0	0.0	0.14285714285714285	0.0	11.333333333333334	2	140	0	0	0.0	0.09523809523809523	0.0	6.666666666666667	https
3	238	0	0	0.0	0.14285714285714285	0.0	11.333333333333334	2	140	0	0	0.0	0.09523809523809523	0.0	6.666666666666667	https
3	238	0	0	0.0	0.14285714285714285	0.0	11.333333333333334	2	140	0	0	0.0	0.1	0.0	7.0	https
29	2218	0	0	0.0	1.45	0.0	110.9	0	0	0	0	0.0	0.0	0.0	0.0	https
3	238	0	0	0.0	0.14285714285714285	0.0	11.333333333333334	2	140	0	0	0.0	0.09523809523809523	0.0	6.666666666666667	https
3	238	0	0	0.0	0.14285714285714285	0.0	11.333333333333334	2	140	0	0	0.0	0.09523809523809523	0.0	6.666666666666667	https
3	238	0	0	0.0	0.14285714285714285	0.0	11.333333333333334	2	140	0	0	0.0	0.09523809523809523	0.0	6.666666666666667	https
29	2218	0	0	0.0	1.45	0.0	110.9	0	0	0	0	0.0	0.0	0.0	0.0	https
3	238	0	0	0.0	0.14285714285714285	0.0	11.333333333333334	2	140	0	0	0.0	0.09523809523809523	0.0	6.666666666666667	https
3	238	0	0	0.0	0.14285714285714285	0.0	11.333333333333334	2	140	0	0	0.0	0.09523809523809523	0.0	6.666666666666667	https
3	238	0	0	0.0	0.14285714285714285	0.0	11.333333333333334	2	140	0	0	0.0	0.09523809523809523	0.0	6.666666666666667	https
29	2218	0	0	0.0	1.380952380952381	0.0	105.61904761904762	0	0	0	0	0.0	0.0	0.0	0.0	https
3	238	0	0	0.0	0.13636363636363635	0.0	10.818181818181818	2	140	0	0	0.0	0.09523809523809523	0.0	6.666666666666667	https
3	238	0	0	0.0	0.14285714285714285	0.0	11.333333333333334	2	140	0	0	0.0	0.09523809523809523	0.0	6.666666666666667	https
3	238	0	0	0.0	0.14285714285714285	0.0	11.333333333333334	2	140	0	0	0.0	0.09523809523809523	0.0	6.666666666666667	https
29	2218	0	0	0.0	1.380952380952381	0.0	105.61904761904762	0	0	0	0	0.0	0.0	0.0	0.0	https
3	238	0	0	0.0	0.13636363636363635	0.0	10.818181818181818	2	140	0	0	0.0	0.09090909090909091	0.0	6.363636363636363	https
3	238	0	0	0.0	0.14285714285714285	0.0	11.333333333333334	2	140	0	0	0.0	0.09523809523809523	0.0	6.666666666666667	https
3	238	0	0	0.0	0.14285714285714285	0.0	11.333333333333334	2	140	0	0	0.0	0.09523809523809523	0.0	6.666666666666667	https
29	2218	0	0	0.0	1.380952380952381	0.0	105.61904761904762	0	0	0	0	0.0	0.0	0.0	0.0	https
3	238	0	0	0.0	0.13636363636363635	0.0	10.818181818181818	2	140	0	0	0.0	0.09090909090909091	0.0	6.363636363636363	https
3	238	0	0	0.0	0.13636363636363635	0.0	10.818181818181818	2	140	0	0	0.0	0.09523809523809523	0.0	6.666666666666667	https
3	238	0	0	0.0	0.14285714285714285	0.0	11.333333333333334	2	140	0	0	0.0	0.09523809523809523	0.0	6.666666666666667	https
29	2218	0	0	0.0	1.380952380952381	0.0	105.61904761904762	0	0	0	0	0.0	0.0	0.0	0.0	https
3	238	0	0	0.0	0.13636363636363635	0.0	10.818181818181818	2	140	0	0	0.0	0.09090909090909091	0.0	6.363636363636363	https
3	238	0	0	0.0	0.13636363636363635	0.0	10.818181818181818	2	140	0	0	0.0	0.09090909090909091	0.0	6.363636363636363	https
3	238	0	0	0.0	0.14285714285714285	0.0	11.333333333333334	2	140	0	0	0.0	0.09523809523809523	0.0	6.666666666666667	https
29	2218	0	0	0.0	1.380952380952381	0.0	105.61904761904762	0	0	0	0	0.0	0.0	0.0	0.0	https
3	238	0	0	0.0	0.13636363636363635	0.0	10.818181818181818	2	140	0	0	0.0	0.09090909090909091	0.0	6.363636363636363	https
3	238	0	0	0.0	0.13636363636363635	0.0	10.818181818181818	2	140	0	0	0.0	0.09090909090909091	0.0	6.363636363636363	https
3	238	0	0	0.0	0.13636363636363635	0.0	10.818181818181818	2	140	0	0	0.0	0.09523809523809523	0.0	6.666666666666667	https
29	2218	0	0	0.0	1.380952380952381	0.0	105.61904761904762	0	0	0	0	0.0	0.0	0.0	0.0	https
3	238	0	0	0.0	0.13636363636363635	0.0	10.818181818181818	2	140	0	0	0.0	0.09090909090909091	0.0	6.363636363636363	https
3	238	0	0	0.0	0.13636363636363635	0.0	10.818181818181818	2	140	0	0	0.0	0.09090909090909091	0.0	6.363636363636363	https
3	238	0	0	0.0	0.13636363636363635	0.0	10.818181818181818	2	140	0	0	0.0	0.09090909090909091	0.0	6.363636363636363	https
29	2218	0	0	0.0	1.380952380952381	0.0	105.61904761904762	0	0	0	0	0.0	0.0	0.0	0.0	https
3	238	0	0	0.0	0.13636363636363635	0.0	10.818181818181818	2	140	0	0	0.0	0.09090909090909091	0.0	6.363636363636363	https
3	238	0	0	0.0	0.13636363636363635	0.0	10.818181818181818	2	140	0	0	0.0	0.09090909090909091	0.0	6.363636363636363	https
3	238	0	0	0.0	0.13636363636363635	0.0	10.818181818181818	2	140	0	0	0.0	0.09090909090909091	0.0	6.363636363636363	https
29	2218	0	0	0.0	1.3181818181818181	0.0	100.81818181818181	0	0	0	0	0.0	0.0	0.0	0.0	https
3	238	0	0	0.0	0.13043478260869565	0.0	10.347826086956522	2	140	0	0	0.0	0.09090909090909091	0.0	6.363636363636363	https
3	238	0	0	0.0	0.13636363636363635	0.0	10.818181818181818	2	140	0	0	0.0	0.09090909090909091	0.0	6.363636363636363	https
3	238	0	0	0.0	0.13636363636363635	0.0	10.818181818181818	2	140	0	0	0.0	0.09090909090909091	0.0	6.363636363636363	https
29	2218	0	0	0.0	1.3181818181818181	0.0	100.81818181818181	0	0	0	0	0.0	0.0	0.0	0.0	https
3	238	0	0	0.0	0.13043478260869565	0.0	10.347826086956522	2	140	0	0	0.0	0.08695652173913043	0.0	6.086956521739131	https
3	238	0	0	0.0	0.13636363636363635	0.0	10.818181818181818	2	140	0	0	0.0	0.09090909090909091	0.0	6.363636363636363	https
3	238	0	0	0.0	0.13636363636363635	0.0	10.818181818181818	2	140	0	0	0.0	0.09090909090909091	0.0	6.363636363636363	https
29	2218	0	0	0.0	1.3181818181818181	0.0	100.81818181818181	0	0	0	0	0.0	0.0	0.0	0.0	https
3	238	0	0	0.0	0.13043478260869565	0.0	10.347826086956522	2	140	0	0	0.0	0.08695652173913043	0.0	6.086956521739131	https
3	238	0	0	0.0	0.13043478260869565	0.0	10.347826086956522	2	140	0	0	0.0	0.09090909090909091	0.0	6.363636363636363	https
3	238	0	0	0.0	0.13636363636363635	0.0	10.818181818181818	2	140	0	0	0.0	0.09090909090909091	0.0	6.363636363636363	https
29	2218	0	0	0.0	1.3181818181818181	0.0	100.81818181818181	0	0	0	0	0.0	0.0	0.0	0.0	https
3	238	0	0	0.0	0.13043478260869565	0.0	10.347826086956522	2	140	0	0	0.0	0.08695652173913043	0.0	6.086956521739131	https
3	238	0	0	0.0	0.13043478260869565	0.0	10.347826086956522	2	140	0	0	0.0	0.08695652173913043	0.0	6.086956521739131	https
3	238	0	0	0.0	0.13636363636363635	0.0	10.818181818181818	2	140	0	0	0.0	0.09090909090909091	0.0	6.363636363636363	https
29	2218	0	0	0.0	1.3181818181818181	0.0	100.81818181818181	0	0	0	0	0.0	0.0	0.0	0.0	https
3	238	0	0	0.0	0.13043478260869565	0.0	10.347826086956522	2	140	0	0	0.0	0.08695652173913043	0.0	6.086956521739131	https
3	238	0	0	0.0	0.13043478260869565	0.0	10.347826086956522	2	140	0	0	0.0	0.08695652173913043	0.0	6.086956521739131	https
3	238	0	0	0.0	0.13043478260869565	0.0	10.347826086956522	2	140	0	0	0.0	0.09090909090909091	0.0	6.363636363636363	https
29	2218	0	0	0.0	1.3181818181818181	0.0	100.81818181818181	0	0	0	0	0.0	0.0	0.0	0.0	https
3	238	0	0	0.0	0.13043478260869565	0.0	10.347826086956522	2	140	0	0	0.0	0.08695652173913043	0.0	6.086956521739131	https
3	238	0	0	0.0	0.13043478260869565	0.0	10.347826086956522	2	140	0	0	0.0	0.08695652173913043	0.0	6.086956521739131	https
3	238	0	0	0.0	0.13043478260869565	0.0	10.347826086956522	2	140	0	0	0.0	0.08695652173913043	0.0	6.086956521739131	https
29	2218	0	0	0.0	1.3181818181818181	0.0	100.81818181818181	0	0	0	0	0.0	0.0	0.0	0.0	https
3	238	0	0	0.0	0.13043478260869565	0.0	10.347826086956522	2	140	0	0	0.0	0.08695652173913043	0.0	6.086956521739131	https
3	238	0	0	0.0	0.13043478260869565	0.0	10.347826086956522	2	140	0	0	0.0	0.08695652173913043	0.0	6.086956521739131	https
3	238	0	0	0.0	0.13043478260869565	0.0	10.347826086956522	2	140	0	0	0.0	0.08695652173913043	0.0	6.086956521739131	https
29	2218	0	0	0.0	1.2608695652173914	0.0	96.43478260869566	0	0	0	0	0.0	0.0	0.0	0.0	https
3	238	0	0	0.0	0.125	0.0	9.916666666666666	2	140	0	0	0.0	0.08695652173913043	0.0	6.086956521739131	https
3	238	0	0	0.0	0.13043478260869565	0.0	10.347826086956522	2	140	0	0	0.0	0.08695652173913043	0.0	6.086956521739131	https
3	238	0	0	0.0	0.13043478260869565	0.0	10.347826086956522	2	140	0	0	0.0	0.08695652173913043	0.0	6.086956521739131	https
29	2218	0	0	0.0	1.2608695652173914	0.0	96.43478260869566	0	0	0	0	0.0	0.0	0.0	0.0	https
3	238	0	0	0.0	0.125	0.0	9.916666666666666	2	140	0	0	0.0	0.08333333333333333	0.0	5.833333333333333	https
3	238	0	0	0.0	0.13043478260869565	0.0	10.347826086956522	2	140	0	0	0.0	0.08695652173913043	0.0	6.086956521739131	https
3	238	0	0	0.0	0.13043478260869565	0.0	10.347826086956522	2	140	0	0	0.0	0.08695652173913043	0.0	6.086956521739131	https
29	2218	0	0	0.0	1.2608695652173914	0.0	96.43478260869566	0	0	0	0	0.0	0.0	0.0	0.0	https
3	238	0	0	0.0	0.125	0.0	9.916666666666666	2	140	0	0	0.0	0.08333333333333333	0.0	5.833333333333333	https
3	238	0	0	0.0	0.125	0.0	9.916666666666666	2	140	0	0	0.0	0.08695652173913043	0.0	6.086956521739131	https
3	238	0	0	0.0	0.13043478260869565	0.0	10.347826086956522	2	140	0	0	0.0	0.08695652173913043	0.0	6.086956521739131	https
29	2218	0	0	0.0	1.2608695652173914	0.0	96.43478260869566	0	0	0	0	0.0	0.0	0.0	0.0	https
3	238	0	0	0.0	0.125	0.0	9.916666666666666	2	140	0	0	0.0	0.08333333333333333	0.0	5.833333333333333	https
3	238	0	0	0.0	0.125	0.0	9.916666666666666	2	140	0	0	0.0	0.08333333333333333	0.0	5.833333333333333	https
3	238	0	0	0.0	0.13043478260869565	0.0	10.347826086956522	2	140	0	0	0.0	0.08695652173913043	0.0	6.086956521739131	https
29	2218	0	0	0.0	1.2608695652173914	0.0	96.43478260869566	0	0	0	0	0.0	0.0	0.0	0.0	https
3	238	0	0	0.0	0.125	0.0	9.916666666666666	2	140	0	0	0.0	0.08333333333333333	0.0	5.833333333333333	https
3	238	0	0	0.0	0.125	0.0	9.916666666666666	2	140	0	0	0.0	0.08333333333333333	0.0	5.833333333333333	https
3	238	0	0	0.0	0.125	0.0	9.916666666666666	2	140	0	0	0.0	0.08695652173913043	0.0	6.086956521739131	https
29	2218	0	0	0.0	1.2608695652173914	0.0	96.43478260869566	0	0	0	0	0.0	0.0	0.0	0.0	https
3	238	0	0	0.0	0.125	0.0	9.916666666666666	2	140	0	0	0.0	0.08333333333333333	0.0	5.833333333333333	https
3	238	0	0	0.0	0.125	0.0	9.916666666666666	2	140	0	0	0.0	0.08333333333333333	0.0	5.833333333333333	https
3	238	0	0	0.0	0.125	0.0	9.916666666666666	2	140	0	0	0.0	0.08333333333333333	0.0	5.833333333333333	https
29	2218	0	0	0.0	1.2608695652173914	0.0	96.43478260869566	0	0	0	0	0.0	0.0	0.0	0.0	https
3	238	0	0	0.0	0.125	0.0	9.916666666666666	2	140	0	0	0.0	0.08333333333333333	0.0	5.833333333333333	https
3	238	0	0	0.0	0.125	0.0	9.916666666666666	2	140	0	0	0.0	0.08333333333333333	0.0	5.833333333333333	https
3	238	0	0	0.0	0.125	0.0	9.916666666666666	2	140	0	0	0.0	0.08333333333333333	0.0	5.833333333333333	https
29	2218	0	0	0.0	1.2083333333333333	0.0	92.41666666666667	0	0	0	0	0.0	0.0	0.0	0.0	https
3	238	0	0	0.0	0.12	0.0	9.52	2	140	0	0	0.0	0.08333333333333333	0.0	5.833333333333333	https
3	238	0	0	0.0	0.125	0.0	9.916666666666666	2	140	0	0	0.0	0.08333333333333333	0.0	5.833333333333333	https
3	238	0	0	0.0	0.125	0.0	9.916666666666666	2	140	0	0	0.0	0.08333333333333333	0.0	5.833333333333333	https
29	2218	0	0	0.0	1.2083333333333333	0.0	92.41666666666667	0	0	0	0	0.0	0.0	0.0	0.0	https
3	238	0	0	0.0	0.12	0.0	9.52	2	140	0	0	0.0	0.08	0.0	5.6	https
3	238	0	0	0.0	0.125	0.0	9.916666666666666	2	140	0	0	0.0	0.08333333333333333	0.0	5.833333333333333	https
3	238	0	0	0.0	0.125	0.0	9.916666666666666	2	140	0	0	0.0	0.08333333333333333	0.0	5.833333333333333	https
29	2218	0	0	0.0	1.2083333333333333	0.0	92.41666666666667	0	0	0	0	0.0	0.0	0.0	0.0	https
3	238	0	0	0.0	0.12	0.0	9.52	2	140	0	0	0.0	0.08	0.0	5.6	https
3	238	0	0	0.0	0.12	0.0	9.52	2	140	0	0	0.0	0.08333333333333333	0.0	5.833333333333333	https
3	238	0	0	0.0	0.125	0.0	9.916666666666666	2	140	0	0	0.0	0.08333333333333333	0.0	5.833333333333333	https
29	2218	0	0	0.0	1.2083333333333333	0.0	92.41666666666667	0	0	0	0	0.0	0.0	0.0	0.0	https
3	238	0	0	0.0	0.12	0.0	9.52	2	140	0	0	0.0	0.08	0.0	5.6	https
3	238	0	0	0.0	0.12	0.0	9.52	2	140	0	0	0.0	0.08	0.0	5.6	https
3	238	0	0	0.0	0.125	0.0	9.916666666666666	2	140	0	0	0.0	0.08333333333333333	0.0	5.833333333333333	https
29	2218	0	0	0.0	1.2083333333333333	0.0	92.41666666666667	0	0	0	0	0.0	0.0	0.0	0.0	https
3	238	0	0	0.0	0.12	0.0	9.52	2	140	0	0	0.0	0.08	0.0	5.6	https
3	238	0	0	0.0	0.12	0.0	9.52	2	140	0	0	0.0	0.08	0.0	5.6	https
3	238	0	0	0.0	0.12	0.0	9.52	2	140	0	0	0.0	0.08333333333333333	0.0	5.833333333333333	https
29	2218	0	0	0.0	1.2083333333333333	0.0	92.41666666666667	0	0	0	0	0.0	0.0	0.0	0.0	https
3	238	0	0	0.0	0.12	0.0	9.52	2	140	0	0	0.0	0.08	0.0	5.6	https
3	238	0	0	0.0	0.12	0.0	9.52	2	140	0	0	0.0	0.08	0.0	5.6	https
3	238	0	0	0.0	0.12	0.0	9.52	2	140	0	0	0.0	0.08	0.0	5.6	https
29	2218	0	0	0.0	1.2083333333333333	0.0	92.41666666666667	0	0	0	0	0.0	0.0	0.0	0.0	https
3	238	0	0	0.0	0.12	0.0	9.52	2	140	0	0	0.0	0.08	0.0	5.6	https
3	238	0	0	0.0	0.12	0.0	9.52	2	140	0	0	0.0	0.08	0.0	5.6	https
3	238	0	0	0.0	0.12	0.0	9.52	2	140	0	0	0.0	0.08	0.0	5.6	https
29	2218	0	0	0.0	1.16	0.0	88.72	0	0	0	0	0.0	0.0	0.0	0.0	https
3	238	0	0	0.0	0.11538461538461539	0.0	9.153846153846153	2	140	0	0	0.0	0.08	0.0	5.6	https
3	238	0	0	0.0	0.12	0.0	9.52	2	140	0	0	0.0	0.08	0.0	5.6	https
3	238	0	0	0.0	0.12	0.0	9.52	2	140	0	0	0.0	0.08	0.0	5.6	https
29	2218	0	0	0.0	1.16	0.0	88.72	0	0	0	0	0.0	0.0	0.0	0.0	https
3	238	0	0	0.0	0.11538461538461539	0.0	9.153846153846153	2	140	0	0	0.0	0.07692307692307693	0.0	5.384615384615385	https
3	238	0	0	0.0	0.12	0.0	9.52	2	140	0	0	0.0	0.08	0.0	5.6	https
3	238	0	0	0.0	0.12	0.0	9.52	2	140	0	0	0.0	0.08	0.0	5.6	https
29	2218	0	0	0.0	1.16	0.0	88.72	0	0	0	0	0.0	0.0	0.0	0.0	https
3	238	0	0	0.0	0.11538461538461539	0.0	9.153846153846153	2	140	0	0	0.0	0.07692307692307693	0.0	5.384615384615385	https
3	238	0	0	0.0	0.11538461538461539	0.0	9.153846153846153	2	140	0	0	0.0	0.08	0.0	5.6	https
3	238	0	0	0.0	0.12	0.0	9.52	2	140	0	0	0.0	0.08	0.0	5.6	https
29	2218	0	0	0.0	1.16	0.0	88.72	0	0	0	0	0.0	0.0	0.0	0.0	https
3	238	0	0	0.0	0.11538461538461539	0.0	9.153846153846153	2	140	0	0	0.0	0.07692307692307693	0.0	5.384615384615385	https
3	238	0	0	0.0	0.11538461538461539	0.0	9.153846153846153	2	140	0	0	0.0	0.07692307692307693	0.0	5.384615384615385	https
3	238	0	0	0.0	0.12	0.0	9.52	2	140	0	0	0.0	0.08	0.0	5.6	https
29	2218	0	0	0.0	1.16	0.0	88.72	0	0	0	0	0.0	0.0	0.0	0.0	https
3	238	0	0	0.0	0.11538461538461539	0.0	9.153846153846153	2	140	0	0	0.0	0.07692307692307693	0.0	5.384615384615385	https
3	238	0	0	0.0	0.11538461538461539	0.0	9.153846153846153	2	140	0	0	0.0	0.07692307692307693	0.0	5.384615384615385	https
3	238	0	0	0.0	0.11538461538461539	0.0	9.153846153846153	2	140	0	0	0.0	0.08	0.0	5.6	https
29	2218	0	0	0.0	1.16	0.0	88.72	0	0	0	0	0.0	0.0	0.0	0.0	https
3	238	0	0	0.0	0.11538461538461539	0.0	9.153846153846153	2	140	0	0	0.0	0.07692307692307693	0.0	5.384615384615385	https
3	238	0	0	0.0	0.11538461538461539	0.0	9.153846153846153	2	140	0	0	0.0	0.07692307692307693	0.0	5.384615384615385	https
3	238	0	0	0.0	0.11538461538461539	0.0	9.153846153846153	2	140	0	0	0.0	0.07692307692307693	0.0	5.384615384615385	https
29	2218	0	0	0.0	1.16	0.0	88.72	0	0	0	0	0.0	0.0	0.0	0.0	https
3	238	0	0	0.0	0.11538461538461539	0.0	9.153846153846153	2	140	0	0	0.0	0.07692307692307693	0.0	5.384615384615385	https
3	238	0	0	0.0	0.11538461538461539	0.0	9.153846153846153	2	140	0	0	0.0	0.07692307692307693	0.0	5.384615384615385	https
3	238	0	0	0.0	0.11538461538461539	0.0	9.153846153846153	2	140	0	0	0.0	0.07692307692307693	0.0	5.384615384615385	https
30	2288	1	70	1.0	1.1538461538461537	70.0	88.0	0	0	0	0	0.0	0.0	0.0	0.0	https
3	238	0	0	0.0	0.1111111111111111	0.0	8.814814814814815	2	140	0	0	0.0	0.07692307692307693	0.0	5.384615384615385	https
3	238	0	0	0.0	0.11538461538461539	0.0	9.153846153846153	2	140	0	0	0.0	0.07692307692307693	0.0	5.384615384615385	https
3	238	0	0	0.0	0.11538461538461539	0.0	9.153846153846153	2	140	0	0	0.0	0.07692307692307693	0.0	5.384615384615385	https
30	2288	1	70	1.0	1.1538461538461537	70.0	88.0	0	0	0	0	0.0	0.0	0.0	0.0	https
3	238	0	0	0.0	0.1111111111111111	0.0	8.814814814814815	2	140	0	0	0.0	0.07407407407407407	0.0	5.185185185185185	https
3	238	0	0	0.0	0.11538461538461539	0.0	9.153846153846153	2	140	0	0	0.0	0.07692307692307693	0.0	5.384615384615385	https
3	238	0	0	0.0	0.11538461538461539	0.0	9.153846153846153	2	140	0	0	0.0	0.07692307692307693	0.0	5.384615384615385	https
30	2288	1	70	1.0	1.1538461538461537	70.0	88.0	0	0	0	0	0.0	0.0	0.0	0.0	https
3	238	0	0	0.0	0.1111111111111111	0.0	8.814814814814815	2	140	0	0	0.0	0.07407407407407407	0.0	5.185185185185185	https
3	238	0	0	0.0	0.1111111111111111	0.0	8.814814814814815	2	140	0	0	0.0	0.07692307692307693	0.0	5.384615384615385	https
3	238	0	0	0.0	0.11538461538461539	0.0	9.153846153846153	2	140	0	0	0.0	0.07692307692307693	0.0	5.384615384615385	https
30	2288	1	70	1.0	1.1538461538461537	70.0	88.0	0	0	0	0	0.0	0.0	0.0	0.0	https
3	238	0	0	0.0	0.1111111111111111	0.0	8.814814814814815	2	140	0	0	0.0	0.07407407407407407	0.0	5.185185185185185	https
3	238	0	0	0.0	0.1111111111111111	0.0	8.814814814814815	2	140	0	0	0.0	0.07407407407407407	0.0	5.185185185185185	https
3	238	0	0	0.0	0.11538461538461539	0.0	9.153846153846153	2	140	0	0	0.0	0.07692307692307693	0.0	5.384615384615385	https
30	2288	1	70	1.0	1.1538461538461537	70.0	88.0	0	0	0	0	0.0	0.0	0.0	0.0	https
3	238	0	0	0.0	0.1111111111111111	0.0	8.814814814814815	2	140	0	0	0.0	0.07407407407407407	0.0	5.185185185185185	https
3	238	0	0	0.0	0.1111111111111111	0.0	8.814814814814815	2	140	0	0	0.0	0.07407407407407407	0.0	5.185185185185185	https
3	238	0	0	0.0	0.1111111111111111	0.0	8.814814814814815	2	140	0	0	0.0	0.07692307692307693	0.0	5.384615384615385	https
30	2288	1	70	1.0	1.1538461538461537	70.0	88.0	0	0	0	0	0.0	0.0	0.0	0.0	https
3	238	0	0	0.0	0.1111111111111111	0.0	8.814814814814815	2	140	0	0	0.0	0.07407407407407407	0.0	5.185185185185185	https
3	238	0	0	0.0	0.1111111111111111	0.0	8.814814814814815	2	140	0	0	0.0	0.07407407407407407	0.0	5.185185185185185	https
3	238	0	0	0.0	0.1111111111111111	0.0	8.814814814814815	2	140	0	0	0.0	0.07407407407407407	0.0	5.185185185185185	https
30	2288	1	70	1.0	1.1538461538461537	70.0	88.0	0	0	0	0	0.0	0.0	0.0	0.0	https
3	238	0	0	0.0	0.1111111111111111	0.0	8.814814814814815	2	140	0	0	0.0	0.07407407407407407	0.0	5.185185185185185	https
3	238	0	0	0.0	0.1111111111111111	0.0	8.814814814814815	2	140	0	0	0.0	0.07407407407407407	0.0	5.185185185185185	https
3	238	0	0	0.0	0.1111111111111111	0.0	8.814814814814815	2	140	0	0	0.0	0.07407407407407407	0.0	5.185185185185185	https
30	2288	0	0	0.0	1.1111111111111112	0.0	84.74074074074075	0	0	0	0	0.0	0.0	0.0	0.0	https
3	238	0	0	0.0	0.10714285714285714	0.0	8.5	2	140	0	0	0.0	0.07407407407407407	0.0	5.185185185185185	https
3	238	0	0	0.0	0.1111111111111111	0.0	8.814814814814815	2	140	0	0	0.0	0.07407407407407407	0.0	5.185185185185185	https
3	238	0	0	0.0	0.1111111111111111	0.0	8.814814814814815	2	140	0	0	0.0	0.07407407407407407	0.0	5.185185185185185	https
30	2288	0	0	0.0	1.1111111111111112	0.0	84.74074074074075	0	0	0	0	0.0	0.0	0.0	0.0	https
3	238	0	0	0.0	0.10714285714285714	0.0	8.5	2	140	0	0	0.0	0.07142857142857142	0.0	5.0	https
3	238	0	0	0.0	0.1111111111111111	0.0	8.814814814814815	2	140	0	0	0.0	0.07407407407407407	0.0	5.185185185185185	https
3	238	0	0	0.0	0.1111111111111111	0.0	8.814814814814815	2	140	0	0	0.0	0.07407407407407407	0.0	5.185185185185185	https
30	2288	0	0	0.0	1.1111111111111112	0.0	84.74074074074075	0	0	0	0	0.0	0.0	0.0	0.0	https
3	238	0	0	0.0	0.10714285714285714	0.0	8.5	2	140	0	0	0.0	0.07142857142857142	0.0	5.0	https
3	238	0	0	0.0	0.10714285714285714	0.0	8.5	2	140	0	0	0.0	0.07407407407407407	0.0	5.185185185185185	https
3	238	0	0	0.0	0.1111111111111111	0.0	8.814814814814815	2	140	0	0	0.0	0.07407407407407407	0.0	5.185185185185185	https
30	2288	0	0	0.0	1.1111111111111112	0.0	84.74074074074075	0	0	0	0	0.0	0.0	0.0	0.0	https
3	238	0	0	0.0	0.10714285714285714	0.0	8.5	2	140	0	0	0.0	0.07142857142857142	0.0	5.0	https
3	238	0	0	0.0	0.10714285714285714	0.0	8.5	2	140	0	0	0.0	0.07142857142857142	0.0	5.0	https
3	238	0	0	0.0	0.1111111111111111	0.0	8.814814814814815	2	140	0	0	0.0	0.07407407407407407	0.0	5.185185185185185	https
30	2288	0	0	0.0	1.1111111111111112	0.0	84.74074074074075	0	0	0	0	0.0	0.0	0.0	0.0	https
3	238	0	0	0.0	0.10714285714285714	0.0	8.5	2	140	0	0	0.0	0.07142857142857142	0.0	5.0	https
3	238	0	0	0.0	0.10714285714285714	0.0	8.5	2	140	0	0	0.0	0.07142857142857142	0.0	5.0	https
3	238	0	0	0.0	0.10714285714285714	0.0	8.5	2	140	0	0	0.0	0.07407407407407407	0.0	5.185185185185185	https
30	2288	0	0	0.0	1.1111111111111112	0.0	84.74074074074075	0	0	0	0	0.0	0.0	0.0	0.0	https
3	238	0	0	0.0	0.10714285714285714	0.0	8.5	2	140	0	0	0.0	0.07142857142857142	0.0	5.0	https
3	238	0	0	0.0	0.10714285714285714	0.0	8.5	2	140	0	0	0.0	0.07142857142857142	0.0	5.0	https
3	238	0	0	0.0	0.10714285714285714	0.0	8.5	2	140	0	0	0.0	0.07142857142857142	0.0	5.0	https
30	2288	0	0	0.0	1.1111111111111112	0.0	84.74074074074075	0	0	0	0	0.0	0.0	0.0	0.0	https
3	238	0	0	0.0	0.10714285714285714	0.0	8.5	2	140	0	0	0.0	0.07142857142857142	0.0	5.0	https
3	238	0	0	0.0	0.10714285714285714	0.0	8.5	2	140	0	0	0.0	0.07142857142857142	0.0	5.0	https
3	238	0	0	0.0	0.10714285714285714	0.0	8.5	2	140	0	0	0.0	0.07142857142857142	0.0	5.0	https
30	2288	0	0	0.0	1.0714285714285714	0.0	81.71428571428571	0	0	0	0	0.0	0.0	0.0	0.0	https
3	238	0	0	0.0	0.10344827586206896	0.0	8.206896551724139	2	140	0	0	0.0	0.07142857142857142	0.0	5.0	https
3	238	0	0	0.0	0.10714285714285714	0.0	8.5	2	140	0	0	0.0	0.07142857142857142	0.0	5.0	https
3	238	0	0	0.0	0.10714285714285714	0.0	8.5	2	140	0	0	0.0	0.07142857142857142	0.0	5.0	https
30	2288	0	0	0.0	1.0714285714285714	0.0	81.71428571428571	0	0	0	0	0.0	0.0	0.0	0.0	https
3	238	0	0	0.0	0.10344827586206896	0.0	8.206896551724139	2	140	0	0	0.0	0.06896551724137931	0.0	4.827586206896552	https
3	238	0	0	0.0	0.10714285714285714	0.0	8.5	2	140	0	0	0.0	0.07142857142857142	0.0	5.0	https
3	238	0	0	0.0	0.10714285714285714	0.0	8.5	2	140	0	0	0.0	0.07142857142857142	0.0	5.0	https
30	2288	0	0	0.0	1.0714285714285714	0.0	81.71428571428571	0	0	0	0	0.0	0.0	0.0	0.0	https
3	238	0	0	0.0	0.10344827586206896	0.0	8.206896551724139	2	140	0	0	0.0	0.06896551724137931	0.0	4.827586206896552	https
3	238	0	0	0.0	0.10344827586206896	0.0	8.206896551724139	2	140	0	0	0.0	0.07142857142857142	0.0	5.0	https
3	238	0	0	0.0	0.10714285714285714	0.0	8.5	2	140	0	0	0.0	0.07142857142857142	0.0	5.0	https
30	2288	0	0	0.0	1.0714285714285714	0.0	81.71428571428571	0	0	0	0	0.0	0.0	0.0	0.0	https
3	238	0	0	0.0	0.10344827586206896	0.0	8.206896551724139	2	140	0	0	0.0	0.06896551724137931	0.0	4.827586206896552	https
3	238	0	0	0.0	0.10344827586206896	0.0	8.206896551724139	2	140	0	0	0.0	0.06896551724137931	0.0	4.827586206896552	https
3	238	0	0	0.0	0.10714285714285714	0.0	8.5	2	140	0	0	0.0	0.07142857142857142	0.0	5.0	https
30	2288	0	0	0.0	1.0714285714285714	0.0	81.71428571428571	0	0	0	0	0.0	0.0	0.0	0.0	https
3	238	0	0	0.0	0.10344827586206896	0.0	8.206896551724139	2	140	0	0	0.0	0.06896551724137931	0.0	4.827586206896552	https
3	238	0	0	0.0	0.10344827586206896	0.0	8.206896551724139	2	140	0	0	0.0	0.06896551724137931	0.0	4.827586206896552	https
3	238	0	0	0.0	0.10344827586206896	0.0	8.206896551724139	2	140	0	0	0.0	0.07142857142857142	0.0	5.0	https
30	2288	0	0	0.0	1.0714285714285714	0.0	81.71428571428571	0	0	0	0	0.0	0.0	0.0	0.0	https
3	238	0	0	0.0	0.10344827586206896	0.0	8.206896551724139	2	140	0	0	0.0	0.06896551724137931	0.0	4.827586206896552	https
3	238	0	0	0.0	0.10344827586206896	0.0	8.206896551724139	2	140	0	0	0.0	0.06896551724137931	0.0	4.827586206896552	https
3	238	0	0	0.0	0.10344827586206896	0.0	8.206896551724139	2	140	0	0	0.0	0.06896551724137931	0.0	4.827586206896552	https
30	2288	0	0	0.0	1.0714285714285714	0.0	81.71428571428571	0	0	0	0	0.0	0.0	0.0	0.0	https
3	238	0	0	0.0	0.10344827586206896	0.0	8.206896551724139	2	140	0	0	0.0	0.06896551724137931	0.0	4.827586206896552	https
3	238	0	0	0.0	0.10344827586206896	0.0	8.206896551724139	2	140	0	0	0.0	0.06896551724137931	0.0	4.827586206896552	https
3	238	0	0	0.0	0.10344827586206896	0.0	8.206896551724139	2	140	0	0	0.0	0.06896551724137931	0.0	4.827586206896552	https
31	2358	1	70	1.0	1.0689655172413792	70.0	81.3103448275862	0	0	0	0	0.0	0.0	0.0	0.0	https
3	238	0	0	0.0	0.1	0.0	7.933333333333334	2	140	0	0	0.0	0.06896551724137931	0.0	4.827586206896552	https
3	238	0	0	0.0	0.10344827586206896	0.0	8.206896551724139	2	140	0	0	0.0	0.06896551724137931	0.0	4.827586206896552	https
3	238	0	0	0.0	0.10344827586206896	0.0	8.206896551724139	2	140	0	0	0.0	0.06896551724137931	0.0	4.827586206896552	https
31	2358	1	70	1.0	1.0689655172413792	70.0	81.3103448275862	0	0	0	0	0.0	0.0	0.0	0.0	https
3	238	0	0	0.0	0.1	0.0	7.933333333333334	2	140	0	0	0.0	0.06666666666666667	0.0	4.666666666666667	https
3	238	0	0	0.0	0.10344827586206896	0.0	8.206896551724139	2	140	0	0	0.0	0.06896551724137931	0.0	4.827586206896552	https
3	238	0	0	0.0	0.10344827586206896	0.0	8.206896551724139	2	140	0	0	0.0	0.06896551724137931	0.0	4.827586206896552	https
31	2358	1	70	1.0	1.0689655172413792	70.0	81.3103448275862	0	0	0	0	0.0	0.0	0.0	0.0	https
3	238	0	0	0.0	0.1	0.0	7.933333333333334	2	140	0	0	0.0	0.06666666666666667	0.0	4.666666666666667	https
3	238	0	0	0.0	0.1	0.0	7.933333333333334	2	140	0	0	0.0	0.06896551724137931	0.0	4.827586206896552	https
3	238	0	0	0.0	0.10344827586206896	0.0	8.206896551724139	2	140	0	0	0.0	0.06896551724137931	0.0	4.827586206896552	https
31	2358	1	70	1.0	1.0689655172413792	70.0	81.3103448275862	0	0	0	0	0.0	0.0	0.0	0.0	https
3	238	0	0	0.0	0.1	0.0	7.933333333333334	2	140	0	0	0.0	0.06666666666666667	0.0	4.666666666666667	https
3	238	0	0	0.0	0.1	0.0	7.933333333333334	2	140	0	0	0.0	0.06666666666666667	0.0	4.666666666666667	https
3	238	0	0	0.0	0.10344827586206896	0.0	8.206896551724139	2	140	0	0	0.0	0.06896551724137931	0.0	4.827586206896552	https
31	2358	1	70	1.0	1.0689655172413792	70.0	81.3103448275862	0	0	0	0	0.0	0.0	0.0	0.0	https
3	238	0	0	0.0	0.1	0.0	7.933333333333334	2	140	0	0	0.0	0.06666666666666667	0.0	4.666666666666667	https
3	238	0	0	0.0	0.1	0.0	7.933333333333334	2	140	0	0	0.0	0.06666666666666667	0.0	4.666666666666667	https
3	238	0	0	0.0	0.1	0.0	7.933333333333334	2	140	0	0	0.0	0.06896551724137931	0.0	4.827586206896552	https
31	2358	1	70	1.0	1.0689655172413792	70.0	81.3103448275862	0	0	0	0	0.0	0.0	0.0	0.0	https
3	238	0	0	0.0	0.1	0.0	7.933333333333334	2	140	0	0	0.0	0.06666666666666667	0.0	4.666666666666667	https
3	238	0	0	0.0	0.1	0.0	7.933333333333334	2	140	0	0	0.0	0.06666666666666667	0.0	4.666666666666667	https
3	238	0	0	0.0	0.1	0.0	7.933333333333334	2	140	0	0	0.0	0.06666666666666667	0.0	4.666666666666667	https
31	2358	1	70	1.0	1.0689655172413792	70.0	81.3103448275862	0	0	0	0	0.0	0.0	0.0	0.0	https
3	238	0	0	0.0	0.1	0.0	7.933333333333334	2	140	0	0	0.0	0.06666666666666667	0.0	4.666666666666667	https
3	238	0	0	0.0	0.1	0.0	7.933333333333334	2	140	0	0	0.0	0.06666666666666667	0.0	4.666666666666667	https
3	238	0	0	0.0	0.1	0.0	7.933333333333334	2	140	0	0	0.0	0.06666666666666667	0.0	4.666666666666667	https
31	2358	0	0	0.0	1.0333333333333334	0.0	78.6	0	0	0	0	0.0	0.0	0.0	0.0	https
3	238	0	0	0.0	0.0967741935483871	0.0	7.67741935483871	2	140	0	0	0.0	0.06666666666666667	0.0	4.666666666666667	https
3	238	0	0	0.0	0.1	0.0	7.933333333333334	2	140	0	0	0.0	0.06666666666666667	0.0	4.666666666666667	https
3	238	0	0	0.0	0.1	0.0	7.933333333333334	2	140	0	0	0.0	0.06666666666666667	0.0	4.666666666666667	https
31	2358	0	0	0.0	1.0333333333333334	0.0	78.6	0	0	0	0	0.0	0.0	0.0	0.0	https
3	238	0	0	0.0	0.0967741935483871	0.0	7.67741935483871	2	140	0	0	0.0	0.06451612903225806	0.0	4.516129032258065	https
3	238	0	0	0.0	0.1	0.0	7.933333333333334	2	140	0	0	0.0	0.06666666666666667	0.0	4.666666666666667	https
3	238	0	0	0.0	0.1	0.0	7.933333333333334	2	140	0	0	0.0	0.06666666666666667	0.0	4.666666666666667	https
31	2358	0	0	0.0	1.0333333333333334	0.0	78.6	0	0	0	0	0.0	0.0	0.0	0.0	https
3	238	0	0	0.0	0.0967741935483871	0.0	7.67741935483871	2	140	0	0	0.0	0.06451612903225806	0.0	4.516129032258065	https
3	238	0	0	0.0	0.0967741935483871	0.0	7.67741935483871	2	140	0	0	0.0	0.06666666666666667	0.0	4.666666666666667	https
3	238	0	0	0.0	0.1	0.0	7.933333333333334	2	140	0	0	0.0	0.06666666666666667	0.0	4.666666666666667	https
31	2358	0	0	0.0	1.0333333333333334	0.0	78.6	0	0	0	0	0.0	0.0	0.0	0.0	https
3	238	0	0	0.0	0.0967741935483871	0.0	7.67741935483871	2	140	0	0	0.0	0.06451612903225806	0.0	4.516129032258065	https
3	238	0	0	0.0	0.0967741935483871	0.0	7.67741935483871	2	140	0	0	0.0	0.06451612903225806	0.0	4.516129032258065	https
3	238	0	0	0.0	0.1	0.0	7.933333333333334	2	140	0	0	0.0	0.06666666666666667	0.0	4.666666666666667	https
31	2358	0	0	0.0	1.0333333333333334	0.0	78.6	0	0	0	0	0.0	0.0	0.0	0.0	https
3	238	0	0	0.0	0.0967741935483871	0.0	7.67741935483871	2	140	0	0	0.0	0.06451612903225806	0.0	4.516129032258065	https
3	238	0	0	0.0	0.0967741935483871	0.0	7.67741935483871	2	140	0	0	0.0	0.06451612903225806	0.0	4.516129032258065	https
3	238	0	0	0.0	0.0967741935483871	0.0	7.67741935483871	2	140	0	0	0.0	0.06666666666666667	0.0	4.666666666666667	https
31	2358	0	0	0.0	1.0333333333333334	0.0	78.6	0	0	0	0	0.0	0.0	0.0	0.0	https
3	238	0	0	0.0	0.0967741935483871	0.0	7.67741935483871	2	140	0	0	0.0	0.06451612903225806	0.0	4.516129032258065	https
3	238	0	0	0.0	0.0967741935483871	0.0	7.67741935483871	2	140	0	0	0.0	0.06451612903225806	0.0	4.516129032258065	https
3	238	0	0	0.0	0.0967741935483871	0.0	7.67741935483871	2	140	0	0	0.0	0.06451612903225806	0.0	4.516129032258065	https
31	2358	0	0	0.0	1.0333333333333334	0.0	78.6	0	0	0	0	0.0	0.0	0.0	0.0	https
3	238	0	0	0.0	0.0967741935483871	0.0	7.67741935483871	2	140	0	0	0.0	0.06451612903225806	0.0	4.516129032258065	https
3	238	0	0	0.0	0.0967741935483871	0.0	7.67741935483871	2	140	0	0	0.0	0.06451612903225806	0.0	4.516129032258065	https
3	238	0	0	0.0	0.0967741935483871	0.0	7.67741935483871	2	140	0	0	0.0	0.06451612903225806	0.0	4.516129032258065	https
31	2358	0	0	0.0	1.0	0.0	76.06451612903226	0	0	0	0	0.0	0.0	0.0	0.0	https
3	238	0	0	0.0	0.09375	0.0	7.4375	2	140	0	0	0.0	0.06451612903225806	0.0	4.516129032258065	https
3	238	0	0	0.0	0.0967741935483871	0.0	7.67741935483871	2	140	0	0	0.0	0.06451612903225806	0.0	4.516129032258065	https
3	238	0	0	0.0	0.0967741935483871	0.0	7.67741935483871	2	140	0	0	0.0	0.06451612903225806	0.0	4.516129032258065	https
31	2358	0	0	0.0	1.0	0.0	76.06451612903226	0	0	0	0	0.0	0.0	0.0	0.0	https
3	238	0	0	0.0	0.09375	0.0	7.4375	2	140	0	0	0.0	0.0625	0.0	4.375	https
3	238	0	0	0.0	0.0967741935483871	0.0	7.67741935483871	2	140	0	0	0.0	0.06451612903225806	0.0	4.516129032258065	https
3	238	0	0	0.0	0.0967741935483871	0.0	7.67741935483871	2	140	0	0	0.0	0.06451612903225806	0.0	4.516129032258065	https
31	2358	0	0	0.0	1.0	0.0	76.06451612903226	0	0	0	0	0.0	0.0	0.0	0.0	https
3	238	0	0	0.0	0.09375	0.0	7.4375	2	140	0	0	0.0	0.0625	0.0	4.375	https
3	238	0	0	0.0	0.09375	0.0	7.4375	2	140	0	0	0.0	0.06451612903225806	0.0	4.516129032258065	https
3	238	0	0	0.0	0.0967741935483871	0.0	7.67741935483871	2	140	0	0	0.0	0.06451612903225806	0.0	4.516129032258065	https
31	2358	0	0	0.0	1.0	0.0	76.06451612903226	0	0	0	0	0.0	0.0	0.0	0.0	https
3	238	0	0	0.0	0.09375	0.0	7.4375	2	140	0	0	0.0	0.0625	0.0	4.375	https
3	238	0	0	0.0	0.09375	0.0	7.4375	2	140	0	0	0.0	0.0625	0.0	4.375	https
3	238	0	0	0.0	0.0967741935483871	0.0	7.67741935483871	2	140	0	0	0.0	0.06451612903225806	0.0	4.516129032258065	https
31	2358	0	0	0.0	1.0	0.0	76.06451612903226	0	0	0	0	0.0	0.0	0.0	0.0	https
3	238	0	0	0.0	0.09375	0.0	7.4375	2	140	0	0	0.0	0.0625	0.0	4.375	https
3	238	0	0	0.0	0.09375	0.0	7.4375	2	140	0	0	0.0	0.0625	0.0	4.375	https
3	238	0	0	0.0	0.09375	0.0	7.4375	2	140	0	0	0.0	0.06451612903225806	0.0	4.516129032258065	https
31	2358	0	0	0.0	1.0	0.0	76.06451612903226	0	0	0	0	0.0	0.0	0.0	0.0	https
3	238	0	0	0.0	0.09375	0.0	7.4375	2	140	0	0	0.0	0.0625	0.0	4.375	https
3	238	0	0	0.0	0.09375	0.0	7.4375	2	140	0	0	0.0	0.0625	0.0	4.375	https
3	238	0	0	0.0	0.09375	0.0	7.4375	2	140	0	0	0.0	0.0625	0.0	4.375	https
31	2358	0	0	0.0	1.0	0.0	76.06451612903226	0	0	0	0	0.0	0.0	0.0	0.0	https
3	238	0	0	0.0	0.09375	0.0	7.4375	2	140	0	0	0.0	0.0625	0.0	4.375	https
3	238	0	0	0.0	0.09375	0.0	7.4375	2	140	0	0	0.0	0.0625	0.0	4.375	https
3	238	0	0	0.0	0.09375	0.0	7.4375	2	140	0	0	0.0	0.0625	0.0	4.375	https
31	2358	0	0	0.0	0.96875	0.0	73.6875	0	0	0	0	0.0	0.0	0.0	0.0	https
3	238	0	0	0.0	0.09090909090909091	0.0	7.212121212121212	2	140	0	0	0.0	0.0625	0.0	4.375	https
3	238	0	0	0.0	0.09375	0.0	7.4375	2	140	0	0	0.0	0.0625	0.0	4.375	https
3	238	0	0	0.0	0.09375	0.0	7.4375	2	140	0	0	0.0	0.0625	0.0	4.375	https
31	2358	0	0	0.0	0.96875	0.0	73.6875	0	0	0	0	0.0	0.0	0.0	0.0	https
3	238	0	0	0.0	0.09090909090909091	0.0	7.212121212121212	2	140	0	0	0.0	0.06060606060606061	0.0	4.242424242424242	https
3	238	0	0	0.0	0.09375	0.0	7.4375	2	140	0	0	0.0	0.0625	0.0	4.375	https
3	238	0	0	0.0	0.09375	0.0	7.4375	2	140	0	0	0.0	0.0625	0.0	4.375	https
31	2358	0	0	0.0	0.96875	0.0	73.6875	0	0	0	0	0.0	0.0	0.0	0.0	https
3	238	0	0	0.0	0.09090909090909091	0.0	7.212121212121212	2	140	0	0	0.0	0.06060606060606061	0.0	4.242424242424242	https
3	238	0	0	0.0	0.09090909090909091	0.0	7.212121212121212	2	140	0	0	0.0	0.0625	0.0	4.375	https
3	238	0	0	0.0	0.09375	0.0	7.4375	2	140	0	0	0.0	0.0625	0.0	4.375	https
31	2358	0	0	0.0	0.96875	0.0	73.6875	0	0	0	0	0.0	0.0	0.0	0.0	https
3	238	0	0	0.0	0.09090909090909091	0.0	7.212121212121212	2	140	0	0	0.0	0.06060606060606061	0.0	4.242424242424242	https
3	238	0	0	0.0	0.09090909090909091	0.0	7.212121212121212	2	140	0	0	0.0	0.06060606060606061	0.0	4.242424242424242	https
3	238	0	0	0.0	0.09375	0.0	7.4375	2	140	0	0	0.0	0.0625	0.0	4.375	https
31	2358	0	0	0.0	0.96875	0.0	73.6875	0	0	0	0	0.0	0.0	0.0	0.0	https
3	238	0	0	0.0	0.09090909090909091	0.0	7.212121212121212	2	140	0	0	0.0	0.06060606060606061	0.0	4.242424242424242	https
3	238	0	0	0.0	0.09090909090909091	0.0	7.212121212121212	2	140	0	0	0.0	0.06060606060606061	0.0	4.242424242424242	https
3	238	0	0	0.0	0.09090909090909091	0.0	7.212121212121212	2	140	0	0	0.0	0.0625	0.0	4.375	https
31	2358	0	0	0.0	0.96875	0.0	73.6875	0	0	0	0	0.0	0.0	0.0	0.0	https
3	238	0	0	0.0	0.09090909090909091	0.0	7.212121212121212	2	140	0	0	0.0	0.06060606060606061	0.0	4.242424242424242	https
3	238	0	0	0.0	0.09090909090909091	0.0	7.212121212121212	2	140	0	0	0.0	0.06060606060606061	0.0	4.242424242424242	https
3	238	0	0	0.0	0.09090909090909091	0.0	7.212121212121212	2	140	0	0	0.0	0.06060606060606061	0.0	4.242424242424242	https
31	2358	0	0	0.0	0.96875	0.0	73.6875	0	0	0	0	0.0	0.0	0.0	0.0	https
3	238	0	0	0.0	0.09090909090909091	0.0	7.212121212121212	2	140	0	0	0.0	0.06060606060606061	0.0	4.242424242424242	https
3	238	0	0	0.0	0.09090909090909091	0.0	7.212121212121212	2	140	0	0	0.0	0.06060606060606061	0.0	4.242424242424242	https
3	238	0	0	0.0	0.09090909090909091	0.0	7.212121212121212	2	140	0	0	0.0	0.06060606060606061	0.0	4.242424242424242	https
32	2428	1	70	1.0	0.9696969696969697	70.0	73.57575757575758	0	0	0	0	0.0	0.0	0.0	0.0	https
3	238	0	0	0.0	0.08823529411764706	0.0	7.0	2	140	0	0	0.0	0.06060606060606061	0.0	4.242424242424242	https
3	238	0	0	0.0	0.09090909090909091	0.0	7.212121212121212	2	140	0	0	0.0	0.06060606060606061	0.0	4.242424242424242	https
3	238	0	0	0.0	0.09090909090909091	0.0	7.212121212121212	2	140	0	0	0.0	0.06060606060606061	0.0	4.242424242424242	https
32	2428	1	70	1.0	0.9696969696969697	70.0	73.57575757575758	0	0	0	0	0.0	0.0	0.0	0.0	https
3	238	0	0	0.0	0.08823529411764706	0.0	7.0	2	140	0	0	0.0	0.058823529411764705	0.0	4.117647058823529	https
3	238	0	0	0.0	0.09090909090909091	0.0	7.212121212121212	2	140	0	0	0.0	0.06060606060606061	0.0	4.242424242424242	https
3	238	0	0	0.0	0.09090909090909091	0.0	7.212121212121212	2	140	0	0	0.0	0.06060606060606061	0.0	4.242424242424242	https
32	2428	1	70	1.0	0.9696969696969697	70.0	73.57575757575758	0	0	0	0	0.0	0.0	0.0	0.0	https
3	238	0	0	0.0	0.08823529411764706	0.0	7.0	2	140	0	0	0.0	0.058823529411764705	0.0	4.117647058823529	https
3	238	0	0	0.0	0.08823529411764706	0.0	7.0	2	140	0	0	0.0	0.06060606060606061	0.0	4.242424242424242	https
3	238	0	0	0.0	0.09090909090909091	0.0	7.212121212121212	2	140	0	0	0.0	0.06060606060606061	0.0	4.242424242424242	https
32	2428	1	70	1.0	0.9696969696969697	70.0	73.57575757575758	0	0	0	0	0.0	0.0	0.0	0.0	https
3	238	0	0	0.0	0.08823529411764706	0.0	7.0	2	140	0	0	0.0	0.058823529411764705	0.0	4.117647058823529	https
3	238	0	0	0.0	0.08823529411764706	0.0	7.0	2	140	0	0	0.0	0.058823529411764705	0.0	4.117647058823529	https
3	238	0	0	0.0	0.09090909090909091	0.0	7.212121212121212	2	140	0	0	0.0	0.06060606060606061	0.0	4.242424242424242	https
32	2428	1	70	1.0	0.9696969696969697	70.0	73.57575757575758	0	0	0	0	0.0	0.0	0.0	0.0	https
3	238	0	0	0.0	0.08823529411764706	0.0	7.0	2	140	0	0	0.0	0.058823529411764705	0.0	4.117647058823529	https
3	238	0	0	0.0	0.08823529411764706	0.0	7.0	2	140	0	0	0.0	0.058823529411764705	0.0	4.117647058823529	https
3	238	0	0	0.0	0.08823529411764706	0.0	7.0	2	140	0	0	0.0	0.06060606060606061	0.0	4.242424242424242	https
32	2428	1	70	1.0	0.9696969696969697	70.0	73.57575757575758	0	0	0	0	0.0	0.0	0.0	0.0	https
3	238	0	0	0.0	0.08823529411764706	0.0	7.0	2	140	0	0	0.0	0.058823529411764705	0.0	4.117647058823529	https
3	238	0	0	0.0	0.08823529411764706	0.0	7.0	2	140	0	0	0.0	0.058823529411764705	0.0	4.117647058823529	https
3	238	0	0	0.0	0.08823529411764706	0.0	7.0	2	140	0	0	0.0	0.058823529411764705	0.0	4.117647058823529	https
32	2428	1	70	1.0	0.9696969696969697	70.0	73.57575757575758	0	0	0	0	0.0	0.0	0.0	0.0	https
3	238	0	0	0.0	0.08823529411764706	0.0	7.0	2	140	0	0	0.0	0.058823529411764705	0.0	4.117647058823529	https
3	238	0	0	0.0	0.08823529411764706	0.0	7.0	2	140	0	0	0.0	0.058823529411764705	0.0	4.117647058823529	https
3	238	0	0	0.0	0.08823529411764706	0.0	7.0	2	140	0	0	0.0	0.058823529411764705	0.0	4.117647058823529	https
32	2428	0	0	0.0	0.9411764705882353	0.0	71.41176470588235	0	0	0	0	0.0	0.0	0.0	0.0	https
3	238	0	0	0.0	0.08571428571428572	0.0	6.8	2	140	0	0	0.0	0.058823529411764705	0.0	4.117647058823529	https
3	238	0	0	0.0	0.08823529411764706	0.0	7.0	2	140	0	0	0.0	0.058823529411764705	0.0	4.117647058823529	https
3	238	0	0	0.0	0.08823529411764706	0.0	7.0	2	140	0	0	0.0	0.058823529411764705	0.0	4.117647058823529	https
32	2428	0	0	0.0	0.9411764705882353	0.0	71.41176470588235	0	0	0	0	0.0	0.0	0.0	0.0	https
3	238	0	0	0.0	0.08571428571428572	0.0	6.8	2	140	0	0	0.0	0.05714285714285714	0.0	4.0	https
3	238	0	0	0.0	0.08823529411764706	0.0	7.0	2	140	0	0	0.0	0.058823529411764705	0.0	4.117647058823529	https
3	238	0	0	0.0	0.08823529411764706	0.0	7.0	2	140	0	0	0.0	0.058823529411764705	0.0	4.117647058823529	https
32	2428	0	0	0.0	0.9411764705882353	0.0	71.41176470588235	0	0	0	0	0.0	0.0	0.0	0.0	https
3	238	0	0	0.0	0.08571428571428572	0.0	6.8	2	140	0	0	0.0	0.05714285714285714	0.0	4.0	https
3	238	0	0	0.0	0.08571428571428572	0.0	6.8	2	140	0	0	0.0	0.058823529411764705	0.0	4.117647058823529	https
3	238	0	0	0.0	0.08823529411764706	0.0	7.0	2	140	0	0	0.0	0.058823529411764705	0.0	4.117647058823529	https
32	2428	0	0	0.0	0.9411764705882353	0.0	71.41176470588235	0	0	0	0	0.0	0.0	0.0	0.0	https
3	238	0	0	0.0	0.08571428571428572	0.0	6.8	2	140	0	0	0.0	0.05714285714285714	0.0	4.0	https
3	238	0	0	0.0	0.08571428571428572	0.0	6.8	2	140	0	0	0.0	0.05714285714285714	0.0	4.0	https
3	238	0	0	0.0	0.08823529411764706	0.0	7.0	2	140	0	0	0.0	0.058823529411764705	0.0	4.117647058823529	https
32	2428	0	0	0.0	0.9411764705882353	0.0	71.41176470588235	0	0	0	0	0.0	0.0	0.0	0.0	https
3	238	0	0	0.0	0.08571428571428572	0.0	6.8	2	140	0	0	0.0	0.05714285714285714	0.0	4.0	https
3	238	0	0	0.0	0.08571428571428572	0.0	6.8	2	140	0	0	0.0	0.05714285714285714	0.0	4.0	https
3	238	0	0	0.0	0.08571428571428572	0.0	6.8	2	140	0	0	0.0	0.058823529411764705	0.0	4.117647058823529	https
32	2428	0	0	0.0	0.9411764705882353	0.0	71.41176470588235	0	0	0	0	0.0	0.0	0.0	0.0	https
3	238	0	0	0.0	0.08571428571428572	0.0	6.8	2	140	0	0	0.0	0.05714285714285714	0.0	4.0	https
3	238	0	0	0.0	0.08571428571428572	0.0	6.8	2	140	0	0	0.0	0.05714285714285714	0.0	4.0	https
3	238	0	0	0.0	0.08571428571428572	0.0	6.8	2	140	0	0	0.0	0.05714285714285714	0.0	4.0	https
32	2428	0	0	0.0	0.9411764705882353	0.0	71.41176470588235	0	0	0	0	0.0	0.0	0.0	0.0	https
3	238	0	0	0.0	0.08571428571428572	0.0	6.8	2	140	0	0	0.0	0.05714285714285714	0.0	4.0	https
3	238	0	0	0.0	0.08571428571428572	0.0	6.8	2	140	0	0	0.0	0.05714285714285714	0.0	4.0	https
3	238	0	0	0.0	0.08571428571428572	0.0	6.8	2	140	0	0	0.0	0.05714285714285714	0.0	4.0	https
32	2428	0	0	0.0	0.9142857142857143	0.0	69.37142857142857	0	0	0	0	0.0	0.0	0.0	0.0	https
3	238	0	0	0.0	0.08333333333333333	0.0	6.611111111111111	2	140	0	0	0.0	0.05714285714285714	0.0	4.0	https
3	238	0	0	0.0	0.08571428571428572	0.0	6.8	2	140	0	0	0.0	0.05714285714285714	0.0	4.0	https
3	238	0	0	0.0	0.08571428571428572	0.0	6.8	2	140	0	0	0.0	0.05714285714285714	0.0	4.0	https
32	2428	0	0	0.0	0.9142857142857143	0.0	69.37142857142857	0	0	0	0	0.0	0.0	0.0	0.0	https
3	238	0	0	0.0	0.08333333333333333	0.0	6.611111111111111	2	140	0	0	0.0	0.05555555555555555	0.0	3.888888888888889	https
3	238	0	0	0.0	0.08571428571428572	0.0	6.8	2	140	0	0	0.0	0.05714285714285714	0.0	4.0	https
3	238	0	0	0.0	0.08571428571428572	0.0	6.8	2	140	0	0	0.0	0.05714285714285714	0.0	4.0	https
32	2428	0	0	0.0	0.9142857142857143	0.0	69.37142857142857	0	0	0	0	0.0	0.0	0.0	0.0	https
3	238	0	0	0.0	0.08333333333333333	0.0	6.611111111111111	2	140	0	0	0.0	0.05555555555555555	0.0	3.888888888888889	https
3	238	0	0	0.0	0.08333333333333333	0.0	6.611111111111111	2	140	0	0	0.0	0.05714285714285714	0.0	4.0	https
3	238	0	0	0.0	0.08571428571428572	0.0	6.8	2	140	0	0	0.0	0.05714285714285714	0.0	4.0	https
32	2428	0	0	0.0	0.9142857142857143	0.0	69.37142857142857	0	0	0	0	0.0	0.0	0.0	0.0	https
3	238	0	0	0.0	0.08333333333333333	0.0	6.611111111111111	2	140	0	0	0.0	0.05555555555555555	0.0	3.888888888888889	https
3	238	0	0	0.0	0.08333333333333333	0.0	6.611111111111111	2	140	0	0	0.0	0.05555555555555555	0.0	3.888888888888889	https
3	238	0	0	0.0	0.08571428571428572	0.0	6.8	2	140	0	0	0.0	0.05714285714285714	0.0	4.0	https
32	2428	0	0	0.0	0.9142857142857143	0.0	69.37142857142857	0	0	0	0	0.0	0.0	0.0	0.0	https
3	238	0	0	0.0	0.08333333333333333	0.0	6.611111111111111	2	140	0	0	0.0	0.05555555555555555	0.0	3.888888888888889	https
3	238	0	0	0.0	0.08333333333333333	0.0	6.611111111111111	2	140	0	0	0.0	0.05555555555555555	0.0	3.888888888888889	https
3	238	0	0	0.0	0.08333333333333333	0.0	6.611111111111111	2	140	0	0	0.0	0.05714285714285714	0.0	4.0	https
32	2428	0	0	0.0	0.9142857142857143	0.0	69.37142857142857	0	0	0	0	0.0	0.0	0.0	0.0	https
3	238	0	0	0.0	0.08333333333333333	0.0	6.611111111111111	2	140	0	0	0.0	0.05555555555555555	0.0	3.888888888888889	https
3	238	0	0	0.0	0.08333333333333333	0.0	6.611111111111111	2	140	0	0	0.0	0.05555555555555555	0.0	3.888888888888889	https
3	238	0	0	0.0	0.08333333333333333	0.0	6.611111111111111	2	140	0	0	0.0	0.05555555555555555	0.0	3.888888888888889	https
32	2428	0	0	0.0	0.9142857142857143	0.0	69.37142857142857	0	0	0	0	0.0	0.0	0.0	0.0	https
3	238	0	0	0.0	0.08333333333333333	0.0	6.611111111111111	2	140	0	0	0.0	0.05555555555555555	0.0	3.888888888888889	https
3	238	0	0	0.0	0.08333333333333333	0.0	6.611111111111111	2	140	0	0	0.0	0.05555555555555555	0.0	3.888888888888889	https
3	238	0	0	0.0	0.08333333333333333	0.0	6.611111111111111	2	140	0	0	0.0	0.05555555555555555	0.0	3.888888888888889	https
32	2428	0	0	0.0	0.8888888888888888	0.0	67.44444444444444	0	0	0	0	0.0	0.0	0.0	0.0	https
3	238	0	0	0.0	0.08108108108108109	0.0	6.4324324324324325	2	140	0	0	0.0	0.05555555555555555	0.0	3.888888888888889	https
3	238	0	0	0.0	0.08333333333333333	0.0	6.611111111111111	2	140	0	0	0.0	0.05555555555555555	0.0	3.888888888888889	https
3	238	0	0	0.0	0.08333333333333333	0.0	6.611111111111111	2	140	0	0	0.0	0.05555555555555555	0.0	3.888888888888889	https
32	2428	0	0	0.0	0.8888888888888888	0.0	67.44444444444444	0	0	0	0	0.0	0.0	0.0	0.0	https
3	238	0	0	0.0	0.08108108108108109	0.0	6.4324324324324325	2	140	0	0	0.0	0.05405405405405406	0.0	3.7837837837837838	https
3	238	0	0	0.0	0.08333333333333333	0.0	6.611111111111111	2	140	0	0	0.0	0.05555555555555555	0.0	3.888888888888889	https
3	238	0	0	0.0	0.08333333333333333	0.0	6.611111111111111	2	140	0	0	0.0	0.05555555555555555	0.0	3.888888888888889	https
32	2428	0	0	0.0	0.8888888888888888	0.0	67.44444444444444	0	0	0	0	0.0	0.0	0.0	0.0	https
3	238	0	0	0.0	0.08108108108108109	0.0	6.4324324324324325	2	140	0	0	0.0	0.05405405405405406	0.0	3.7837837837837838	https
3	238	0	0	0.0	0.08108108108108109	0.0	6.4324324324324325	2	140	0	0	0.0	0.05555555555555555	0.0	3.888888888888889	https
3	238	0	0	0.0	0.08333333333333333	0.0	6.611111111111111	2	140	0	0	0.0	0.05555555555555555	0.0	3.888888888888889	https
32	2428	0	0	0.0	0.8888888888888888	0.0	67.44444444444444	0	0	0	0	0.0	0.0	0.0	0.0	https
3	238	0	0	0.0	0.08108108108108109	0.0	6.4324324324324325	2	140	0	0	0.0	0.05405405405405406	0.0	3.7837837837837838	https
3	238	0	0	0.0	0.08108108108108109	0.0	6.4324324324324325	2	140	0	0	0.0	0.05405405405405406	0.0	3.7837837837837838	https
3	238	0	0	0.0	0.08333333333333333	0.0	6.611111111111111	2	140	0	0	0.0	0.05555555555555555	0.0	3.888888888888889	https
32	2428	0	0	0.0	0.8888888888888888	0.0	67.44444444444444	0	0	0	0	0.0	0.0	0.0	0.0	https
3	238	0	0	0.0	0.08108108108108109	0.0	6.4324324324324325	2	140	0	0	0.0	0.05405405405405406	0.0	3.7837837837837838	https
3	238	0	0	0.0	0.08108108108108109	0.0	6.4324324324324325	2	140	0	0	0.0	0.05405405405405406	0.0	3.7837837837837838	https
3	238	0	0	0.0	0.08108108108108109	0.0	6.4324324324324325	2	140	0	0	0.0	0.05555555555555555	0.0	3.888888888888889	https
32	2428	0	0	0.0	0.8888888888888888	0.0	67.44444444444444	0	0	0	0	0.0	0.0	0.0	0.0	https
3	238	0	0	0.0	0.08108108108108109	0.0	6.4324324324324325	2	140	0	0	0.0	0.05405405405405406	0.0	3.7837837837837838	https
3	238	0	0	0.0	0.08108108108108109	0.0	6.4324324324324325	2	140	0	0	0.0	0.05405405405405406	0.0	3.7837837837837838	https
3	238	0	0	0.0	0.08108108108108109	0.0	6.4324324324324325	2	140	0	0	0.0	0.05405405405405406	0.0	3.7837837837837838	https
32	2428	0	0	0.0	0.8888888888888888	0.0	67.44444444444444	0	0	0	0	0.0	0.0	0.0	0.0	https
3	238	0	0	0.0	0.08108108108108109	0.0	6.4324324324324325	2	140	0	0	0.0	0.05405405405405406	0.0	3.7837837837837838	https
3	238	0	0	0.0	0.08108108108108109	0.0	6.4324324324324325	2	140	0	0	0.0	0.05405405405405406	0.0	3.7837837837837838	https
3	238	0	0	0.0	0.08108108108108109	0.0	6.4324324324324325	2	140	0	0	0.0	0.05405405405405406	0.0	3.7837837837837838	https
32	2428	0	0	0.0	0.8648648648648649	0.0	65.62162162162163	0	0	0	0	0.0	0.0	0.0	0.0	https
3	238	0	0	0.0	0.07894736842105263	0.0	6.2631578947368425	2	140	0	0	0.0	0.05405405405405406	0.0	3.7837837837837838	https
3	238	0	0	0.0	0.08108108108108109	0.0	6.4324324324324325	2	140	0	0	0.0	0.05405405405405406	0.0	3.7837837837837838	https
3	238	0	0	0.0	0.08108108108108109	0.0	6.4324324324324325	2	140	0	0	0.0	0.05405405405405406	0.0	3.7837837837837838	https
32	2428	0	0	0.0	0.8648648648648649	0.0	65.62162162162163	0	0	0	0	0.0	0.0	0.0	0.0	https
3	238	0	0	0.0	0.07894736842105263	0.0	6.2631578947368425	2	140	0	0	0.0	0.05263157894736842	0.0	3.6842105263157894	https
3	238	0	0	0.0	0.08108108108108109	0.0	6.4324324324324325	2	140	0	0	0.0	0.05405405405405406	0.0	3.7837837837837838	https
3	238	0	0	0.0	0.08108108108108109	0.0	6.4324324324324325	2	140	0	0	0.0	0.05405405405405406	0.0	3.7837837837837838	https
32	2428	0	0	0.0	0.8648648648648649	0.0	65.62162162162163	0	0	0	0	0.0	0.0	0.0	0.0	https
3	238	0	0	0.0	0.07894736842105263	0.0	6.2631578947368425	2	140	0	0	0.0	0.05263157894736842	0.0	3.6842105263157894	https
3	238	0	0	0.0	0.07894736842105263	0.0	6.2631578947368425	2	140	0	0	0.0	0.05405405405405406	0.0	3.7837837837837838	https
3	238	0	0	0.0	0.08108108108108109	0.0	6.4324324324324325	2	140	0	0	0.0	0.05405405405405406	0.0	3.7837837837837838	https
32	2428	0	0	0.0	0.8648648648648649	0.0	65.62162162162163	0	0	0	0	0.0	0.0	0.0	0.0	https
3	238	0	0	0.0	0.07894736842105263	0.0	6.2631578947368425	2	140	0	0	0.0	0.05263157894736842	0.0	3.6842105263157894	https
3	238	0	0	0.0	0.07894736842105263	0.0	6.2631578947368425	2	140	0	0	0.0	0.05263157894736842	0.0	3.6842105263157894	https
3	238	0	0	0.0	0.08108108108108109	0.0	6.4324324324324325	2	140	0	0	0.0	0.05405405405405406	0.0	3.7837837837837838	https
32	2428	0	0	0.0	0.8648648648648649	0.0	65.62162162162163	0	0	0	0	0.0	0.0	0.0	0.0	https
3	238	0	0	0.0	0.07894736842105263	0.0	6.2631578947368425	2	140	0	0	0.0	0.05263157894736842	0.0	3.6842105263157894	https
3	238	0	0	0.0	0.07894736842105263	0.0	6.2631578947368425	2	140	0	0	0.0	0.05263157894736842	0.0	3.6842105263157894	https
3	238	0	0	0.0	0.07894736842105263	0.0	6.2631578947368425	2	140	0	0	0.0	0.05405405405405406	0.0	3.7837837837837838	https
32	2428	0	0	0.0	0.8648648648648649	0.0	65.62162162162163	0	0	0	0	0.0	0.0	0.0	0.0	https
3	238	0	0	0.0	0.07894736842105263	0.0	6.2631578947368425	2	140	0	0	0.0	0.05263157894736842	0.0	3.6842105263157894	https
3	238	0	0	0.0	0.07894736842105263	0.0	6.2631578947368425	2	140	0	0	0.0	0.05263157894736842	0.0	3.6842105263157894	https
3	238	0	0	0.0	0.07894736842105263	0.0	6.2631578947368425	2	140	0	0	0.0	0.05263157894736842	0.0	3.6842105263157894	https
32	2428	0	0	0.0	0.8648648648648649	0.0	65.62162162162163	0	0	0	0	0.0	0.0	0.0	0.0	https
3	238	0	0	0.0	0.07894736842105263	0.0	6.2631578947368425	2	140	0	0	0.0	0.05263157894736842	0.0	3.6842105263157894	https
3	238	0	0	0.0	0.07894736842105263	0.0	6.2631578947368425	2	140	0	0	0.0	0.05263157894736842	0.0	3.6842105263157894	https
3	238	0	0	0.0	0.07894736842105263	0.0	6.2631578947368425	2	140	0	0	0.0	0.05263157894736842	0.0	3.6842105263157894	https
32	2428	0	0	0.0	0.8421052631578947	0.0	63.89473684210526	0	0	0	0	0.0	0.0	0.0	0.0	https
3	238	0	0	0.0	0.07692307692307693	0.0	6.102564102564102	2	140	0	0	0.0	0.05263157894736842	0.0	3.6842105263157894	https
3	238	0	0	0.0	0.07894736842105263	0.0	6.2631578947368425	2	140	0	0	0.0	0.05263157894736842	0.0	3.6842105263157894	https
3	238	0	0	0.0	0.07894736842105263	0.0	6.2631578947368425	2	140	0	0	0.0	0.05263157894736842	0.0	3.6842105263157894	https
32	2428	0	0	0.0	0.8421052631578947	0.0	63.89473684210526	0	0	0	0	0.0	0.0	0.0	0.0	https
3	238	0	0	0.0	0.07692307692307693	0.0	6.102564102564102	2	140	0	0	0.0	0.05128205128205128	0.0	3.58974358974359	https
3	238	0	0	0.0	0.07894736842105263	0.0	6.2631578947368425	2	140	0	0	0.0	0.05263157894736842	0.0	3.6842105263157894	https
3	238	0	0	0.0	0.07894736842105263	0.0	6.2631578947368425	2	140	0	0	0.0	0.05263157894736842	0.0	3.6842105263157894	https
32	2428	0	0	0.0	0.8421052631578947	0.0	63.89473684210526	0	0	0	0	0.0	0.0	0.0	0.0	https
3	238	0	0	0.0	0.07692307692307693	0.0	6.102564102564102	2	140	0	0	0.0	0.05128205128205128	0.0	3.58974358974359	https
3	238	0	0	0.0	0.07692307692307693	0.0	6.102564102564102	2	140	0	0	0.0	0.05263157894736842	0.0	3.6842105263157894	https
3	238	0	0	0.0	0.07894736842105263	0.0	6.2631578947368425	2	140	0	0	0.0	0.05263157894736842	0.0	3.6842105263157894	https
32	2428	0	0	0.0	0.8421052631578947	0.0	63.89473684210526	0	0	0	0	0.0	0.0	0.0	0.0	https
3	238	0	0	0.0	0.07692307692307693	0.0	6.102564102564102	2	140	0	0	0.0	0.05128205128205128	0.0	3.58974358974359	https
3	238	0	0	0.0	0.07692307692307693	0.0	6.102564102564102	2	140	0	0	0.0	0.05128205128205128	0.0	3.58974358974359	https
3	238	0	0	0.0	0.07894736842105263	0.0	6.2631578947368425	2	140	0	0	0.0	0.05263157894736842	0.0	3.6842105263157894	https
32	2428	0	0	0.0	0.8421052631578947	0.0	63.89473684210526	0	0	0	0	0.0	0.0	0.0	0.0	https
3	238	0	0	0.0	0.07692307692307693	0.0	6.102564102564102	2	140	0	0	0.0	0.05128205128205128	0.0	3.58974358974359	https
3	238	0	0	0.0	0.07692307692307693	0.0	6.102564102564102	2	140	0	0	0.0	0.05128205128205128	0.0	3.58974358974359	https
3	238	0	0	0.0	0.07692307692307693	0.0	6.102564102564102	2	140	0	0	0.0	0.05263157894736842	0.0	3.6842105263157894	https
32	2428	0	0	0.0	0.8421052631578947	0.0	63.89473684210526	0	0	0	0	0.0	0.0	0.0	0.0	https
3	238	0	0	0.0	0.07692307692307693	0.0	6.102564102564102	2	140	0	0	0.0	0.05128205128205128	0.0	3.58974358974359	https
3	238	0	0	0.0	0.07692307692307693	0.0	6.102564102564102	2	140	0	0	0.0	0.05128205128205128	0.0	3.58974358974359	https
3	238	0	0	0.0	0.07692307692307693	0.0	6.102564102564102	2	140	0	0	0.0	0.05128205128205128	0.0	3.58974358974359	https
32	2428	0	0	0.0	0.8421052631578947	0.0	63.89473684210526	0	0	0	0	0.0	0.0	0.0	0.0	https
3	238	0	0	0.0	0.07692307692307693	0.0	6.102564102564102	2	140	0	0	0.0	0.05128205128205128	0.0	3.58974358974359	https
3	238	0	0	0.0	0.07692307692307693	0.0	6.102564102564102	2	140	0	0	0.0	0.05128205128205128	0.0	3.58974358974359	https
3	238	0	0	0.0	0.07692307692307693	0.0	6.102564102564102	2	140	0	0	0.0	0.05128205128205128	0.0	3.58974358974359	https
32	2428	0	0	0.0	0.8205128205128205	0.0	62.256410256410255	0	0	0	0	0.0	0.0	0.0	0.0	https
3	238	0	0	0.0	0.075	0.0	5.95	2	140	0	0	0.0	0.05128205128205128	0.0	3.58974358974359	https
3	238	0	0	0.0	0.07692307692307693	0.0	6.102564102564102	2	140	0	0	0.0	0.05128205128205128	0.0	3.58974358974359	https
3	238	0	0	0.0	0.07692307692307693	0.0	6.102564102564102	2	140	0	0	0.0	0.05128205128205128	0.0	3.58974358974359	https
32	2428	0	0	0.0	0.8205128205128205	0.0	62.256410256410255	0	0	0	0	0.0	0.0	0.0	0.0	https
3	238	0	0	0.0	0.075	0.0	5.95	2	140	0	0	0.0	0.05	0.0	3.5	https
3	238	0	0	0.0	0.07692307692307693	0.0	6.102564102564102	2	140	0	0	0.0	0.05128205128205128	0.0	3.58974358974359	https
3	238	0	0	0.0	0.07692307692307693	0.0	6.102564102564102	2	140	0	0	0.0	0.05128205128205128	0.0	3.58974358974359	https
32	2428	0	0	0.0	0.8205128205128205	0.0	62.256410256410255	0	0	0	0	0.0	0.0	0.0	0.0	https
3	238	0	0	0.0	0.075	0.0	5.95	2	140	0	0	0.0	0.05	0.0	3.5	https
3	238	0	0	0.0	0.075	0.0	5.95	2	140	0	0	0.0	0.05128205128205128	0.0	3.58974358974359	https
3	238	0	0	0.0	0.07692307692307693	0.0	6.102564102564102	2	140	0	0	0.0	0.05128205128205128	0.0	3.58974358974359	https
32	2428	0	0	0.0	0.8205128205128205	0.0	62.256410256410255	0	0	0	0	0.0	0.0	0.0	0.0	https
3	238	0	0	0.0	0.075	0.0	5.95	2	140	0	0	0.0	0.05	0.0	3.5	https
3	238	0	0	0.0	0.075	0.0	5.95	2	140	0	0	0.0	0.05	0.0	3.5	https
3	238	0	0	0.0	0.07692307692307693	0.0	6.102564102564102	2	140	0	0	0.0	0.05128205128205128	0.0	3.58974358974359	https
32	2428	0	0	0.0	0.8205128205128205	0.0	62.256410256410255	0	0	0	0	0.0	0.0	0.0	0.0	https
3	238	0	0	0.0	0.075	0.0	5.95	2	140	0	0	0.0	0.05	0.0	3.5	https
3	238	0	0	0.0	0.075	0.0	5.95	2	140	0	0	0.0	0.05	0.0	3.5	https
3	238	0	0	0.0	0.075	0.0	5.95	2	140	0	0	0.0	0.05128205128205128	0.0	3.58974358974359	https
32	2428	0	0	0.0	0.8205128205128205	0.0	62.256410256410255	0	0	0	0	0.0	0.0	0.0	0.0	https
3	238	0	0	0.0	0.075	0.0	5.95	2	140	0	0	0.0	0.05	0.0	3.5	https
3	238	0	0	0.0	0.075	0.0	5.95	2	140	0	0	0.0	0.05	0.0	3.5	https
3	238	0	0	0.0	0.075	0.0	5.95	2	140	0	0	0.0	0.05	0.0	3.5	https
32	2428	0	0	0.0	0.8205128205128205	0.0	62.256410256410255	0	0	0	0	0.0	0.0	0.0	0.0	https
3	238	0	0	0.0	0.075	0.0	5.95	2	140	0	0	0.0	0.05	0.0	3.5	https
3	238	0	0	0.0	0.075	0.0	5.95	2	140	0	0	0.0	0.05	0.0	3.5	https
3	238	0	0	0.0	0.075	0.0	5.95	2	140	0	0	0.0	0.05	0.0	3.5	https
32	2428	0	0	0.0	0.8	0.0	60.7	0	0	0	0	0.0	0.0	0.0	0.0	https
3	238	0	0	0.0	0.07317073170731707	0.0	5.804878048780488	2	140	0	0	0.0	0.05	0.0	3.5	https
3	238	0	0	0.0	0.075	0.0	5.95	2	140	0	0	0.0	0.05	0.0	3.5	https
3	238	0	0	0.0	0.075	0.0	5.95	2	140	0	0	0.0	0.05	0.0	3.5	https
32	2428	0	0	0.0	0.8	0.0	60.7	0	0	0	0	0.0	0.0	0.0	0.0	https
3	238	0	0	0.0	0.07317073170731707	0.0	5.804878048780488	2	140	0	0	0.0	0.04878048780487805	0.0	3.4146341463414633	https
3	238	0	0	0.0	0.075	0.0	5.95	2	140	0	0	0.0	0.05	0.0	3.5	https
3	238	0	0	0.0	0.075	0.0	5.95	2	140	0	0	0.0	0.05	0.0	3.5	https
32	2428	0	0	0.0	0.8	0.0	60.7	0	0	0	0	0.0	0.0	0.0	0.0	https
3	238	0	0	0.0	0.07317073170731707	0.0	5.804878048780488	2	140	0	0	0.0	0.04878048780487805	0.0	3.4146341463414633	https
3	238	0	0	0.0	0.07317073170731707	0.0	5.804878048780488	2	140	0	0	0.0	0.05	0.0	3.5	https
3	238	0	0	0.0	0.075	0.0	5.95	2	140	0	0	0.0	0.05	0.0	3.5	https
32	2428	0	0	0.0	0.8	0.0	60.7	0	0	0	0	0.0	0.0	0.0	0.0	https
3	238	0	0	0.0	0.07317073170731707	0.0	5.804878048780488	2	140	0	0	0.0	0.04878048780487805	0.0	3.4146341463414633	https
3	238	0	0	0.0	0.07317073170731707	0.0	5.804878048780488	2	140	0	0	0.0	0.04878048780487805	0.0	3.4146341463414633	https
3	238	0	0	0.0	0.075	0.0	5.95	2	140	0	0	0.0	0.05	0.0	3.5	https
32	2428	0	0	0.0	0.8	0.0	60.7	0	0	0	0	0.0	0.0	0.0	0.0	https
3	238	0	0	0.0	0.07317073170731707	0.0	5.804878048780488	2	140	0	0	0.0	0.04878048780487805	0.0	3.4146341463414633	https
3	238	0	0	0.0	0.07317073170731707	0.0	5.804878048780488	2	140	0	0	0.0	0.04878048780487805	0.0	3.4146341463414633	https
3	238	0	0	0.0	0.07317073170731707	0.0	5.804878048780488	2	140	0	0	0.0	0.05	0.0	3.5	https
32	2428	0	0	0.0	0.8	0.0	60.7	0	0	0	0	0.0	0.0	0.0	0.0	https
3	238	0	0	0.0	0.07317073170731707	0.0	5.804878048780488	2	140	0	0	0.0	0.04878048780487805	0.0	3.4146341463414633	https
3	238	0	0	0.0	0.07317073170731707	0.0	5.804878048780488	2	140	0	0	0.0	0.04878048780487805	0.0	3.4146341463414633	https
3	238	0	0	0.0	0.07317073170731707	0.0	5.804878048780488	2	140	0	0	0.0	0.04878048780487805	0.0	3.4146341463414633	https
32	2428	0	0	0.0	0.8	0.0	60.7	0	0	0	0	0.0	0.0	0.0	0.0	https
3	238	0	0	0.0	0.07317073170731707	0.0	5.804878048780488	2	140	0	0	0.0	0.04878048780487805	0.0	3.4146341463414633	https
3	238	0	0	0.0	0.07317073170731707	0.0	5.804878048780488	2	140	0	0	0.0	0.04878048780487805	0.0	3.4146341463414633	https
3	238	0	0	0.0	0.07317073170731707	0.0	5.804878048780488	2	140	0	0	0.0	0.04878048780487805	0.0	3.4146341463414633	https
32	2428	0	0	0.0	0.7804878048780488	0.0	59.21951219512195	0	0	0	0	0.0	0.0	0.0	0.0	https
3	238	0	0	0.0	0.07142857142857142	0.0	5.666666666666667	2	140	0	0	0.0	0.04878048780487805	0.0	3.4146341463414633	https
3	238	0	0	0.0	0.07317073170731707	0.0	5.804878048780488	2	140	0	0	0.0	0.04878048780487805	0.0	3.4146341463414633	https
3	238	0	0	0.0	0.07317073170731707	0.0	5.804878048780488	2	140	0	0	0.0	0.04878048780487805	0.0	3.4146341463414633	https
32	2428	0	0	0.0	0.7804878048780488	0.0	59.21951219512195	0	0	0	0	0.0	0.0	0.0	0.0	https
3	238	0	0	0.0	0.07142857142857142	0.0	5.666666666666667	2	140	0	0	0.0	0.047619047619047616	0.0	3.3333333333333335	https
3	238	0	0	0.0	0.07317073170731707	0.0	5.804878048780488	2	140	0	0	0.0	0.04878048780487805	0.0	3.4146341463414633	https
3	238	0	0	0.0	0.07317073170731707	0.0	5.804878048780488	2	140	0	0	0.0	0.04878048780487805	0.0	3.4146341463414633	https
32	2428	0	0	0.0	0.7804878048780488	0.0	59.21951219512195	0	0	0	0	0.0	0.0	0.0	0.0	https
3	238	0	0	0.0	0.07142857142857142	0.0	5.666666666666667	2	140	0	0	0.0	0.047619047619047616	0.0	3.3333333333333335	https
3	238	0	0	0.0	0.07142857142857142	0.0	5.666666666666667	2	140	0	0	0.0	0.04878048780487805	0.0	3.4146341463414633	https
3	238	0	0	0.0	0.07317073170731707	0.0	5.804878048780488	2	140	0	0	0.0	0.04878048780487805	0.0	3.4146341463414633	https
32	2428	0	0	0.0	0.7804878048780488	0.0	59.21951219512195	0	0	0	0	0.0	0.0	0.0	0.0	https
3	238	0	0	0.0	0.07142857142857142	0.0	5.666666666666667	2	140	0	0	0.0	0.047619047619047616	0.0	3.3333333333333335	https
3	238	0	0	0.0	0.07142857142857142	0.0	5.666666666666667	2	140	0	0	0.0	0.047619047619047616	0.0	3.3333333333333335	https
3	238	0	0	0.0	0.07317073170731707	0.0	5.804878048780488	2	140	0	0	0.0	0.04878048780487805	0.0	3.4146341463414633	https
32	2428	0	0	0.0	0.7804878048780488	0.0	59.21951219512195	0	0	0	0	0.0	0.0	0.0	0.0	https
3	238	0	0	0.0	0.07142857142857142	0.0	5.666666666666667	2	140	0	0	0.0	0.047619047619047616	0.0	3.3333333333333335	https
3	238	0	0	0.0	0.07142857142857142	0.0	5.666666666666667	2	140	0	0	0.0	0.047619047619047616	0.0	3.3333333333333335	https
3	238	0	0	0.0	0.07142857142857142	0.0	5.666666666666667	2	140	0	0	0.0	0.04878048780487805	0.0	3.4146341463414633	https
32	2428	0	0	0.0	0.7804878048780488	0.0	59.21951219512195	0	0	0	0	0.0	0.0	0.0	0.0	https
3	238	0	0	0.0	0.07142857142857142	0.0	5.666666666666667	2	140	0	0	0.0	0.047619047619047616	0.0	3.3333333333333335	https
3	238	0	0	0.0	0.07142857142857142	0.0	5.666666666666667	2	140	0	0	0.0	0.047619047619047616	0.0	3.3333333333333335	https
3	238	0	0	0.0	0.07142857142857142	0.0	5.666666666666667	2	140	0	0	0.0	0.047619047619047616	0.0	3.3333333333333335	https
32	2428	0	0	0.0	0.7804878048780488	0.0	59.21951219512195	0	0	0	0	0.0	0.0	0.0	0.0	https
3	238	0	0	0.0	0.07142857142857142	0.0	5.666666666666667	2	140	0	0	0.0	0.047619047619047616	0.0	3.3333333333333335	https
3	238	0	0	0.0	0.07142857142857142	0.0	5.666666666666667	2	140	0	0	0.0	0.047619047619047616	0.0	3.3333333333333335	https
3	238	0	0	0.0	0.07142857142857142	0.0	5.666666666666667	2	140	0	0	0.0	0.047619047619047616	0.0	3.3333333333333335	https
32	2428	0	0	0.0	0.7619047619047619	0.0	57.80952380952381	0	0	0	0	0.0	0.0	0.0	0.0	https
3	238	0	0	0.0	0.06976744186046512	0.0	5.534883720930233	2	140	0	0	0.0	0.047619047619047616	0.0	3.3333333333333335	https
3	238	0	0	0.0	0.07142857142857142	0.0	5.666666666666667	2	140	0	0	0.0	0.047619047619047616	0.0	3.3333333333333335	https
3	238	0	0	0.0	0.07142857142857142	0.0	5.666666666666667	2	140	0	0	0.0	0.047619047619047616	0.0	3.3333333333333335	https
32	2428	0	0	0.0	0.7619047619047619	0.0	57.80952380952381	0	0	0	0	0.0	0.0	0.0	0.0	https
3	238	0	0	0.0	0.06976744186046512	0.0	5.534883720930233	2	140	0	0	0.0	0.046511627906976744	0.0	3.255813953488372	https
3	238	0	0	0.0	0.07142857142857142	0.0	5.666666666666667	2	140	0	0	0.0	0.047619047619047616	0.0	3.3333333333333335	https
3	238	0	0	0.0	0.07142857142857142	0.0	5.666666666666667	2	140	0	0	0.0	0.047619047619047616	0.0	3.3333333333333335	https
32	2428	0	0	0.0	0.7619047619047619	0.0	57.80952380952381	0	0	0	0	0.0	0.0	0.0	0.0	https
3	238	0	0	0.0	0.06976744186046512	0.0	5.534883720930233	2	140	0	0	0.0	0.046511627906976744	0.0	3.255813953488372	https
3	238	0	0	0.0	0.06976744186046512	0.0	5.534883720930233	2	140	0	0	0.0	0.047619047619047616	0.0	3.3333333333333335	https
3	238	0	0	0.0	0.07142857142857142	0.0	5.666666666666667	2	140	0	0	0.0	0.047619047619047616	0.0	3.3333333333333335	https
32	2428	0	0	0.0	0.7619047619047619	0.0	57.80952380952381	0	0	0	0	0.0	0.0	0.0	0.0	https
3	238	0	0	0.0	0.06976744186046512	0.0	5.534883720930233	2	140	0	0	0.0	0.046511627906976744	0.0	3.255813953488372	https
3	238	0	0	0.0	0.06976744186046512	0.0	5.534883720930233	2	140	0	0	0.0	0.046511627906976744	0.0	3.255813953488372	https
3	238	0	0	0.0	0.07142857142857142	0.0	5.666666666666667	2	140	0	0	0.0	0.047619047619047616	0.0	3.3333333333333335	https
32	2428	0	0	0.0	0.7619047619047619	0.0	57.80952380952381	0	0	0	0	0.0	0.0	0.0	0.0	https
3	238	0	0	0.0	0.06976744186046512	0.0	5.534883720930233	2	140	0	0	0.0	0.046511627906976744	0.0	3.255813953488372	https
3	238	0	0	0.0	0.06976744186046512	0.0	5.534883720930233	2	140	0	0	0.0	0.046511627906976744	0.0	3.255813953488372	https
3	238	0	0	0.0	0.06976744186046512	0.0	5.534883720930233	2	140	0	0	0.0	0.047619047619047616	0.0	3.3333333333333335	https
32	2428	0	0	0.0	0.7619047619047619	0.0	57.80952380952381	0	0	0	0	0.0	0.0	0.0	0.0	https
3	238	0	0	0.0	0.06976744186046512	0.0	5.534883720930233	2	140	0	0	0.0	0.046511627906976744	0.0	3.255813953488372	https
3	238	0	0	0.0	0.06976744186046512	0.0	5.534883720930233	2	140	0	0	0.0	0.046511627906976744	0.0	3.255813953488372	https
3	238	0	0	0.0	0.06976744186046512	0.0	5.534883720930233	2	140	0	0	0.0	0.046511627906976744	0.0	3.255813953488372	https
32	2428	0	0	0.0	0.7619047619047619	0.0	57.80952380952381	0	0	0	0	0.0	0.0	0.0	0.0	https
3	238	0	0	0.0	0.06976744186046512	0.0	5.534883720930233	2	140	0	0	0.0	0.046511627906976744	0.0	3.255813953488372	https
3	238	0	0	0.0	0.06976744186046512	0.0	5.534883720930233	2	140	0	0	0.0	0.046511627906976744	0.0	3.255813953488372	https
3	238	0	0	0.0	0.06976744186046512	0.0	5.534883720930233	2	140	0	0	0.0	0.046511627906976744	0.0	3.255813953488372	https
32	2428	0	0	0.0	0.7441860465116279	0.0	56.46511627906977	0	0	0	0	0.0	0.0	0.0	0.0	https
3	238	0	0	0.0	0.06818181818181818	0.0	5.409090909090909	2	140	0	0	0.0	0.046511627906976744	0.0	3.255813953488372	https
3	238	0	0	0.0	0.06976744186046512	0.0	5.534883720930233	2	140	0	0	0.0	0.046511627906976744	0.0	3.255813953488372	https
3	238	0	0	0.0	0.06976744186046512	0.0	5.534883720930233	2	140	0	0	0.0	0.046511627906976744	0.0	3.255813953488372	https
32	2428	0	0	0.0	0.7441860465116279	0.0	56.46511627906977	0	0	0	0	0.0	0.0	0.0	0.0	https
3	238	0	0	0.0	0.06818181818181818	0.0	5.409090909090909	2	140	0	0	0.0	0.045454545454545456	0.0	3.1818181818181817	https
3	238	0	0	0.0	0.06976744186046512	0.0	5.534883720930233	2	140	0	0	0.0	0.046511627906976744	0.0	3.255813953488372	https
3	238	0	0	0.0	0.06976744186046512	0.0	5.534883720930233	2	140	0	0	0.0	0.046511627906976744	0.0	3.255813953488372	https
32	2428	0	0	0.0	0.7441860465116279	0.0	56.46511627906977	0	0	0	0	0.0	0.0	0.0	0.0	https
3	238	0	0	0.0	0.06818181818181818	0.0	5.409090909090909	2	140	0	0	0.0	0.045454545454545456	0.0	3.1818181818181817	https
3	238	0	0	0.0	0.06818181818181818	0.0	5.409090909090909	2	140	0	0	0.0	0.046511627906976744	0.0	3.255813953488372	https
3	238	0	0	0.0	0.06976744186046512	0.0	5.534883720930233	2	140	0	0	0.0	0.046511627906976744	0.0	3.255813953488372	https
32	2428	0	0	0.0	0.7441860465116279	0.0	56.46511627906977	0	0	0	0	0.0	0.0	0.0	0.0	https
3	238	0	0	0.0	0.06818181818181818	0.0	5.409090909090909	2	140	0	0	0.0	0.045454545454545456	0.0	3.1818181818181817	https
3	238	0	0	0.0	0.06818181818181818	0.0	5.409090909090909	2	140	0	0	0.0	0.045454545454545456	0.0	3.1818181818181817	https
3	238	0	0	0.0	0.06976744186046512	0.0	5.534883720930233	2	140	0	0	0.0	0.046511627906976744	0.0	3.255813953488372	https
32	2428	0	0	0.0	0.7441860465116279	0.0	56.46511627906977	0	0	0	0	0.0	0.0	0.0	0.0	https
3	238	0	0	0.0	0.06818181818181818	0.0	5.409090909090909	2	140	0	0	0.0	0.045454545454545456	0.0	3.1818181818181817	https
3	238	0	0	0.0	0.06818181818181818	0.0	5.409090909090909	2	140	0	0	0.0	0.045454545454545456	0.0	3.1818181818181817	https
3	238	0	0	0.0	0.06818181818181818	0.0	5.409090909090909	2	140	0	0	0.0	0.046511627906976744	0.0	3.255813953488372	https
32	2428	0	0	0.0	0.7441860465116279	0.0	56.46511627906977	0	0	0	0	0.0	0.0	0.0	0.0	https
3	238	0	0	0.0	0.06818181818181818	0.0	5.409090909090909	2	140	0	0	0.0	0.045454545454545456	0.0	3.1818181818181817	https
3	238	0	0	0.0	0.06818181818181818	0.0	5.409090909090909	2	140	0	0	0.0	0.045454545454545456	0.0	3.1818181818181817	https
3	238	0	0	0.0	0.06818181818181818	0.0	5.409090909090909	2	140	0	0	0.0	0.045454545454545456	0.0	3.1818181818181817	https
32	2428	0	0	0.0	0.7441860465116279	0.0	56.46511627906977	0	0	0	0	0.0	0.0	0.0	0.0	https
3	238	0	0	0.0	0.06818181818181818	0.0	5.409090909090909	2	140	0	0	0.0	0.045454545454545456	0.0	3.1818181818181817	https
3	238	0	0	0.0	0.06818181818181818	0.0	5.409090909090909	2	140	0	0	0.0	0.045454545454545456	0.0	3.1818181818181817	https
3	238	0	0	0.0	0.06818181818181818	0.0	5.409090909090909	2	140	0	0	0.0	0.045454545454545456	0.0	3.1818181818181817	https
32	2428	0	0	0.0	0.7272727272727273	0.0	55.18181818181818	0	0	0	0	0.0	0.0	0.0	0.0	https
