Forward Packets	Forward Bytes	Delta Forward Packets	Delta Forward Bytes	Forward Instantaneous Packets per Second	Forward Average Packets per second	Forward Instantaneous Bytes per Second	Forward Average Bytes per second	Reverse Packets	Reverse Bytes	Delta Reverse Packets	Delta Reverse Bytes	DeltaReverse Instantaneous Packets per Second	Reverse Average Packets per second	Reverse Instantaneous Bytes per Second	Reverse Average Bytes per second	Traffic Type
2	196	0	0	0.0	0.0	0.0	0.0	0	0	0	0	0.0	0.0	0.0	0.0	ping
2	196	0	0	0.0	0.0	0.0	0.0	1	98	1	98	0.0	0.0	0.0	0.0	ping
2	196	0	0	0.0	0.0	0.0	0.0	1	98	1	98	0.0	0.0	0.0	0.0	ping
1	98	0	0	0.0	0.0	0.0	0.0	0	0	0	0	0.0	0.0	0.0	0.0	ping
2	196	0	0	0.0	0.0	0.0	0.0	1	98	1	98	0.0	0.0	0.0	0.0	ping
1	98	0	0	0.0	0.0	0.0	0.0	0	0	0	0	0.0	0.0	0.0	0.0	ping
2	196	0	0	0.0	0.0	0.0	0.0	1	98	1	98	0.0	0.0	0.0	0.0	ping
1	98	0	0	0.0	0.0	0.0	0.0	0	0	0	0	0.0	0.0	0.0	0.0	ping
1	98	0	0	0.0	0.0	0.0	0.0	0	0	0	0	0.0	0.0	0.0	0.0	ping
2	196	0	0	0.0	0.0	0.0	0.0	1	98	1	98	0.0	0.0	0.0	0.0	ping
1	98	0	0	0.0	0.0	0.0	0.0	0	0	0	0	0.0	0.0	0.0	0.0	ping
1	98	0	0	0.0	0.0	0.0	0.0	0	0	0	0	0.0	0.0	0.0	0.0	ping
2	196	0	0	0.0	0.0	0.0	0.0	1	98	1	98	0.0	0.0	0.0	0.0	ping
1	98	0	0	0.0	0.0	0.0	0.0	0	0	0	0	0.0	0.0	0.0	0.0	ping
1	98	0	0	0.0	0.0	0.0	0.0	0	0	0	0	0.0	0.0	0.0	0.0	ping
9	546	0	0	0.0	0.0	0.0	0.0	0	0	0	0	0.0	0.0	0.0	0.0	ping
2	196	0	0	0.0	2.0	0.0	196.0	1	98	1	98	0.0	0.0	0.0	0.0	ping
1	98	0	0	0.0	0.0	0.0	0.0	0	0	0	0	0.0	0.0	0.0	0.0	ping
1	98	0	0	0.0	0.0	0.0	0.0	0	0	0	0	0.0	0.0	0.0	0.0	ping
9	546	0	0	0.0	0.0	0.0	0.0	0	0	0	0	0.0	0.0	0.0	0.0	ping
2	196	0	0	0.0	2.0	0.0	196.0	1	98	0	0	0.0	1.0	0.0	98.0	ping
1	98	0	0	0.0	0.0	0.0	0.0	0	0	0	0	0.0	0.0	0.0	0.0	ping
1	98	0	0	0.0	0.0	0.0	0.0	0	0	0	0	0.0	0.0	0.0	0.0	ping
9	546	0	0	0.0	0.0	0.0	0.0	0	0	0	0	0.0	0.0	0.0	0.0	ping
2	196	0	0	0.0	2.0	0.0	196.0	1	98	0	0	0.0	1.0	0.0	98.0	ping
2	196	1	98	1.0	2.0	98.0	196.0	0	0	0	0	0.0	0.0	0.0	0.0	ping
1	98	0	0	0.0	0.0	0.0	0.0	0	0	0	0	0.0	0.0	0.0	0.0	ping
9	546	0	0	0.0	0.0	0.0	0.0	0	0	0	0	0.0	0.0	0.0	0.0	ping
2	196	0	0	0.0	2.0	0.0	196.0	1	98	0	0	0.0	1.0	0.0	98.0	ping
2	196	1	98	1.0	2.0	98.0	196.0	1	98	1	98	1.0	1.0	98.0	98.0	ping
1	98	0	0	0.0	0.0	0.0	0.0	0	0	0	0	0.0	0.0	0.0	0.0	ping
9	546	0	0	0.0	0.0	0.0	0.0	0	0	0	0	0.0	0.0	0.0	0.0	ping
2	196	0	0	0.0	2.0	0.0	196.0	1	98	0	0	0.0	1.0	0.0	98.0	ping
2	196	1	98	1.0	2.0	98.0	196.0	1	98	1	98	1.0	1.0	98.0	98.0	ping
2	196	1	98	1.0	2.0	98.0	196.0	0	0	0	0	0.0	0.0	0.0	0.0	ping
9	546	0	0	0.0	0.0	0.0	0.0	0	0	0	0	0.0	0.0	0.0	0.0	ping
2	196	0	0	0.0	2.0	0.0	196.0	1	98	0	0	0.0	1.0	0.0	98.0	ping
2	196	1	98	1.0	2.0	98.0	196.0	1	98	1	98	1.0	1.0	98.0	98.0	ping
2	196	1	98	1.0	2.0	98.0	196.0	1	98	1	98	1.0	1.0	98.0	98.0	ping
9	546	0	0	0.0	0.0	0.0	0.0	0	0	0	0	0.0	0.0	0.0	0.0	ping
2	196	0	0	0.0	2.0	0.0	196.0	1	98	0	0	0.0	1.0	0.0	98.0	ping
2	196	1	98	1.0	2.0	98.0	196.0	1	98	1	98	1.0	1.0	98.0	98.0	ping
2	196	1	98	1.0	2.0	98.0	196.0	1	98	1	98	1.0	1.0	98.0	98.0	ping
16	1208	7	662	7.0	16.0	662.0	1208.0	0	0	0	0	0.0	0.0	0.0	0.0	ping
2	196	0	0	0.0	1.0	0.0	98.0	1	98	0	0	0.0	1.0	0.0	98.0	ping
2	196	1	98	1.0	2.0	98.0	196.0	1	98	1	98	1.0	1.0	98.0	98.0	ping
2	196	1	98	1.0	2.0	98.0	196.0	1	98	1	98	1.0	1.0	98.0	98.0	ping
16	1208	7	662	7.0	16.0	662.0	1208.0	0	0	0	0	0.0	0.0	0.0	0.0	ping
2	196	0	0	0.0	1.0	0.0	98.0	1	98	0	0	0.0	0.5	0.0	49.0	ping
2	196	1	98	1.0	2.0	98.0	196.0	1	98	1	98	1.0	1.0	98.0	98.0	ping
2	196	1	98	1.0	2.0	98.0	196.0	1	98	1	98	1.0	1.0	98.0	98.0	ping
16	1208	7	662	7.0	16.0	662.0	1208.0	0	0	0	0	0.0	0.0	0.0	0.0	ping
2	196	0	0	0.0	1.0	0.0	98.0	1	98	0	0	0.0	0.5	0.0	49.0	ping
2	196	0	0	0.0	1.0	0.0	98.0	1	98	1	98	1.0	1.0	98.0	98.0	ping
2	196	1	98	1.0	2.0	98.0	196.0	1	98	1	98	1.0	1.0	98.0	98.0	ping
16	1208	7	662	7.0	16.0	662.0	1208.0	0	0	0	0	0.0	0.0	0.0	0.0	ping
2	196	0	0	0.0	1.0	0.0	98.0	1	98	0	0	0.0	0.5	0.0	49.0	ping
2	196	0	0	0.0	1.0	0.0	98.0	1	98	0	0	0.0	0.5	0.0	49.0	ping
2	196	1	98	1.0	2.0	98.0	196.0	1	98	1	98	1.0	1.0	98.0	98.0	ping
16	1208	7	662	7.0	16.0	662.0	1208.0	0	0	0	0	0.0	0.0	0.0	0.0	ping
2	196	0	0	0.0	1.0	0.0	98.0	1	98	0	0	0.0	0.5	0.0	49.0	ping
2	196	0	0	0.0	1.0	0.0	98.0	1	98	0	0	0.0	0.5	0.0	49.0	ping
2	196	0	0	0.0	1.0	0.0	98.0	1	98	1	98	1.0	1.0	98.0	98.0	ping
16	1208	7	662	7.0	16.0	662.0	1208.0	0	0	0	0	0.0	0.0	0.0	0.0	ping
2	196	0	0	0.0	1.0	0.0	98.0	1	98	0	0	0.0	0.5	0.0	49.0	ping
2	196	0	0	0.0	1.0	0.0	98.0	1	98	0	0	0.0	0.5	0.0	49.0	ping
2	196	0	0	0.0	1.0	0.0	98.0	1	98	0	0	0.0	0.5	0.0	49.0	ping
16	1208	7	662	7.0	16.0	662.0	1208.0	0	0	0	0	0.0	0.0	0.0	0.0	ping
2	196	0	0	0.0	1.0	0.0	98.0	1	98	0	0	0.0	0.5	0.0	49.0	ping
2	196	0	0	0.0	1.0	0.0	98.0	1	98	0	0	0.0	0.5	0.0	49.0	ping
2	196	0	0	0.0	1.0	0.0	98.0	1	98	0	0	0.0	0.5	0.0	49.0	ping
23	1798	7	590	7.0	11.5	590.0	899.0	0	0	0	0	0.0	0.0	0.0	0.0	ping
2	196	0	0	0.0	0.6666666666666666	0.0	65.33333333333333	1	98	0	0	0.0	0.5	0.0	49.0	ping
2	196	0	0	0.0	1.0	0.0	98.0	1	98	0	0	0.0	0.5	0.0	49.0	ping
2	196	0	0	0.0	1.0	0.0	98.0	1	98	0	0	0.0	0.5	0.0	49.0	ping
23	1798	7	590	7.0	11.5	590.0	899.0	0	0	0	0	0.0	0.0	0.0	0.0	ping
2	196	0	0	0.0	0.6666666666666666	0.0	65.33333333333333	1	98	0	0	0.0	0.3333333333333333	0.0	32.666666666666664	ping
2	196	0	0	0.0	1.0	0.0	98.0	1	98	0	0	0.0	0.5	0.0	49.0	ping
2	196	0	0	0.0	1.0	0.0	98.0	1	98	0	0	0.0	0.5	0.0	49.0	ping
23	1798	7	590	7.0	11.5	590.0	899.0	0	0	0	0	0.0	0.0	0.0	0.0	ping
2	196	0	0	0.0	0.6666666666666666	0.0	65.33333333333333	1	98	0	0	0.0	0.3333333333333333	0.0	32.666666666666664	ping
2	196	0	0	0.0	0.6666666666666666	0.0	65.33333333333333	1	98	0	0	0.0	0.5	0.0	49.0	ping
2	196	0	0	0.0	1.0	0.0	98.0	1	98	0	0	0.0	0.5	0.0	49.0	ping
23	1798	7	590	7.0	11.5	590.0	899.0	0	0	0	0	0.0	0.0	0.0	0.0	ping
2	196	0	0	0.0	0.6666666666666666	0.0	65.33333333333333	1	98	0	0	0.0	0.3333333333333333	0.0	32.666666666666664	ping
2	196	0	0	0.0	0.6666666666666666	0.0	65.33333333333333	1	98	0	0	0.0	0.3333333333333333	0.0	32.666666666666664	ping
2	196	0	0	0.0	1.0	0.0	98.0	1	98	0	0	0.0	0.5	0.0	49.0	ping
23	1798	7	590	7.0	11.5	590.0	899.0	0	0	0	0	0.0	0.0	0.0	0.0	ping
2	196	0	0	0.0	0.6666666666666666	0.0	65.33333333333333	1	98	0	0	0.0	0.3333333333333333	0.0	32.666666666666664	ping
2	196	0	0	0.0	0.6666666666666666	0.0	65.33333333333333	1	98	0	0	0.0	0.3333333333333333	0.0	32.666666666666664	ping
2	196	0	0	0.0	0.6666666666666666	0.0	65.33333333333333	1	98	0	0	0.0	0.5	0.0	49.0	ping
23	1798	7	590	7.0	11.5	590.0	899.0	0	0	0	0	0.0	0.0	0.0	0.0	ping
2	196	0	0	0.0	0.6666666666666666	0.0	65.33333333333333	1	98	0	0	0.0	0.3333333333333333	0.0	32.666666666666664	ping
2	196	0	0	0.0	0.6666666666666666	0.0	65.33333333333333	1	98	0	0	0.0	0.3333333333333333	0.0	32.666666666666664	ping
2	196	0	0	0.0	0.6666666666666666	0.0	65.33333333333333	1	98	0	0	0.0	0.3333333333333333	0.0	32.666666666666664	ping
23	1798	7	590	7.0	11.5	590.0	899.0	0	0	0	0	0.0	0.0	0.0	0.0	ping
2	196	0	0	0.0	0.6666666666666666	0.0	65.33333333333333	1	98	0	0	0.0	0.3333333333333333	0.0	32.666666666666664	ping
2	196	0	0	0.0	0.6666666666666666	0.0	65.33333333333333	1	98	0	0	0.0	0.3333333333333333	0.0	32.666666666666664	ping
2	196	0	0	0.0	0.6666666666666666	0.0	65.33333333333333	1	98	0	0	0.0	0.3333333333333333	0.0	32.666666666666664	ping
23	1798	0	0	0.0	7.666666666666667	0.0	599.3333333333334	0	0	0	0	0.0	0.0	0.0	0.0	ping
2	196	0	0	0.0	0.5	0.0	49.0	1	98	0	0	0.0	0.3333333333333333	0.0	32.666666666666664	ping
2	196	0	0	0.0	0.6666666666666666	0.0	65.33333333333333	1	98	0	0	0.0	0.3333333333333333	0.0	32.666666666666664	ping
2	196	0	0	0.0	0.6666666666666666	0.0	65.33333333333333	1	98	0	0	0.0	0.3333333333333333	0.0	32.666666666666664	ping
23	1798	0	0	0.0	7.666666666666667	0.0	599.3333333333334	0	0	0	0	0.0	0.0	0.0	0.0	ping
2	196	0	0	0.0	0.5	0.0	49.0	1	98	0	0	0.0	0.25	0.0	24.5	ping
2	196	0	0	0.0	0.6666666666666666	0.0	65.33333333333333	1	98	0	0	0.0	0.3333333333333333	0.0	32.666666666666664	ping
2	196	0	0	0.0	0.6666666666666666	0.0	65.33333333333333	1	98	0	0	0.0	0.3333333333333333	0.0	32.666666666666664	ping
23	1798	0	0	0.0	7.666666666666667	0.0	599.3333333333334	0	0	0	0	0.0	0.0	0.0	0.0	ping
2	196	0	0	0.0	0.5	0.0	49.0	1	98	0	0	0.0	0.25	0.0	24.5	ping
2	196	0	0	0.0	0.5	0.0	49.0	1	98	0	0	0.0	0.3333333333333333	0.0	32.666666666666664	ping
2	196	0	0	0.0	0.6666666666666666	0.0	65.33333333333333	1	98	0	0	0.0	0.3333333333333333	0.0	32.666666666666664	ping
23	1798	0	0	0.0	7.666666666666667	0.0	599.3333333333334	0	0	0	0	0.0	0.0	0.0	0.0	ping
2	196	0	0	0.0	0.5	0.0	49.0	1	98	0	0	0.0	0.25	0.0	24.5	ping
2	196	0	0	0.0	0.5	0.0	49.0	1	98	0	0	0.0	0.25	0.0	24.5	ping
2	196	0	0	0.0	0.6666666666666666	0.0	65.33333333333333	1	98	0	0	0.0	0.3333333333333333	0.0	32.666666666666664	ping
23	1798	0	0	0.0	7.666666666666667	0.0	599.3333333333334	0	0	0	0	0.0	0.0	0.0	0.0	ping
2	196	0	0	0.0	0.5	0.0	49.0	1	98	0	0	0.0	0.25	0.0	24.5	ping
2	196	0	0	0.0	0.5	0.0	49.0	1	98	0	0	0.0	0.25	0.0	24.5	ping
2	196	0	0	0.0	0.5	0.0	49.0	1	98	0	0	0.0	0.3333333333333333	0.0	32.666666666666664	ping
23	1798	0	0	0.0	7.666666666666667	0.0	599.3333333333334	0	0	0	0	0.0	0.0	0.0	0.0	ping
2	196	0	0	0.0	0.5	0.0	49.0	1	98	0	0	0.0	0.25	0.0	24.5	ping
2	196	0	0	0.0	0.5	0.0	49.0	1	98	0	0	0.0	0.25	0.0	24.5	ping
2	196	0	0	0.0	0.5	0.0	49.0	1	98	0	0	0.0	0.25	0.0	24.5	ping
23	1798	0	0	0.0	7.666666666666667	0.0	599.3333333333334	0	0	0	0	0.0	0.0	0.0	0.0	ping
2	196	0	0	0.0	0.5	0.0	49.0	1	98	0	0	0.0	0.25	0.0	24.5	ping
2	196	0	0	0.0	0.5	0.0	49.0	1	98	0	0	0.0	0.25	0.0	24.5	ping
2	196	0	0	0.0	0.5	0.0	49.0	1	98	0	0	0.0	0.25	0.0	24.5	ping
23	1798	0	0	0.0	5.75	0.0	449.5	0	0	0	0	0.0	0.0	0.0	0.0	ping
5	434	3	238	3.0	1.0	238.0	86.8	1	98	0	0	0.0	0.25	0.0	24.5	ping
2	196	0	0	0.0	0.5	0.0	49.0	1	98	0	0	0.0	0.25	0.0	24.5	ping
2	196	0	0	0.0	0.5	0.0	49.0	1	98	0	0	0.0	0.25	0.0	24.5	ping
23	1798	0	0	0.0	5.75	0.0	449.5	0	0	0	0	0.0	0.0	0.0	0.0	ping
5	434	3	238	3.0	1.0	238.0	86.8	4	336	3	238	3.0	0.8	238.0	67.2	ping
2	196	0	0	0.0	0.5	0.0	49.0	1	98	0	0	0.0	0.25	0.0	24.5	ping
2	196	0	0	0.0	0.5	0.0	49.0	1	98	0	0	0.0	0.25	0.0	24.5	ping
23	1798	0	0	0.0	5.75	0.0	449.5	0	0	0	0	0.0	0.0	0.0	0.0	ping
5	434	3	238	3.0	1.0	238.0	86.8	4	336	3	238	3.0	0.8	238.0	67.2	ping
3	238	1	42	1.0	0.6	42.0	47.6	1	98	0	0	0.0	0.25	0.0	24.5	ping
2	196	0	0	0.0	0.5	0.0	49.0	1	98	0	0	0.0	0.25	0.0	24.5	ping
23	1798	0	0	0.0	5.75	0.0	449.5	0	0	0	0	0.0	0.0	0.0	0.0	ping
5	434	3	238	3.0	1.0	238.0	86.8	4	336	3	238	3.0	0.8	238.0	67.2	ping
3	238	1	42	1.0	0.6	42.0	47.6	2	140	1	42	1.0	0.4	42.0	28.0	ping
2	196	0	0	0.0	0.5	0.0	49.0	1	98	0	0	0.0	0.25	0.0	24.5	ping
23	1798	0	0	0.0	5.75	0.0	449.5	0	0	0	0	0.0	0.0	0.0	0.0	ping
5	434	3	238	3.0	1.0	238.0	86.8	4	336	3	238	3.0	0.8	238.0	67.2	ping
3	238	1	42	1.0	0.6	42.0	47.6	2	140	1	42	1.0	0.4	42.0	28.0	ping
2	196	0	0	0.0	0.4	0.0	39.2	1	98	0	0	0.0	0.25	0.0	24.5	ping
23	1798	0	0	0.0	5.75	0.0	449.5	0	0	0	0	0.0	0.0	0.0	0.0	ping
5	434	3	238	3.0	1.0	238.0	86.8	4	336	3	238	3.0	0.8	238.0	67.2	ping
3	238	1	42	1.0	0.6	42.0	47.6	2	140	1	42	1.0	0.4	42.0	28.0	ping
2	196	0	0	0.0	0.4	0.0	39.2	2	140	1	42	1.0	0.4	42.0	28.0	ping
23	1798	0	0	0.0	5.75	0.0	449.5	0	0	0	0	0.0	0.0	0.0	0.0	ping
5	434	3	238	3.0	1.0	238.0	86.8	4	336	3	238	3.0	0.8	238.0	67.2	ping
3	238	1	42	1.0	0.6	42.0	47.6	2	140	1	42	1.0	0.4	42.0	28.0	ping
2	196	0	0	0.0	0.4	0.0	39.2	2	140	1	42	1.0	0.4	42.0	28.0	ping
24	1868	1	70	1.0	4.8	70.0	373.6	0	0	0	0	0.0	0.0	0.0	0.0	ping
10	924	5	490	5.0	1.6666666666666667	490.0	154.0	4	336	3	238	3.0	0.8	238.0	67.2	ping
3	238	1	42	1.0	0.6	42.0	47.6	2	140	1	42	1.0	0.4	42.0	28.0	ping
2	196	0	0	0.0	0.4	0.0	39.2	2	140	1	42	1.0	0.4	42.0	28.0	ping
24	1868	1	70	1.0	4.8	70.0	373.6	0	0	0	0	0.0	0.0	0.0	0.0	ping
10	924	5	490	5.0	1.6666666666666667	490.0	154.0	9	826	5	490	5.0	1.5	490.0	137.66666666666666	ping
3	238	1	42	1.0	0.6	42.0	47.6	2	140	1	42	1.0	0.4	42.0	28.0	ping
2	196	0	0	0.0	0.4	0.0	39.2	2	140	1	42	1.0	0.4	42.0	28.0	ping
24	1868	1	70	1.0	4.8	70.0	373.6	0	0	0	0	0.0	0.0	0.0	0.0	ping
10	924	5	490	5.0	1.6666666666666667	490.0	154.0	9	826	5	490	5.0	1.5	490.0	137.66666666666666	ping
3	238	0	0	0.0	0.5	0.0	39.666666666666664	2	140	1	42	1.0	0.4	42.0	28.0	ping
2	196	0	0	0.0	0.4	0.0	39.2	2	140	1	42	1.0	0.4	42.0	28.0	ping
24	1868	1	70	1.0	4.8	70.0	373.6	0	0	0	0	0.0	0.0	0.0	0.0	ping
10	924	5	490	5.0	1.6666666666666667	490.0	154.0	9	826	5	490	5.0	1.5	490.0	137.66666666666666	ping
3	238	0	0	0.0	0.5	0.0	39.666666666666664	2	140	0	0	0.0	0.3333333333333333	0.0	23.333333333333332	ping
2	196	0	0	0.0	0.4	0.0	39.2	2	140	1	42	1.0	0.4	42.0	28.0	ping
24	1868	1	70	1.0	4.8	70.0	373.6	0	0	0	0	0.0	0.0	0.0	0.0	ping
10	924	5	490	5.0	1.6666666666666667	490.0	154.0	9	826	5	490	5.0	1.5	490.0	137.66666666666666	ping
3	238	0	0	0.0	0.5	0.0	39.666666666666664	2	140	0	0	0.0	0.3333333333333333	0.0	23.333333333333332	ping
3	238	1	42	1.0	0.5	42.0	39.666666666666664	2	140	1	42	1.0	0.4	42.0	28.0	ping
24	1868	1	70	1.0	4.8	70.0	373.6	0	0	0	0	0.0	0.0	0.0	0.0	ping
10	924	5	490	5.0	1.6666666666666667	490.0	154.0	9	826	5	490	5.0	1.5	490.0	137.66666666666666	ping
3	238	0	0	0.0	0.5	0.0	39.666666666666664	2	140	0	0	0.0	0.3333333333333333	0.0	23.333333333333332	ping
3	238	1	42	1.0	0.5	42.0	39.666666666666664	2	140	0	0	0.0	0.3333333333333333	0.0	23.333333333333332	ping
24	1868	1	70	1.0	4.8	70.0	373.6	0	0	0	0	0.0	0.0	0.0	0.0	ping
10	924	5	490	5.0	1.6666666666666667	490.0	154.0	9	826	5	490	5.0	1.5	490.0	137.66666666666666	ping
3	238	0	0	0.0	0.5	0.0	39.666666666666664	2	140	0	0	0.0	0.3333333333333333	0.0	23.333333333333332	ping
3	238	1	42	1.0	0.5	42.0	39.666666666666664	2	140	0	0	0.0	0.3333333333333333	0.0	23.333333333333332	ping
25	1938	1	70	1.0	4.166666666666667	70.0	323.0	0	0	0	0	0.0	0.0	0.0	0.0	ping
15	1414	5	490	5.0	2.142857142857143	490.0	202.0	9	826	5	490	5.0	1.5	490.0	137.66666666666666	ping
3	238	0	0	0.0	0.5	0.0	39.666666666666664	2	140	0	0	0.0	0.3333333333333333	0.0	23.333333333333332	ping
3	238	1	42	1.0	0.5	42.0	39.666666666666664	2	140	0	0	0.0	0.3333333333333333	0.0	23.333333333333332	ping
25	1938	1	70	1.0	4.166666666666667	70.0	323.0	0	0	0	0	0.0	0.0	0.0	0.0	ping
15	1414	5	490	5.0	2.142857142857143	490.0	202.0	14	1316	5	490	5.0	2.0	490.0	188.0	ping
3	238	0	0	0.0	0.5	0.0	39.666666666666664	2	140	0	0	0.0	0.3333333333333333	0.0	23.333333333333332	ping
3	238	1	42	1.0	0.5	42.0	39.666666666666664	2	140	0	0	0.0	0.3333333333333333	0.0	23.333333333333332	ping
25	1938	1	70	1.0	4.166666666666667	70.0	323.0	0	0	0	0	0.0	0.0	0.0	0.0	ping
15	1414	5	490	5.0	2.142857142857143	490.0	202.0	14	1316	5	490	5.0	2.0	490.0	188.0	ping
3	238	0	0	0.0	0.42857142857142855	0.0	34.0	2	140	0	0	0.0	0.3333333333333333	0.0	23.333333333333332	ping
3	238	1	42	1.0	0.5	42.0	39.666666666666664	2	140	0	0	0.0	0.3333333333333333	0.0	23.333333333333332	ping
25	1938	1	70	1.0	4.166666666666667	70.0	323.0	0	0	0	0	0.0	0.0	0.0	0.0	ping
15	1414	5	490	5.0	2.142857142857143	490.0	202.0	14	1316	5	490	5.0	2.0	490.0	188.0	ping
3	238	0	0	0.0	0.42857142857142855	0.0	34.0	2	140	0	0	0.0	0.2857142857142857	0.0	20.0	ping
3	238	1	42	1.0	0.5	42.0	39.666666666666664	2	140	0	0	0.0	0.3333333333333333	0.0	23.333333333333332	ping
25	1938	1	70	1.0	4.166666666666667	70.0	323.0	0	0	0	0	0.0	0.0	0.0	0.0	ping
15	1414	5	490	5.0	2.142857142857143	490.0	202.0	14	1316	5	490	5.0	2.0	490.0	188.0	ping
3	238	0	0	0.0	0.42857142857142855	0.0	34.0	2	140	0	0	0.0	0.2857142857142857	0.0	20.0	ping
3	238	0	0	0.0	0.42857142857142855	0.0	34.0	2	140	0	0	0.0	0.3333333333333333	0.0	23.333333333333332	ping
25	1938	1	70	1.0	4.166666666666667	70.0	323.0	0	0	0	0	0.0	0.0	0.0	0.0	ping
15	1414	5	490	5.0	2.142857142857143	490.0	202.0	14	1316	5	490	5.0	2.0	490.0	188.0	ping
3	238	0	0	0.0	0.42857142857142855	0.0	34.0	2	140	0	0	0.0	0.2857142857142857	0.0	20.0	ping
3	238	0	0	0.0	0.42857142857142855	0.0	34.0	2	140	0	0	0.0	0.2857142857142857	0.0	20.0	ping
25	1938	1	70	1.0	4.166666666666667	70.0	323.0	0	0	0	0	0.0	0.0	0.0	0.0	ping
15	1414	5	490	5.0	2.142857142857143	490.0	202.0	14	1316	5	490	5.0	2.0	490.0	188.0	ping
3	238	0	0	0.0	0.42857142857142855	0.0	34.0	2	140	0	0	0.0	0.2857142857142857	0.0	20.0	ping
3	238	0	0	0.0	0.42857142857142855	0.0	34.0	2	140	0	0	0.0	0.2857142857142857	0.0	20.0	ping
26	2008	1	70	1.0	3.7142857142857144	70.0	286.85714285714283	0	0	0	0	0.0	0.0	0.0	0.0	ping
20	1904	5	490	5.0	2.5	490.0	238.0	14	1316	5	490	5.0	2.0	490.0	188.0	ping
3	238	0	0	0.0	0.42857142857142855	0.0	34.0	2	140	0	0	0.0	0.2857142857142857	0.0	20.0	ping
3	238	0	0	0.0	0.42857142857142855	0.0	34.0	2	140	0	0	0.0	0.2857142857142857	0.0	20.0	ping
26	2008	1	70	1.0	3.7142857142857144	70.0	286.85714285714283	0	0	0	0	0.0	0.0	0.0	0.0	ping
20	1904	5	490	5.0	2.5	490.0	238.0	19	1806	5	490	5.0	2.375	490.0	225.75	ping
3	238	0	0	0.0	0.42857142857142855	0.0	34.0	2	140	0	0	0.0	0.2857142857142857	0.0	20.0	ping
3	238	0	0	0.0	0.42857142857142855	0.0	34.0	2	140	0	0	0.0	0.2857142857142857	0.0	20.0	ping
26	2008	1	70	1.0	3.7142857142857144	70.0	286.85714285714283	0	0	0	0	0.0	0.0	0.0	0.0	ping
20	1904	5	490	5.0	2.5	490.0	238.0	19	1806	5	490	5.0	2.375	490.0	225.75	ping
3	238	0	0	0.0	0.375	0.0	29.75	2	140	0	0	0.0	0.2857142857142857	0.0	20.0	ping
3	238	0	0	0.0	0.42857142857142855	0.0	34.0	2	140	0	0	0.0	0.2857142857142857	0.0	20.0	ping
26	2008	1	70	1.0	3.7142857142857144	70.0	286.85714285714283	0	0	0	0	0.0	0.0	0.0	0.0	ping
20	1904	5	490	5.0	2.5	490.0	238.0	19	1806	5	490	5.0	2.375	490.0	225.75	ping
3	238	0	0	0.0	0.375	0.0	29.75	2	140	0	0	0.0	0.25	0.0	17.5	ping
3	238	0	0	0.0	0.42857142857142855	0.0	34.0	2	140	0	0	0.0	0.2857142857142857	0.0	20.0	ping
26	2008	1	70	1.0	3.7142857142857144	70.0	286.85714285714283	0	0	0	0	0.0	0.0	0.0	0.0	ping
20	1904	5	490	5.0	2.5	490.0	238.0	19	1806	5	490	5.0	2.375	490.0	225.75	ping
3	238	0	0	0.0	0.375	0.0	29.75	2	140	0	0	0.0	0.25	0.0	17.5	ping
3	238	0	0	0.0	0.375	0.0	29.75	2	140	0	0	0.0	0.2857142857142857	0.0	20.0	ping
26	2008	1	70	1.0	3.7142857142857144	70.0	286.85714285714283	0	0	0	0	0.0	0.0	0.0	0.0	ping
20	1904	5	490	5.0	2.5	490.0	238.0	19	1806	5	490	5.0	2.375	490.0	225.75	ping
3	238	0	0	0.0	0.375	0.0	29.75	2	140	0	0	0.0	0.25	0.0	17.5	ping
3	238	0	0	0.0	0.375	0.0	29.75	2	140	0	0	0.0	0.25	0.0	17.5	ping
26	2008	1	70	1.0	3.7142857142857144	70.0	286.85714285714283	0	0	0	0	0.0	0.0	0.0	0.0	ping
20	1904	5	490	5.0	2.5	490.0	238.0	19	1806	5	490	5.0	2.375	490.0	225.75	ping
3	238	0	0	0.0	0.375	0.0	29.75	2	140	0	0	0.0	0.25	0.0	17.5	ping
3	238	0	0	0.0	0.375	0.0	29.75	2	140	0	0	0.0	0.25	0.0	17.5	ping
26	2008	0	0	0.0	3.25	0.0	251.0	0	0	0	0	0.0	0.0	0.0	0.0	ping
25	2394	5	490	5.0	2.7777777777777777	490.0	266.0	19	1806	5	490	5.0	2.375	490.0	225.75	ping
3	238	0	0	0.0	0.375	0.0	29.75	2	140	0	0	0.0	0.25	0.0	17.5	ping
3	238	0	0	0.0	0.375	0.0	29.75	2	140	0	0	0.0	0.25	0.0	17.5	ping
26	2008	0	0	0.0	3.25	0.0	251.0	0	0	0	0	0.0	0.0	0.0	0.0	ping
25	2394	5	490	5.0	2.7777777777777777	490.0	266.0	24	2296	5	490	5.0	2.6666666666666665	490.0	255.11111111111111	ping
3	238	0	0	0.0	0.375	0.0	29.75	2	140	0	0	0.0	0.25	0.0	17.5	ping
3	238	0	0	0.0	0.375	0.0	29.75	2	140	0	0	0.0	0.25	0.0	17.5	ping
26	2008	0	0	0.0	3.25	0.0	251.0	0	0	0	0	0.0	0.0	0.0	0.0	ping
25	2394	5	490	5.0	2.7777777777777777	490.0	266.0	24	2296	5	490	5.0	2.6666666666666665	490.0	255.11111111111111	ping
3	238	0	0	0.0	0.3333333333333333	0.0	26.444444444444443	2	140	0	0	0.0	0.25	0.0	17.5	ping
3	238	0	0	0.0	0.375	0.0	29.75	2	140	0	0	0.0	0.25	0.0	17.5	ping
26	2008	0	0	0.0	3.25	0.0	251.0	0	0	0	0	0.0	0.0	0.0	0.0	ping
25	2394	5	490	5.0	2.7777777777777777	490.0	266.0	24	2296	5	490	5.0	2.6666666666666665	490.0	255.11111111111111	ping
3	238	0	0	0.0	0.3333333333333333	0.0	26.444444444444443	2	140	0	0	0.0	0.2222222222222222	0.0	15.555555555555555	ping
3	238	0	0	0.0	0.375	0.0	29.75	2	140	0	0	0.0	0.25	0.0	17.5	ping
26	2008	0	0	0.0	3.25	0.0	251.0	0	0	0	0	0.0	0.0	0.0	0.0	ping
25	2394	5	490	5.0	2.7777777777777777	490.0	266.0	24	2296	5	490	5.0	2.6666666666666665	490.0	255.11111111111111	ping
3	238	0	0	0.0	0.3333333333333333	0.0	26.444444444444443	2	140	0	0	0.0	0.2222222222222222	0.0	15.555555555555555	ping
3	238	0	0	0.0	0.3333333333333333	0.0	26.444444444444443	2	140	0	0	0.0	0.25	0.0	17.5	ping
26	2008	0	0	0.0	3.25	0.0	251.0	0	0	0	0	0.0	0.0	0.0	0.0	ping
25	2394	5	490	5.0	2.7777777777777777	490.0	266.0	24	2296	5	490	5.0	2.6666666666666665	490.0	255.11111111111111	ping
3	238	0	0	0.0	0.3333333333333333	0.0	26.444444444444443	2	140	0	0	0.0	0.2222222222222222	0.0	15.555555555555555	ping
3	238	0	0	0.0	0.3333333333333333	0.0	26.444444444444443	2	140	0	0	0.0	0.2222222222222222	0.0	15.555555555555555	ping
26	2008	0	0	0.0	3.25	0.0	251.0	0	0	0	0	0.0	0.0	0.0	0.0	ping
25	2394	5	490	5.0	2.7777777777777777	490.0	266.0	24	2296	5	490	5.0	2.6666666666666665	490.0	255.11111111111111	ping
3	238	0	0	0.0	0.3333333333333333	0.0	26.444444444444443	2	140	0	0	0.0	0.2222222222222222	0.0	15.555555555555555	ping
3	238	0	0	0.0	0.3333333333333333	0.0	26.444444444444443	2	140	0	0	0.0	0.2222222222222222	0.0	15.555555555555555	ping
26	2008	0	0	0.0	2.888888888888889	0.0	223.11111111111111	0	0	0	0	0.0	0.0	0.0	0.0	ping
30	2884	5	490	5.0	3.0	490.0	288.4	24	2296	5	490	5.0	2.6666666666666665	490.0	255.11111111111111	ping
3	238	0	0	0.0	0.3333333333333333	0.0	26.444444444444443	2	140	0	0	0.0	0.2222222222222222	0.0	15.555555555555555	ping
3	238	0	0	0.0	0.3333333333333333	0.0	26.444444444444443	2	140	0	0	0.0	0.2222222222222222	0.0	15.555555555555555	ping
26	2008	0	0	0.0	2.888888888888889	0.0	223.11111111111111	0	0	0	0	0.0	0.0	0.0	0.0	ping
30	2884	5	490	5.0	3.0	490.0	288.4	29	2786	5	490	5.0	2.9	490.0	278.6	ping
3	238	0	0	0.0	0.3333333333333333	0.0	26.444444444444443	2	140	0	0	0.0	0.2222222222222222	0.0	15.555555555555555	ping
3	238	0	0	0.0	0.3333333333333333	0.0	26.444444444444443	2	140	0	0	0.0	0.2222222222222222	0.0	15.555555555555555	ping
26	2008	0	0	0.0	2.888888888888889	0.0	223.11111111111111	0	0	0	0	0.0	0.0	0.0	0.0	ping
30	2884	5	490	5.0	3.0	490.0	288.4	29	2786	5	490	5.0	2.9	490.0	278.6	ping
3	238	0	0	0.0	0.3	0.0	23.8	2	140	0	0	0.0	0.2222222222222222	0.0	15.555555555555555	ping
3	238	0	0	0.0	0.3333333333333333	0.0	26.444444444444443	2	140	0	0	0.0	0.2222222222222222	0.0	15.555555555555555	ping
26	2008	0	0	0.0	2.888888888888889	0.0	223.11111111111111	0	0	0	0	0.0	0.0	0.0	0.0	ping
30	2884	5	490	5.0	3.0	490.0	288.4	29	2786	5	490	5.0	2.9	490.0	278.6	ping
3	238	0	0	0.0	0.3	0.0	23.8	2	140	0	0	0.0	0.2	0.0	14.0	ping
3	238	0	0	0.0	0.3333333333333333	0.0	26.444444444444443	2	140	0	0	0.0	0.2222222222222222	0.0	15.555555555555555	ping
26	2008	0	0	0.0	2.888888888888889	0.0	223.11111111111111	0	0	0	0	0.0	0.0	0.0	0.0	ping
30	2884	5	490	5.0	3.0	490.0	288.4	29	2786	5	490	5.0	2.9	490.0	278.6	ping
3	238	0	0	0.0	0.3	0.0	23.8	2	140	0	0	0.0	0.2	0.0	14.0	ping
3	238	0	0	0.0	0.3	0.0	23.8	2	140	0	0	0.0	0.2222222222222222	0.0	15.555555555555555	ping
26	2008	0	0	0.0	2.888888888888889	0.0	223.11111111111111	0	0	0	0	0.0	0.0	0.0	0.0	ping
30	2884	5	490	5.0	3.0	490.0	288.4	29	2786	5	490	5.0	2.9	490.0	278.6	ping
3	238	0	0	0.0	0.3	0.0	23.8	2	140	0	0	0.0	0.2	0.0	14.0	ping
3	238	0	0	0.0	0.3	0.0	23.8	2	140	0	0	0.0	0.2	0.0	14.0	ping
26	2008	0	0	0.0	2.888888888888889	0.0	223.11111111111111	0	0	0	0	0.0	0.0	0.0	0.0	ping
30	2884	5	490	5.0	3.0	490.0	288.4	29	2786	5	490	5.0	2.9	490.0	278.6	ping
3	238	0	0	0.0	0.3	0.0	23.8	2	140	0	0	0.0	0.2	0.0	14.0	ping
3	238	0	0	0.0	0.3	0.0	23.8	2	140	0	0	0.0	0.2	0.0	14.0	ping
26	2008	0	0	0.0	2.6	0.0	200.8	0	0	0	0	0.0	0.0	0.0	0.0	ping
35	3374	5	490	5.0	3.1818181818181817	490.0	306.72727272727275	29	2786	5	490	5.0	2.9	490.0	278.6	ping
3	238	0	0	0.0	0.3	0.0	23.8	2	140	0	0	0.0	0.2	0.0	14.0	ping
3	238	0	0	0.0	0.3	0.0	23.8	2	140	0	0	0.0	0.2	0.0	14.0	ping
26	2008	0	0	0.0	2.6	0.0	200.8	0	0	0	0	0.0	0.0	0.0	0.0	ping
35	3374	5	490	5.0	3.1818181818181817	490.0	306.72727272727275	34	3276	5	490	5.0	3.090909090909091	490.0	297.8181818181818	ping
3	238	0	0	0.0	0.3	0.0	23.8	2	140	0	0	0.0	0.2	0.0	14.0	ping
3	238	0	0	0.0	0.3	0.0	23.8	2	140	0	0	0.0	0.2	0.0	14.0	ping
26	2008	0	0	0.0	2.6	0.0	200.8	0	0	0	0	0.0	0.0	0.0	0.0	ping
35	3374	5	490	5.0	3.1818181818181817	490.0	306.72727272727275	34	3276	5	490	5.0	3.090909090909091	490.0	297.8181818181818	ping
3	238	0	0	0.0	0.2727272727272727	0.0	21.636363636363637	2	140	0	0	0.0	0.2	0.0	14.0	ping
3	238	0	0	0.0	0.3	0.0	23.8	2	140	0	0	0.0	0.2	0.0	14.0	ping
26	2008	0	0	0.0	2.6	0.0	200.8	0	0	0	0	0.0	0.0	0.0	0.0	ping
35	3374	5	490	5.0	3.1818181818181817	490.0	306.72727272727275	34	3276	5	490	5.0	3.090909090909091	490.0	297.8181818181818	ping
3	238	0	0	0.0	0.2727272727272727	0.0	21.636363636363637	2	140	0	0	0.0	0.18181818181818182	0.0	12.727272727272727	ping
3	238	0	0	0.0	0.3	0.0	23.8	2	140	0	0	0.0	0.2	0.0	14.0	ping
26	2008	0	0	0.0	2.6	0.0	200.8	0	0	0	0	0.0	0.0	0.0	0.0	ping
35	3374	5	490	5.0	3.1818181818181817	490.0	306.72727272727275	34	3276	5	490	5.0	3.090909090909091	490.0	297.8181818181818	ping
3	238	0	0	0.0	0.2727272727272727	0.0	21.636363636363637	2	140	0	0	0.0	0.18181818181818182	0.0	12.727272727272727	ping
3	238	0	0	0.0	0.2727272727272727	0.0	21.636363636363637	2	140	0	0	0.0	0.2	0.0	14.0	ping
26	2008	0	0	0.0	2.6	0.0	200.8	0	0	0	0	0.0	0.0	0.0	0.0	ping
35	3374	5	490	5.0	3.1818181818181817	490.0	306.72727272727275	34	3276	5	490	5.0	3.090909090909091	490.0	297.8181818181818	ping
3	238	0	0	0.0	0.2727272727272727	0.0	21.636363636363637	2	140	0	0	0.0	0.18181818181818182	0.0	12.727272727272727	ping
3	238	0	0	0.0	0.2727272727272727	0.0	21.636363636363637	2	140	0	0	0.0	0.18181818181818182	0.0	12.727272727272727	ping
26	2008	0	0	0.0	2.6	0.0	200.8	0	0	0	0	0.0	0.0	0.0	0.0	ping
35	3374	5	490	5.0	3.1818181818181817	490.0	306.72727272727275	34	3276	5	490	5.0	3.090909090909091	490.0	297.8181818181818	ping
3	238	0	0	0.0	0.2727272727272727	0.0	21.636363636363637	2	140	0	0	0.0	0.18181818181818182	0.0	12.727272727272727	ping
3	238	0	0	0.0	0.2727272727272727	0.0	21.636363636363637	2	140	0	0	0.0	0.18181818181818182	0.0	12.727272727272727	ping
26	2008	0	0	0.0	2.3636363636363638	0.0	182.54545454545453	0	0	0	0	0.0	0.0	0.0	0.0	ping
39	3766	4	392	4.0	3.25	392.0	313.8333333333333	34	3276	5	490	5.0	3.090909090909091	490.0	297.8181818181818	ping
3	238	0	0	0.0	0.2727272727272727	0.0	21.636363636363637	2	140	0	0	0.0	0.18181818181818182	0.0	12.727272727272727	ping
3	238	0	0	0.0	0.2727272727272727	0.0	21.636363636363637	2	140	0	0	0.0	0.18181818181818182	0.0	12.727272727272727	ping
26	2008	0	0	0.0	2.3636363636363638	0.0	182.54545454545453	0	0	0	0	0.0	0.0	0.0	0.0	ping
39	3766	4	392	4.0	3.25	392.0	313.8333333333333	38	3668	4	392	4.0	3.1666666666666665	392.0	305.6666666666667	ping
3	238	0	0	0.0	0.2727272727272727	0.0	21.636363636363637	2	140	0	0	0.0	0.18181818181818182	0.0	12.727272727272727	ping
3	238	0	0	0.0	0.2727272727272727	0.0	21.636363636363637	2	140	0	0	0.0	0.18181818181818182	0.0	12.727272727272727	ping
26	2008	0	0	0.0	2.3636363636363638	0.0	182.54545454545453	0	0	0	0	0.0	0.0	0.0	0.0	ping
39	3766	4	392	4.0	3.25	392.0	313.8333333333333	38	3668	4	392	4.0	3.1666666666666665	392.0	305.6666666666667	ping
3	238	0	0	0.0	0.25	0.0	19.833333333333332	2	140	0	0	0.0	0.18181818181818182	0.0	12.727272727272727	ping
3	238	0	0	0.0	0.2727272727272727	0.0	21.636363636363637	2	140	0	0	0.0	0.18181818181818182	0.0	12.727272727272727	ping
26	2008	0	0	0.0	2.3636363636363638	0.0	182.54545454545453	0	0	0	0	0.0	0.0	0.0	0.0	ping
39	3766	4	392	4.0	3.25	392.0	313.8333333333333	38	3668	4	392	4.0	3.1666666666666665	392.0	305.6666666666667	ping
3	238	0	0	0.0	0.25	0.0	19.833333333333332	2	140	0	0	0.0	0.16666666666666666	0.0	11.666666666666666	ping
3	238	0	0	0.0	0.2727272727272727	0.0	21.636363636363637	2	140	0	0	0.0	0.18181818181818182	0.0	12.727272727272727	ping
26	2008	0	0	0.0	2.3636363636363638	0.0	182.54545454545453	0	0	0	0	0.0	0.0	0.0	0.0	ping
39	3766	4	392	4.0	3.25	392.0	313.8333333333333	38	3668	4	392	4.0	3.1666666666666665	392.0	305.6666666666667	ping
3	238	0	0	0.0	0.25	0.0	19.833333333333332	2	140	0	0	0.0	0.16666666666666666	0.0	11.666666666666666	ping
3	238	0	0	0.0	0.25	0.0	19.833333333333332	2	140	0	0	0.0	0.18181818181818182	0.0	12.727272727272727	ping
26	2008	0	0	0.0	2.3636363636363638	0.0	182.54545454545453	0	0	0	0	0.0	0.0	0.0	0.0	ping
39	3766	4	392	4.0	3.25	392.0	313.8333333333333	38	3668	4	392	4.0	3.1666666666666665	392.0	305.6666666666667	ping
3	238	0	0	0.0	0.25	0.0	19.833333333333332	2	140	0	0	0.0	0.16666666666666666	0.0	11.666666666666666	ping
3	238	0	0	0.0	0.25	0.0	19.833333333333332	2	140	0	0	0.0	0.16666666666666666	0.0	11.666666666666666	ping
26	2008	0	0	0.0	2.3636363636363638	0.0	182.54545454545453	0	0	0	0	0.0	0.0	0.0	0.0	ping
39	3766	4	392	4.0	3.25	392.0	313.8333333333333	38	3668	4	392	4.0	3.1666666666666665	392.0	305.6666666666667	ping
3	238	0	0	0.0	0.25	0.0	19.833333333333332	2	140	0	0	0.0	0.16666666666666666	0.0	11.666666666666666	ping
3	238	0	0	0.0	0.25	0.0	19.833333333333332	2	140	0	0	0.0	0.16666666666666666	0.0	11.666666666666666	ping
27	2078	1	70	1.0	2.25	70.0	173.16666666666666	0	0	0	0	0.0	0.0	0.0	0.0	ping
44	4256	5	490	5.0	3.3846153846153846	490.0	327.38461538461536	38	3668	4	392	4.0	3.1666666666666665	392.0	305.6666666666667	ping
3	238	0	0	0.0	0.25	0.0	19.833333333333332	2	140	0	0	0.0	0.16666666666666666	0.0	11.666666666666666	ping
3	238	0	0	0.0	0.25	0.0	19.833333333333332	2	140	0	0	0.0	0.16666666666666666	0.0	11.666666666666666	ping
27	2078	1	70	1.0	2.25	70.0	173.16666666666666	0	0	0	0	0.0	0.0	0.0	0.0	ping
44	4256	5	490	5.0	3.3846153846153846	490.0	327.38461538461536	43	4158	5	490	5.0	3.3076923076923075	490.0	319.84615384615387	ping
3	238	0	0	0.0	0.25	0.0	19.833333333333332	2	140	0	0	0.0	0.16666666666666666	0.0	11.666666666666666	ping
3	238	0	0	0.0	0.25	0.0	19.833333333333332	2	140	0	0	0.0	0.16666666666666666	0.0	11.666666666666666	ping
27	2078	1	70	1.0	2.25	70.0	173.16666666666666	0	0	0	0	0.0	0.0	0.0	0.0	ping
44	4256	5	490	5.0	3.3846153846153846	490.0	327.38461538461536	43	4158	5	490	5.0	3.3076923076923075	490.0	319.84615384615387	ping
3	238	0	0	0.0	0.23076923076923078	0.0	18.307692307692307	2	140	0	0	0.0	0.16666666666666666	0.0	11.666666666666666	ping
3	238	0	0	0.0	0.25	0.0	19.833333333333332	2	140	0	0	0.0	0.16666666666666666	0.0	11.666666666666666	ping
27	2078	1	70	1.0	2.25	70.0	173.16666666666666	0	0	0	0	0.0	0.0	0.0	0.0	ping
44	4256	5	490	5.0	3.3846153846153846	490.0	327.38461538461536	43	4158	5	490	5.0	3.3076923076923075	490.0	319.84615384615387	ping
3	238	0	0	0.0	0.23076923076923078	0.0	18.307692307692307	2	140	0	0	0.0	0.15384615384615385	0.0	10.76923076923077	ping
3	238	0	0	0.0	0.25	0.0	19.833333333333332	2	140	0	0	0.0	0.16666666666666666	0.0	11.666666666666666	ping
27	2078	1	70	1.0	2.25	70.0	173.16666666666666	0	0	0	0	0.0	0.0	0.0	0.0	ping
44	4256	5	490	5.0	3.3846153846153846	490.0	327.38461538461536	43	4158	5	490	5.0	3.3076923076923075	490.0	319.84615384615387	ping
3	238	0	0	0.0	0.23076923076923078	0.0	18.307692307692307	2	140	0	0	0.0	0.15384615384615385	0.0	10.76923076923077	ping
3	238	0	0	0.0	0.23076923076923078	0.0	18.307692307692307	2	140	0	0	0.0	0.16666666666666666	0.0	11.666666666666666	ping
27	2078	1	70	1.0	2.25	70.0	173.16666666666666	0	0	0	0	0.0	0.0	0.0	0.0	ping
44	4256	5	490	5.0	3.3846153846153846	490.0	327.38461538461536	43	4158	5	490	5.0	3.3076923076923075	490.0	319.84615384615387	ping
3	238	0	0	0.0	0.23076923076923078	0.0	18.307692307692307	2	140	0	0	0.0	0.15384615384615385	0.0	10.76923076923077	ping
3	238	0	0	0.0	0.23076923076923078	0.0	18.307692307692307	2	140	0	0	0.0	0.15384615384615385	0.0	10.76923076923077	ping
27	2078	1	70	1.0	2.25	70.0	173.16666666666666	0	0	0	0	0.0	0.0	0.0	0.0	ping
44	4256	5	490	5.0	3.3846153846153846	490.0	327.38461538461536	43	4158	5	490	5.0	3.3076923076923075	490.0	319.84615384615387	ping
3	238	0	0	0.0	0.23076923076923078	0.0	18.307692307692307	2	140	0	0	0.0	0.15384615384615385	0.0	10.76923076923077	ping
3	238	0	0	0.0	0.23076923076923078	0.0	18.307692307692307	2	140	0	0	0.0	0.15384615384615385	0.0	10.76923076923077	ping
27	2078	0	0	0.0	2.076923076923077	0.0	159.84615384615384	0	0	0	0	0.0	0.0	0.0	0.0	ping
49	4746	5	490	5.0	3.5	490.0	339.0	43	4158	5	490	5.0	3.3076923076923075	490.0	319.84615384615387	ping
3	238	0	0	0.0	0.23076923076923078	0.0	18.307692307692307	2	140	0	0	0.0	0.15384615384615385	0.0	10.76923076923077	ping
3	238	0	0	0.0	0.23076923076923078	0.0	18.307692307692307	2	140	0	0	0.0	0.15384615384615385	0.0	10.76923076923077	ping
27	2078	0	0	0.0	2.076923076923077	0.0	159.84615384615384	0	0	0	0	0.0	0.0	0.0	0.0	ping
49	4746	5	490	5.0	3.5	490.0	339.0	48	4648	5	490	5.0	3.4285714285714284	490.0	332.0	ping
3	238	0	0	0.0	0.23076923076923078	0.0	18.307692307692307	2	140	0	0	0.0	0.15384615384615385	0.0	10.76923076923077	ping
3	238	0	0	0.0	0.23076923076923078	0.0	18.307692307692307	2	140	0	0	0.0	0.15384615384615385	0.0	10.76923076923077	ping
27	2078	0	0	0.0	2.076923076923077	0.0	159.84615384615384	0	0	0	0	0.0	0.0	0.0	0.0	ping
49	4746	5	490	5.0	3.5	490.0	339.0	48	4648	5	490	5.0	3.4285714285714284	490.0	332.0	ping
3	238	0	0	0.0	0.21428571428571427	0.0	17.0	2	140	0	0	0.0	0.15384615384615385	0.0	10.76923076923077	ping
3	238	0	0	0.0	0.23076923076923078	0.0	18.307692307692307	2	140	0	0	0.0	0.15384615384615385	0.0	10.76923076923077	ping
27	2078	0	0	0.0	2.076923076923077	0.0	159.84615384615384	0	0	0	0	0.0	0.0	0.0	0.0	ping
49	4746	5	490	5.0	3.5	490.0	339.0	48	4648	5	490	5.0	3.4285714285714284	490.0	332.0	ping
3	238	0	0	0.0	0.21428571428571427	0.0	17.0	2	140	0	0	0.0	0.14285714285714285	0.0	10.0	ping
3	238	0	0	0.0	0.23076923076923078	0.0	18.307692307692307	2	140	0	0	0.0	0.15384615384615385	0.0	10.76923076923077	ping
27	2078	0	0	0.0	2.076923076923077	0.0	159.84615384615384	0	0	0	0	0.0	0.0	0.0	0.0	ping
49	4746	5	490	5.0	3.5	490.0	339.0	48	4648	5	490	5.0	3.4285714285714284	490.0	332.0	ping
3	238	0	0	0.0	0.21428571428571427	0.0	17.0	2	140	0	0	0.0	0.14285714285714285	0.0	10.0	ping
3	238	0	0	0.0	0.21428571428571427	0.0	17.0	2	140	0	0	0.0	0.15384615384615385	0.0	10.76923076923077	ping
27	2078	0	0	0.0	2.076923076923077	0.0	159.84615384615384	0	0	0	0	0.0	0.0	0.0	0.0	ping
49	4746	5	490	5.0	3.5	490.0	339.0	48	4648	5	490	5.0	3.4285714285714284	490.0	332.0	ping
3	238	0	0	0.0	0.21428571428571427	0.0	17.0	2	140	0	0	0.0	0.14285714285714285	0.0	10.0	ping
3	238	0	0	0.0	0.21428571428571427	0.0	17.0	2	140	0	0	0.0	0.14285714285714285	0.0	10.0	ping
27	2078	0	0	0.0	2.076923076923077	0.0	159.84615384615384	0	0	0	0	0.0	0.0	0.0	0.0	ping
49	4746	5	490	5.0	3.5	490.0	339.0	48	4648	5	490	5.0	3.4285714285714284	490.0	332.0	ping
3	238	0	0	0.0	0.21428571428571427	0.0	17.0	2	140	0	0	0.0	0.14285714285714285	0.0	10.0	ping
3	238	0	0	0.0	0.21428571428571427	0.0	17.0	2	140	0	0	0.0	0.14285714285714285	0.0	10.0	ping
28	2148	1	70	1.0	2.0	70.0	153.42857142857142	0	0	0	0	0.0	0.0	0.0	0.0	ping
54	5236	5	490	5.0	3.6	490.0	349.06666666666666	48	4648	5	490	5.0	3.4285714285714284	490.0	332.0	ping
3	238	0	0	0.0	0.21428571428571427	0.0	17.0	2	140	0	0	0.0	0.14285714285714285	0.0	10.0	ping
3	238	0	0	0.0	0.21428571428571427	0.0	17.0	2	140	0	0	0.0	0.14285714285714285	0.0	10.0	ping
28	2148	1	70	1.0	2.0	70.0	153.42857142857142	0	0	0	0	0.0	0.0	0.0	0.0	ping
54	5236	5	490	5.0	3.6	490.0	349.06666666666666	53	5138	5	490	5.0	3.533333333333333	490.0	342.53333333333336	ping
3	238	0	0	0.0	0.21428571428571427	0.0	17.0	2	140	0	0	0.0	0.14285714285714285	0.0	10.0	ping
3	238	0	0	0.0	0.21428571428571427	0.0	17.0	2	140	0	0	0.0	0.14285714285714285	0.0	10.0	ping
28	2148	1	70	1.0	2.0	70.0	153.42857142857142	0	0	0	0	0.0	0.0	0.0	0.0	ping
54	5236	5	490	5.0	3.6	490.0	349.06666666666666	53	5138	5	490	5.0	3.533333333333333	490.0	342.53333333333336	ping
3	238	0	0	0.0	0.2	0.0	15.866666666666667	2	140	0	0	0.0	0.14285714285714285	0.0	10.0	ping
3	238	0	0	0.0	0.21428571428571427	0.0	17.0	2	140	0	0	0.0	0.14285714285714285	0.0	10.0	ping
28	2148	1	70	1.0	2.0	70.0	153.42857142857142	0	0	0	0	0.0	0.0	0.0	0.0	ping
54	5236	5	490	5.0	3.6	490.0	349.06666666666666	53	5138	5	490	5.0	3.533333333333333	490.0	342.53333333333336	ping
3	238	0	0	0.0	0.2	0.0	15.866666666666667	2	140	0	0	0.0	0.13333333333333333	0.0	9.333333333333334	ping
3	238	0	0	0.0	0.21428571428571427	0.0	17.0	2	140	0	0	0.0	0.14285714285714285	0.0	10.0	ping
28	2148	1	70	1.0	2.0	70.0	153.42857142857142	0	0	0	0	0.0	0.0	0.0	0.0	ping
54	5236	5	490	5.0	3.6	490.0	349.06666666666666	53	5138	5	490	5.0	3.533333333333333	490.0	342.53333333333336	ping
3	238	0	0	0.0	0.2	0.0	15.866666666666667	2	140	0	0	0.0	0.13333333333333333	0.0	9.333333333333334	ping
3	238	0	0	0.0	0.2	0.0	15.866666666666667	2	140	0	0	0.0	0.14285714285714285	0.0	10.0	ping
28	2148	1	70	1.0	2.0	70.0	153.42857142857142	0	0	0	0	0.0	0.0	0.0	0.0	ping
54	5236	5	490	5.0	3.6	490.0	349.06666666666666	53	5138	5	490	5.0	3.533333333333333	490.0	342.53333333333336	ping
3	238	0	0	0.0	0.2	0.0	15.866666666666667	2	140	0	0	0.0	0.13333333333333333	0.0	9.333333333333334	ping
3	238	0	0	0.0	0.2	0.0	15.866666666666667	2	140	0	0	0.0	0.13333333333333333	0.0	9.333333333333334	ping
28	2148	1	70	1.0	2.0	70.0	153.42857142857142	0	0	0	0	0.0	0.0	0.0	0.0	ping
54	5236	5	490	5.0	3.6	490.0	349.06666666666666	53	5138	5	490	5.0	3.533333333333333	490.0	342.53333333333336	ping
3	238	0	0	0.0	0.2	0.0	15.866666666666667	2	140	0	0	0.0	0.13333333333333333	0.0	9.333333333333334	ping
3	238	0	0	0.0	0.2	0.0	15.866666666666667	2	140	0	0	0.0	0.13333333333333333	0.0	9.333333333333334	ping
29	2218	1	70	1.0	1.9333333333333333	70.0	147.86666666666667	0	0	0	0	0.0	0.0	0.0	0.0	ping
59	5726	5	490	5.0	3.6875	490.0	357.875	53	5138	5	490	5.0	3.533333333333333	490.0	342.53333333333336	ping
3	238	0	0	0.0	0.2	0.0	15.866666666666667	2	140	0	0	0.0	0.13333333333333333	0.0	9.333333333333334	ping
3	238	0	0	0.0	0.2	0.0	15.866666666666667	2	140	0	0	0.0	0.13333333333333333	0.0	9.333333333333334	ping
29	2218	1	70	1.0	1.9333333333333333	70.0	147.86666666666667	0	0	0	0	0.0	0.0	0.0	0.0	ping
59	5726	5	490	5.0	3.6875	490.0	357.875	58	5628	5	490	5.0	3.625	490.0	351.75	ping
3	238	0	0	0.0	0.2	0.0	15.866666666666667	2	140	0	0	0.0	0.13333333333333333	0.0	9.333333333333334	ping
3	238	0	0	0.0	0.2	0.0	15.866666666666667	2	140	0	0	0.0	0.13333333333333333	0.0	9.333333333333334	ping
29	2218	1	70	1.0	1.9333333333333333	70.0	147.86666666666667	0	0	0	0	0.0	0.0	0.0	0.0	ping
59	5726	5	490	5.0	3.6875	490.0	357.875	58	5628	5	490	5.0	3.625	490.0	351.75	ping
3	238	0	0	0.0	0.1875	0.0	14.875	2	140	0	0	0.0	0.13333333333333333	0.0	9.333333333333334	ping
3	238	0	0	0.0	0.2	0.0	15.866666666666667	2	140	0	0	0.0	0.13333333333333333	0.0	9.333333333333334	ping
29	2218	1	70	1.0	1.9333333333333333	70.0	147.86666666666667	0	0	0	0	0.0	0.0	0.0	0.0	ping
59	5726	5	490	5.0	3.6875	490.0	357.875	58	5628	5	490	5.0	3.625	490.0	351.75	ping
3	238	0	0	0.0	0.1875	0.0	14.875	2	140	0	0	0.0	0.125	0.0	8.75	ping
3	238	0	0	0.0	0.2	0.0	15.866666666666667	2	140	0	0	0.0	0.13333333333333333	0.0	9.333333333333334	ping
29	2218	1	70	1.0	1.9333333333333333	70.0	147.86666666666667	0	0	0	0	0.0	0.0	0.0	0.0	ping
59	5726	5	490	5.0	3.6875	490.0	357.875	58	5628	5	490	5.0	3.625	490.0	351.75	ping
3	238	0	0	0.0	0.1875	0.0	14.875	2	140	0	0	0.0	0.125	0.0	8.75	ping
3	238	0	0	0.0	0.1875	0.0	14.875	2	140	0	0	0.0	0.13333333333333333	0.0	9.333333333333334	ping
29	2218	1	70	1.0	1.9333333333333333	70.0	147.86666666666667	0	0	0	0	0.0	0.0	0.0	0.0	ping
59	5726	5	490	5.0	3.6875	490.0	357.875	58	5628	5	490	5.0	3.625	490.0	351.75	ping
3	238	0	0	0.0	0.1875	0.0	14.875	2	140	0	0	0.0	0.125	0.0	8.75	ping
3	238	0	0	0.0	0.1875	0.0	14.875	2	140	0	0	0.0	0.125	0.0	8.75	ping
29	2218	1	70	1.0	1.9333333333333333	70.0	147.86666666666667	0	0	0	0	0.0	0.0	0.0	0.0	ping
59	5726	5	490	5.0	3.6875	490.0	357.875	58	5628	5	490	5.0	3.625	490.0	351.75	ping
3	238	0	0	0.0	0.1875	0.0	14.875	2	140	0	0	0.0	0.125	0.0	8.75	ping
3	238	0	0	0.0	0.1875	0.0	14.875	2	140	0	0	0.0	0.125	0.0	8.75	ping
29	2218	0	0	0.0	1.8125	0.0	138.625	0	0	0	0	0.0	0.0	0.0	0.0	ping
64	6216	5	490	5.0	3.764705882352941	490.0	365.6470588235294	58	5628	5	490	5.0	3.625	490.0	351.75	ping
3	238	0	0	0.0	0.1875	0.0	14.875	2	140	0	0	0.0	0.125	0.0	8.75	ping
3	238	0	0	0.0	0.1875	0.0	14.875	2	140	0	0	0.0	0.125	0.0	8.75	ping
29	2218	0	0	0.0	1.8125	0.0	138.625	0	0	0	0	0.0	0.0	0.0	0.0	ping
64	6216	5	490	5.0	3.764705882352941	490.0	365.6470588235294	63	6118	5	490	5.0	3.7058823529411766	490.0	359.88235294117646	ping
3	238	0	0	0.0	0.1875	0.0	14.875	2	140	0	0	0.0	0.125	0.0	8.75	ping
3	238	0	0	0.0	0.1875	0.0	14.875	2	140	0	0	0.0	0.125	0.0	8.75	ping
29	2218	0	0	0.0	1.8125	0.0	138.625	0	0	0	0	0.0	0.0	0.0	0.0	ping
64	6216	5	490	5.0	3.764705882352941	490.0	365.6470588235294	63	6118	5	490	5.0	3.7058823529411766	490.0	359.88235294117646	ping
3	238	0	0	0.0	0.17647058823529413	0.0	14.0	2	140	0	0	0.0	0.125	0.0	8.75	ping
3	238	0	0	0.0	0.1875	0.0	14.875	2	140	0	0	0.0	0.125	0.0	8.75	ping
29	2218	0	0	0.0	1.8125	0.0	138.625	0	0	0	0	0.0	0.0	0.0	0.0	ping
64	6216	5	490	5.0	3.764705882352941	490.0	365.6470588235294	63	6118	5	490	5.0	3.7058823529411766	490.0	359.88235294117646	ping
3	238	0	0	0.0	0.17647058823529413	0.0	14.0	2	140	0	0	0.0	0.11764705882352941	0.0	8.235294117647058	ping
3	238	0	0	0.0	0.1875	0.0	14.875	2	140	0	0	0.0	0.125	0.0	8.75	ping
29	2218	0	0	0.0	1.8125	0.0	138.625	0	0	0	0	0.0	0.0	0.0	0.0	ping
64	6216	5	490	5.0	3.764705882352941	490.0	365.6470588235294	63	6118	5	490	5.0	3.7058823529411766	490.0	359.88235294117646	ping
3	238	0	0	0.0	0.17647058823529413	0.0	14.0	2	140	0	0	0.0	0.11764705882352941	0.0	8.235294117647058	ping
3	238	0	0	0.0	0.17647058823529413	0.0	14.0	2	140	0	0	0.0	0.125	0.0	8.75	ping
29	2218	0	0	0.0	1.8125	0.0	138.625	0	0	0	0	0.0	0.0	0.0	0.0	ping
64	6216	5	490	5.0	3.764705882352941	490.0	365.6470588235294	63	6118	5	490	5.0	3.7058823529411766	490.0	359.88235294117646	ping
3	238	0	0	0.0	0.17647058823529413	0.0	14.0	2	140	0	0	0.0	0.11764705882352941	0.0	8.235294117647058	ping
3	238	0	0	0.0	0.17647058823529413	0.0	14.0	2	140	0	0	0.0	0.11764705882352941	0.0	8.235294117647058	ping
29	2218	0	0	0.0	1.8125	0.0	138.625	0	0	0	0	0.0	0.0	0.0	0.0	ping
64	6216	5	490	5.0	3.764705882352941	490.0	365.6470588235294	63	6118	5	490	5.0	3.7058823529411766	490.0	359.88235294117646	ping
3	238	0	0	0.0	0.17647058823529413	0.0	14.0	2	140	0	0	0.0	0.11764705882352941	0.0	8.235294117647058	ping
3	238	0	0	0.0	0.17647058823529413	0.0	14.0	2	140	0	0	0.0	0.11764705882352941	0.0	8.235294117647058	ping
29	2218	0	0	0.0	1.7058823529411764	0.0	130.47058823529412	0	0	0	0	0.0	0.0	0.0	0.0	ping
69	6706	5	490	5.0	3.8333333333333335	490.0	372.55555555555554	63	6118	5	490	5.0	3.7058823529411766	490.0	359.88235294117646	ping
3	238	0	0	0.0	0.17647058823529413	0.0	14.0	2	140	0	0	0.0	0.11764705882352941	0.0	8.235294117647058	ping
3	238	0	0	0.0	0.17647058823529413	0.0	14.0	2	140	0	0	0.0	0.11764705882352941	0.0	8.235294117647058	ping
29	2218	0	0	0.0	1.7058823529411764	0.0	130.47058823529412	0	0	0	0	0.0	0.0	0.0	0.0	ping
69	6706	5	490	5.0	3.8333333333333335	490.0	372.55555555555554	68	6608	5	490	5.0	3.7777777777777777	490.0	367.1111111111111	ping
3	238	0	0	0.0	0.17647058823529413	0.0	14.0	2	140	0	0	0.0	0.11764705882352941	0.0	8.235294117647058	ping
3	238	0	0	0.0	0.17647058823529413	0.0	14.0	2	140	0	0	0.0	0.11764705882352941	0.0	8.235294117647058	ping
29	2218	0	0	0.0	1.7058823529411764	0.0	130.47058823529412	0	0	0	0	0.0	0.0	0.0	0.0	ping
69	6706	5	490	5.0	3.8333333333333335	490.0	372.55555555555554	68	6608	5	490	5.0	3.7777777777777777	490.0	367.1111111111111	ping
3	238	0	0	0.0	0.16666666666666666	0.0	13.222222222222221	2	140	0	0	0.0	0.11764705882352941	0.0	8.235294117647058	ping
3	238	0	0	0.0	0.17647058823529413	0.0	14.0	2	140	0	0	0.0	0.11764705882352941	0.0	8.235294117647058	ping
29	2218	0	0	0.0	1.7058823529411764	0.0	130.47058823529412	0	0	0	0	0.0	0.0	0.0	0.0	ping
69	6706	5	490	5.0	3.8333333333333335	490.0	372.55555555555554	68	6608	5	490	5.0	3.7777777777777777	490.0	367.1111111111111	ping
3	238	0	0	0.0	0.16666666666666666	0.0	13.222222222222221	2	140	0	0	0.0	0.1111111111111111	0.0	7.777777777777778	ping
3	238	0	0	0.0	0.17647058823529413	0.0	14.0	2	140	0	0	0.0	0.11764705882352941	0.0	8.235294117647058	ping
29	2218	0	0	0.0	1.7058823529411764	0.0	130.47058823529412	0	0	0	0	0.0	0.0	0.0	0.0	ping
69	6706	5	490	5.0	3.8333333333333335	490.0	372.55555555555554	68	6608	5	490	5.0	3.7777777777777777	490.0	367.1111111111111	ping
3	238	0	0	0.0	0.16666666666666666	0.0	13.222222222222221	2	140	0	0	0.0	0.1111111111111111	0.0	7.777777777777778	ping
3	238	0	0	0.0	0.16666666666666666	0.0	13.222222222222221	2	140	0	0	0.0	0.11764705882352941	0.0	8.235294117647058	ping
29	2218	0	0	0.0	1.7058823529411764	0.0	130.47058823529412	0	0	0	0	0.0	0.0	0.0	0.0	ping
69	6706	5	490	5.0	3.8333333333333335	490.0	372.55555555555554	68	6608	5	490	5.0	3.7777777777777777	490.0	367.1111111111111	ping
3	238	0	0	0.0	0.16666666666666666	0.0	13.222222222222221	2	140	0	0	0.0	0.1111111111111111	0.0	7.777777777777778	ping
3	238	0	0	0.0	0.16666666666666666	0.0	13.222222222222221	2	140	0	0	0.0	0.1111111111111111	0.0	7.777777777777778	ping
29	2218	0	0	0.0	1.7058823529411764	0.0	130.47058823529412	0	0	0	0	0.0	0.0	0.0	0.0	ping
69	6706	5	490	5.0	3.8333333333333335	490.0	372.55555555555554	68	6608	5	490	5.0	3.7777777777777777	490.0	367.1111111111111	ping
3	238	0	0	0.0	0.16666666666666666	0.0	13.222222222222221	2	140	0	0	0.0	0.1111111111111111	0.0	7.777777777777778	ping
3	238	0	0	0.0	0.16666666666666666	0.0	13.222222222222221	2	140	0	0	0.0	0.1111111111111111	0.0	7.777777777777778	ping
29	2218	0	0	0.0	1.6111111111111112	0.0	123.22222222222223	0	0	0	0	0.0	0.0	0.0	0.0	ping
74	7196	5	490	5.0	3.8947368421052633	490.0	378.7368421052632	68	6608	5	490	5.0	3.7777777777777777	490.0	367.1111111111111	ping
3	238	0	0	0.0	0.16666666666666666	0.0	13.222222222222221	2	140	0	0	0.0	0.1111111111111111	0.0	7.777777777777778	ping
3	238	0	0	0.0	0.16666666666666666	0.0	13.222222222222221	2	140	0	0	0.0	0.1111111111111111	0.0	7.777777777777778	ping
29	2218	0	0	0.0	1.6111111111111112	0.0	123.22222222222223	0	0	0	0	0.0	0.0	0.0	0.0	ping
74	7196	5	490	5.0	3.8947368421052633	490.0	378.7368421052632	73	7098	5	490	5.0	3.8421052631578947	490.0	373.57894736842104	ping
3	238	0	0	0.0	0.16666666666666666	0.0	13.222222222222221	2	140	0	0	0.0	0.1111111111111111	0.0	7.777777777777778	ping
3	238	0	0	0.0	0.16666666666666666	0.0	13.222222222222221	2	140	0	0	0.0	0.1111111111111111	0.0	7.777777777777778	ping
29	2218	0	0	0.0	1.6111111111111112	0.0	123.22222222222223	0	0	0	0	0.0	0.0	0.0	0.0	ping
74	7196	5	490	5.0	3.8947368421052633	490.0	378.7368421052632	73	7098	5	490	5.0	3.8421052631578947	490.0	373.57894736842104	ping
3	238	0	0	0.0	0.15789473684210525	0.0	12.526315789473685	2	140	0	0	0.0	0.1111111111111111	0.0	7.777777777777778	ping
3	238	0	0	0.0	0.16666666666666666	0.0	13.222222222222221	2	140	0	0	0.0	0.1111111111111111	0.0	7.777777777777778	ping
29	2218	0	0	0.0	1.6111111111111112	0.0	123.22222222222223	0	0	0	0	0.0	0.0	0.0	0.0	ping
74	7196	5	490	5.0	3.8947368421052633	490.0	378.7368421052632	73	7098	5	490	5.0	3.8421052631578947	490.0	373.57894736842104	ping
3	238	0	0	0.0	0.15789473684210525	0.0	12.526315789473685	2	140	0	0	0.0	0.10526315789473684	0.0	7.368421052631579	ping
3	238	0	0	0.0	0.16666666666666666	0.0	13.222222222222221	2	140	0	0	0.0	0.1111111111111111	0.0	7.777777777777778	ping
29	2218	0	0	0.0	1.6111111111111112	0.0	123.22222222222223	0	0	0	0	0.0	0.0	0.0	0.0	ping
74	7196	5	490	5.0	3.8947368421052633	490.0	378.7368421052632	73	7098	5	490	5.0	3.8421052631578947	490.0	373.57894736842104	ping
3	238	0	0	0.0	0.15789473684210525	0.0	12.526315789473685	2	140	0	0	0.0	0.10526315789473684	0.0	7.368421052631579	ping
3	238	0	0	0.0	0.15789473684210525	0.0	12.526315789473685	2	140	0	0	0.0	0.1111111111111111	0.0	7.777777777777778	ping
29	2218	0	0	0.0	1.6111111111111112	0.0	123.22222222222223	0	0	0	0	0.0	0.0	0.0	0.0	ping
74	7196	5	490	5.0	3.8947368421052633	490.0	378.7368421052632	73	7098	5	490	5.0	3.8421052631578947	490.0	373.57894736842104	ping
3	238	0	0	0.0	0.15789473684210525	0.0	12.526315789473685	2	140	0	0	0.0	0.10526315789473684	0.0	7.368421052631579	ping
3	238	0	0	0.0	0.15789473684210525	0.0	12.526315789473685	2	140	0	0	0.0	0.10526315789473684	0.0	7.368421052631579	ping
29	2218	0	0	0.0	1.6111111111111112	0.0	123.22222222222223	0	0	0	0	0.0	0.0	0.0	0.0	ping
74	7196	5	490	5.0	3.8947368421052633	490.0	378.7368421052632	73	7098	5	490	5.0	3.8421052631578947	490.0	373.57894736842104	ping
3	238	0	0	0.0	0.15789473684210525	0.0	12.526315789473685	2	140	0	0	0.0	0.10526315789473684	0.0	7.368421052631579	ping
3	238	0	0	0.0	0.15789473684210525	0.0	12.526315789473685	2	140	0	0	0.0	0.10526315789473684	0.0	7.368421052631579	ping
29	2218	0	0	0.0	1.5263157894736843	0.0	116.73684210526316	0	0	0	0	0.0	0.0	0.0	0.0	ping
79	7686	5	490	5.0	3.95	490.0	384.3	73	7098	5	490	5.0	3.8421052631578947	490.0	373.57894736842104	ping
3	238	0	0	0.0	0.15789473684210525	0.0	12.526315789473685	2	140	0	0	0.0	0.10526315789473684	0.0	7.368421052631579	ping
3	238	0	0	0.0	0.15789473684210525	0.0	12.526315789473685	2	140	0	0	0.0	0.10526315789473684	0.0	7.368421052631579	ping
29	2218	0	0	0.0	1.5263157894736843	0.0	116.73684210526316	0	0	0	0	0.0	0.0	0.0	0.0	ping
79	7686	5	490	5.0	3.95	490.0	384.3	78	7588	5	490	5.0	3.9	490.0	379.4	ping
3	238	0	0	0.0	0.15789473684210525	0.0	12.526315789473685	2	140	0	0	0.0	0.10526315789473684	0.0	7.368421052631579	ping
3	238	0	0	0.0	0.15789473684210525	0.0	12.526315789473685	2	140	0	0	0.0	0.10526315789473684	0.0	7.368421052631579	ping
29	2218	0	0	0.0	1.5263157894736843	0.0	116.73684210526316	0	0	0	0	0.0	0.0	0.0	0.0	ping
79	7686	5	490	5.0	3.95	490.0	384.3	78	7588	5	490	5.0	3.9	490.0	379.4	ping
3	238	0	0	0.0	0.15	0.0	11.9	2	140	0	0	0.0	0.10526315789473684	0.0	7.368421052631579	ping
3	238	0	0	0.0	0.15789473684210525	0.0	12.526315789473685	2	140	0	0	0.0	0.10526315789473684	0.0	7.368421052631579	ping
29	2218	0	0	0.0	1.5263157894736843	0.0	116.73684210526316	0	0	0	0	0.0	0.0	0.0	0.0	ping
79	7686	5	490	5.0	3.95	490.0	384.3	78	7588	5	490	5.0	3.9	490.0	379.4	ping
3	238	0	0	0.0	0.15	0.0	11.9	2	140	0	0	0.0	0.1	0.0	7.0	ping
3	238	0	0	0.0	0.15789473684210525	0.0	12.526315789473685	2	140	0	0	0.0	0.10526315789473684	0.0	7.368421052631579	ping
29	2218	0	0	0.0	1.5263157894736843	0.0	116.73684210526316	0	0	0	0	0.0	0.0	0.0	0.0	ping
79	7686	5	490	5.0	3.95	490.0	384.3	78	7588	5	490	5.0	3.9	490.0	379.4	ping
3	238	0	0	0.0	0.15	0.0	11.9	2	140	0	0	0.0	0.1	0.0	7.0	ping
3	238	0	0	0.0	0.15	0.0	11.9	2	140	0	0	0.0	0.10526315789473684	0.0	7.368421052631579	ping
29	2218	0	0	0.0	1.5263157894736843	0.0	116.73684210526316	0	0	0	0	0.0	0.0	0.0	0.0	ping
79	7686	5	490	5.0	3.95	490.0	384.3	78	7588	5	490	5.0	3.9	490.0	379.4	ping
3	238	0	0	0.0	0.15	0.0	11.9	2	140	0	0	0.0	0.1	0.0	7.0	ping
3	238	0	0	0.0	0.15	0.0	11.9	2	140	0	0	0.0	0.1	0.0	7.0	ping
29	2218	0	0	0.0	1.5263157894736843	0.0	116.73684210526316	0	0	0	0	0.0	0.0	0.0	0.0	ping
79	7686	5	490	5.0	3.95	490.0	384.3	78	7588	5	490	5.0	3.9	490.0	379.4	ping
3	238	0	0	0.0	0.15	0.0	11.9	2	140	0	0	0.0	0.1	0.0	7.0	ping
3	238	0	0	0.0	0.15	0.0	11.9	2	140	0	0	0.0	0.1	0.0	7.0	ping
29	2218	0	0	0.0	1.45	0.0	110.9	0	0	0	0	0.0	0.0	0.0	0.0	ping
84	8176	5	490	5.0	4.0	490.0	389.3333333333333	78	7588	5	490	5.0	3.9	490.0	379.4	ping
3	238	0	0	0.0	0.15	0.0	11.9	2	140	0	0	0.0	0.1	0.0	7.0	ping
3	238	0	0	0.0	0.15	0.0	11.9	2	140	0	0	0.0	0.1	0.0	7.0	ping
29	2218	0	0	0.0	1.45	0.0	110.9	0	0	0	0	0.0	0.0	0.0	0.0	ping
84	8176	5	490	5.0	4.0	490.0	389.3333333333333	83	8078	5	490	5.0	3.9523809523809526	490.0	384.6666666666667	ping
3	238	0	0	0.0	0.15	0.0	11.9	2	140	0	0	0.0	0.1	0.0	7.0	ping
3	238	0	0	0.0	0.15	0.0	11.9	2	140	0	0	0.0	0.1	0.0	7.0	ping
29	2218	0	0	0.0	1.45	0.0	110.9	0	0	0	0	0.0	0.0	0.0	0.0	ping
84	8176	5	490	5.0	4.0	490.0	389.3333333333333	83	8078	5	490	5.0	3.9523809523809526	490.0	384.6666666666667	ping
3	238	0	0	0.0	0.14285714285714285	0.0	11.333333333333334	2	140	0	0	0.0	0.1	0.0	7.0	ping
3	238	0	0	0.0	0.15	0.0	11.9	2	140	0	0	0.0	0.1	0.0	7.0	ping
29	2218	0	0	0.0	1.45	0.0	110.9	0	0	0	0	0.0	0.0	0.0	0.0	ping
84	8176	5	490	5.0	4.0	490.0	389.3333333333333	83	8078	5	490	5.0	3.9523809523809526	490.0	384.6666666666667	ping
3	238	0	0	0.0	0.14285714285714285	0.0	11.333333333333334	2	140	0	0	0.0	0.09523809523809523	0.0	6.666666666666667	ping
3	238	0	0	0.0	0.15	0.0	11.9	2	140	0	0	0.0	0.1	0.0	7.0	ping
29	2218	0	0	0.0	1.45	0.0	110.9	0	0	0	0	0.0	0.0	0.0	0.0	ping
84	8176	5	490	5.0	4.0	490.0	389.3333333333333	83	8078	5	490	5.0	3.9523809523809526	490.0	384.6666666666667	ping
3	238	0	0	0.0	0.14285714285714285	0.0	11.333333333333334	2	140	0	0	0.0	0.09523809523809523	0.0	6.666666666666667	ping
3	238	0	0	0.0	0.14285714285714285	0.0	11.333333333333334	2	140	0	0	0.0	0.1	0.0	7.0	ping
29	2218	0	0	0.0	1.45	0.0	110.9	0	0	0	0	0.0	0.0	0.0	0.0	ping
84	8176	5	490	5.0	4.0	490.0	389.3333333333333	83	8078	5	490	5.0	3.9523809523809526	490.0	384.6666666666667	ping
3	238	0	0	0.0	0.14285714285714285	0.0	11.333333333333334	2	140	0	0	0.0	0.09523809523809523	0.0	6.666666666666667	ping
3	238	0	0	0.0	0.14285714285714285	0.0	11.333333333333334	2	140	0	0	0.0	0.09523809523809523	0.0	6.666666666666667	ping
29	2218	0	0	0.0	1.45	0.0	110.9	0	0	0	0	0.0	0.0	0.0	0.0	ping
84	8176	5	490	5.0	4.0	490.0	389.3333333333333	83	8078	5	490	5.0	3.9523809523809526	490.0	384.6666666666667	ping
3	238	0	0	0.0	0.14285714285714285	0.0	11.333333333333334	2	140	0	0	0.0	0.09523809523809523	0.0	6.666666666666667	ping
3	238	0	0	0.0	0.14285714285714285	0.0	11.333333333333334	2	140	0	0	0.0	0.09523809523809523	0.0	6.666666666666667	ping
29	2218	0	0	0.0	1.380952380952381	0.0	105.61904761904762	0	0	0	0	0.0	0.0	0.0	0.0	ping
89	8666	5	490	5.0	4.045454545454546	490.0	393.90909090909093	83	8078	5	490	5.0	3.9523809523809526	490.0	384.6666666666667	ping
3	238	0	0	0.0	0.14285714285714285	0.0	11.333333333333334	2	140	0	0	0.0	0.09523809523809523	0.0	6.666666666666667	ping
3	238	0	0	0.0	0.14285714285714285	0.0	11.333333333333334	2	140	0	0	0.0	0.09523809523809523	0.0	6.666666666666667	ping
29	2218	0	0	0.0	1.380952380952381	0.0	105.61904761904762	0	0	0	0	0.0	0.0	0.0	0.0	ping
89	8666	5	490	5.0	4.045454545454546	490.0	393.90909090909093	88	8568	5	490	5.0	4.0	490.0	389.45454545454544	ping
3	238	0	0	0.0	0.14285714285714285	0.0	11.333333333333334	2	140	0	0	0.0	0.09523809523809523	0.0	6.666666666666667	ping
3	238	0	0	0.0	0.14285714285714285	0.0	11.333333333333334	2	140	0	0	0.0	0.09523809523809523	0.0	6.666666666666667	ping
29	2218	0	0	0.0	1.380952380952381	0.0	105.61904761904762	0	0	0	0	0.0	0.0	0.0	0.0	ping
89	8666	5	490	5.0	4.045454545454546	490.0	393.90909090909093	88	8568	5	490	5.0	4.0	490.0	389.45454545454544	ping
3	238	0	0	0.0	0.13636363636363635	0.0	10.818181818181818	2	140	0	0	0.0	0.09523809523809523	0.0	6.666666666666667	ping
3	238	0	0	0.0	0.14285714285714285	0.0	11.333333333333334	2	140	0	0	0.0	0.09523809523809523	0.0	6.666666666666667	ping
29	2218	0	0	0.0	1.380952380952381	0.0	105.61904761904762	0	0	0	0	0.0	0.0	0.0	0.0	ping
89	8666	5	490	5.0	4.045454545454546	490.0	393.90909090909093	88	8568	5	490	5.0	4.0	490.0	389.45454545454544	ping
3	238	0	0	0.0	0.13636363636363635	0.0	10.818181818181818	2	140	0	0	0.0	0.09090909090909091	0.0	6.363636363636363	ping
3	238	0	0	0.0	0.14285714285714285	0.0	11.333333333333334	2	140	0	0	0.0	0.09523809523809523	0.0	6.666666666666667	ping
29	2218	0	0	0.0	1.380952380952381	0.0	105.61904761904762	0	0	0	0	0.0	0.0	0.0	0.0	ping
89	8666	5	490	5.0	4.045454545454546	490.0	393.90909090909093	88	8568	5	490	5.0	4.0	490.0	389.45454545454544	ping
3	238	0	0	0.0	0.13636363636363635	0.0	10.818181818181818	2	140	0	0	0.0	0.09090909090909091	0.0	6.363636363636363	ping
3	238	0	0	0.0	0.13636363636363635	0.0	10.818181818181818	2	140	0	0	0.0	0.09523809523809523	0.0	6.666666666666667	ping
29	2218	0	0	0.0	1.380952380952381	0.0	105.61904761904762	0	0	0	0	0.0	0.0	0.0	0.0	ping
89	8666	5	490	5.0	4.045454545454546	490.0	393.90909090909093	88	8568	5	490	5.0	4.0	490.0	389.45454545454544	ping
3	238	0	0	0.0	0.13636363636363635	0.0	10.818181818181818	2	140	0	0	0.0	0.09090909090909091	0.0	6.363636363636363	ping
3	238	0	0	0.0	0.13636363636363635	0.0	10.818181818181818	2	140	0	0	0.0	0.09090909090909091	0.0	6.363636363636363	ping
29	2218	0	0	0.0	1.380952380952381	0.0	105.61904761904762	0	0	0	0	0.0	0.0	0.0	0.0	ping
89	8666	5	490	5.0	4.045454545454546	490.0	393.90909090909093	88	8568	5	490	5.0	4.0	490.0	389.45454545454544	ping
3	238	0	0	0.0	0.13636363636363635	0.0	10.818181818181818	2	140	0	0	0.0	0.09090909090909091	0.0	6.363636363636363	ping
3	238	0	0	0.0	0.13636363636363635	0.0	10.818181818181818	2	140	0	0	0.0	0.09090909090909091	0.0	6.363636363636363	ping
29	2218	0	0	0.0	1.3181818181818181	0.0	100.81818181818181	0	0	0	0	0.0	0.0	0.0	0.0	ping
94	9156	5	490	5.0	4.086956521739131	490.0	398.0869565217391	88	8568	5	490	5.0	4.0	490.0	389.45454545454544	ping
3	238	0	0	0.0	0.13636363636363635	0.0	10.818181818181818	2	140	0	0	0.0	0.09090909090909091	0.0	6.363636363636363	ping
3	238	0	0	0.0	0.13636363636363635	0.0	10.818181818181818	2	140	0	0	0.0	0.09090909090909091	0.0	6.363636363636363	ping
29	2218	0	0	0.0	1.3181818181818181	0.0	100.81818181818181	0	0	0	0	0.0	0.0	0.0	0.0	ping
94	9156	5	490	5.0	4.086956521739131	490.0	398.0869565217391	93	9058	5	490	5.0	4.043478260869565	490.0	393.82608695652175	ping
3	238	0	0	0.0	0.13636363636363635	0.0	10.818181818181818	2	140	0	0	0.0	0.09090909090909091	0.0	6.363636363636363	ping
3	238	0	0	0.0	0.13636363636363635	0.0	10.818181818181818	2	140	0	0	0.0	0.09090909090909091	0.0	6.363636363636363	ping
29	2218	0	0	0.0	1.3181818181818181	0.0	100.81818181818181	0	0	0	0	0.0	0.0	0.0	0.0	ping
94	9156	5	490	5.0	4.086956521739131	490.0	398.0869565217391	93	9058	5	490	5.0	4.043478260869565	490.0	393.82608695652175	ping
3	238	0	0	0.0	0.13043478260869565	0.0	10.347826086956522	2	140	0	0	0.0	0.09090909090909091	0.0	6.363636363636363	ping
3	238	0	0	0.0	0.13636363636363635	0.0	10.818181818181818	2	140	0	0	0.0	0.09090909090909091	0.0	6.363636363636363	ping
29	2218	0	0	0.0	1.3181818181818181	0.0	100.81818181818181	0	0	0	0	0.0	0.0	0.0	0.0	ping
94	9156	5	490	5.0	4.086956521739131	490.0	398.0869565217391	93	9058	5	490	5.0	4.043478260869565	490.0	393.82608695652175	ping
3	238	0	0	0.0	0.13043478260869565	0.0	10.347826086956522	2	140	0	0	0.0	0.08695652173913043	0.0	6.086956521739131	ping
3	238	0	0	0.0	0.13636363636363635	0.0	10.818181818181818	2	140	0	0	0.0	0.09090909090909091	0.0	6.363636363636363	ping
29	2218	0	0	0.0	1.3181818181818181	0.0	100.81818181818181	0	0	0	0	0.0	0.0	0.0	0.0	ping
94	9156	5	490	5.0	4.086956521739131	490.0	398.0869565217391	93	9058	5	490	5.0	4.043478260869565	490.0	393.82608695652175	ping
3	238	0	0	0.0	0.13043478260869565	0.0	10.347826086956522	2	140	0	0	0.0	0.08695652173913043	0.0	6.086956521739131	ping
3	238	0	0	0.0	0.13043478260869565	0.0	10.347826086956522	2	140	0	0	0.0	0.09090909090909091	0.0	6.363636363636363	ping
29	2218	0	0	0.0	1.3181818181818181	0.0	100.81818181818181	0	0	0	0	0.0	0.0	0.0	0.0	ping
94	9156	5	490	5.0	4.086956521739131	490.0	398.0869565217391	93	9058	5	490	5.0	4.043478260869565	490.0	393.82608695652175	ping
3	238	0	0	0.0	0.13043478260869565	0.0	10.347826086956522	2	140	0	0	0.0	0.08695652173913043	0.0	6.086956521739131	ping
3	238	0	0	0.0	0.13043478260869565	0.0	10.347826086956522	2	140	0	0	0.0	0.08695652173913043	0.0	6.086956521739131	ping
29	2218	0	0	0.0	1.3181818181818181	0.0	100.81818181818181	0	0	0	0	0.0	0.0	0.0	0.0	ping
94	9156	5	490	5.0	4.086956521739131	490.0	398.0869565217391	93	9058	5	490	5.0	4.043478260869565	490.0	393.82608695652175	ping
3	238	0	0	0.0	0.13043478260869565	0.0	10.347826086956522	2	140	0	0	0.0	0.08695652173913043	0.0	6.086956521739131	ping
3	238	0	0	0.0	0.13043478260869565	0.0	10.347826086956522	2	140	0	0	0.0	0.08695652173913043	0.0	6.086956521739131	ping
29	2218	0	0	0.0	1.2608695652173914	0.0	96.43478260869566	0	0	0	0	0.0	0.0	0.0	0.0	ping
98	9548	4	392	4.0	4.083333333333333	392.0	397.8333333333333	93	9058	5	490	5.0	4.043478260869565	490.0	393.82608695652175	ping
3	238	0	0	0.0	0.13043478260869565	0.0	10.347826086956522	2	140	0	0	0.0	0.08695652173913043	0.0	6.086956521739131	ping
3	238	0	0	0.0	0.13043478260869565	0.0	10.347826086956522	2	140	0	0	0.0	0.08695652173913043	0.0	6.086956521739131	ping
29	2218	0	0	0.0	1.2608695652173914	0.0	96.43478260869566	0	0	0	0	0.0	0.0	0.0	0.0	ping
98	9548	4	392	4.0	4.083333333333333	392.0	397.8333333333333	97	9450	4	392	4.0	4.041666666666667	392.0	393.75	ping
3	238	0	0	0.0	0.13043478260869565	0.0	10.347826086956522	2	140	0	0	0.0	0.08695652173913043	0.0	6.086956521739131	ping
3	238	0	0	0.0	0.13043478260869565	0.0	10.347826086956522	2	140	0	0	0.0	0.08695652173913043	0.0	6.086956521739131	ping
29	2218	0	0	0.0	1.2608695652173914	0.0	96.43478260869566	0	0	0	0	0.0	0.0	0.0	0.0	ping
98	9548	4	392	4.0	4.083333333333333	392.0	397.8333333333333	97	9450	4	392	4.0	4.041666666666667	392.0	393.75	ping
3	238	0	0	0.0	0.125	0.0	9.916666666666666	2	140	0	0	0.0	0.08695652173913043	0.0	6.086956521739131	ping
3	238	0	0	0.0	0.13043478260869565	0.0	10.347826086956522	2	140	0	0	0.0	0.08695652173913043	0.0	6.086956521739131	ping
29	2218	0	0	0.0	1.2608695652173914	0.0	96.43478260869566	0	0	0	0	0.0	0.0	0.0	0.0	ping
98	9548	4	392	4.0	4.083333333333333	392.0	397.8333333333333	97	9450	4	392	4.0	4.041666666666667	392.0	393.75	ping
3	238	0	0	0.0	0.125	0.0	9.916666666666666	2	140	0	0	0.0	0.08333333333333333	0.0	5.833333333333333	ping
3	238	0	0	0.0	0.13043478260869565	0.0	10.347826086956522	2	140	0	0	0.0	0.08695652173913043	0.0	6.086956521739131	ping
29	2218	0	0	0.0	1.2608695652173914	0.0	96.43478260869566	0	0	0	0	0.0	0.0	0.0	0.0	ping
98	9548	4	392	4.0	4.083333333333333	392.0	397.8333333333333	97	9450	4	392	4.0	4.041666666666667	392.0	393.75	ping
3	238	0	0	0.0	0.125	0.0	9.916666666666666	2	140	0	0	0.0	0.08333333333333333	0.0	5.833333333333333	ping
3	238	0	0	0.0	0.125	0.0	9.916666666666666	2	140	0	0	0.0	0.08695652173913043	0.0	6.086956521739131	ping
29	2218	0	0	0.0	1.2608695652173914	0.0	96.43478260869566	0	0	0	0	0.0	0.0	0.0	0.0	ping
98	9548	4	392	4.0	4.083333333333333	392.0	397.8333333333333	97	9450	4	392	4.0	4.041666666666667	392.0	393.75	ping
3	238	0	0	0.0	0.125	0.0	9.916666666666666	2	140	0	0	0.0	0.08333333333333333	0.0	5.833333333333333	ping
3	238	0	0	0.0	0.125	0.0	9.916666666666666	2	140	0	0	0.0	0.08333333333333333	0.0	5.833333333333333	ping
29	2218	0	0	0.0	1.2608695652173914	0.0	96.43478260869566	0	0	0	0	0.0	0.0	0.0	0.0	ping
98	9548	4	392	4.0	4.083333333333333	392.0	397.8333333333333	97	9450	4	392	4.0	4.041666666666667	392.0	393.75	ping
3	238	0	0	0.0	0.125	0.0	9.916666666666666	2	140	0	0	0.0	0.08333333333333333	0.0	5.833333333333333	ping
3	238	0	0	0.0	0.125	0.0	9.916666666666666	2	140	0	0	0.0	0.08333333333333333	0.0	5.833333333333333	ping
29	2218	0	0	0.0	1.2083333333333333	0.0	92.41666666666667	0	0	0	0	0.0	0.0	0.0	0.0	ping
103	10038	5	490	5.0	4.12	490.0	401.52	97	9450	4	392	4.0	4.041666666666667	392.0	393.75	ping
3	238	0	0	0.0	0.125	0.0	9.916666666666666	2	140	0	0	0.0	0.08333333333333333	0.0	5.833333333333333	ping
3	238	0	0	0.0	0.125	0.0	9.916666666666666	2	140	0	0	0.0	0.08333333333333333	0.0	5.833333333333333	ping
29	2218	0	0	0.0	1.2083333333333333	0.0	92.41666666666667	0	0	0	0	0.0	0.0	0.0	0.0	ping
103	10038	5	490	5.0	4.12	490.0	401.52	102	9940	5	490	5.0	4.08	490.0	397.6	ping
3	238	0	0	0.0	0.125	0.0	9.916666666666666	2	140	0	0	0.0	0.08333333333333333	0.0	5.833333333333333	ping
3	238	0	0	0.0	0.125	0.0	9.916666666666666	2	140	0	0	0.0	0.08333333333333333	0.0	5.833333333333333	ping
29	2218	0	0	0.0	1.2083333333333333	0.0	92.41666666666667	0	0	0	0	0.0	0.0	0.0	0.0	ping
103	10038	5	490	5.0	4.12	490.0	401.52	102	9940	5	490	5.0	4.08	490.0	397.6	ping
3	238	0	0	0.0	0.12	0.0	9.52	2	140	0	0	0.0	0.08333333333333333	0.0	5.833333333333333	ping
3	238	0	0	0.0	0.125	0.0	9.916666666666666	2	140	0	0	0.0	0.08333333333333333	0.0	5.833333333333333	ping
29	2218	0	0	0.0	1.2083333333333333	0.0	92.41666666666667	0	0	0	0	0.0	0.0	0.0	0.0	ping
103	10038	5	490	5.0	4.12	490.0	401.52	102	9940	5	490	5.0	4.08	490.0	397.6	ping
3	238	0	0	0.0	0.12	0.0	9.52	2	140	0	0	0.0	0.08	0.0	5.6	ping
3	238	0	0	0.0	0.125	0.0	9.916666666666666	2	140	0	0	0.0	0.08333333333333333	0.0	5.833333333333333	ping
29	2218	0	0	0.0	1.2083333333333333	0.0	92.41666666666667	0	0	0	0	0.0	0.0	0.0	0.0	ping
103	10038	5	490	5.0	4.12	490.0	401.52	102	9940	5	490	5.0	4.08	490.0	397.6	ping
3	238	0	0	0.0	0.12	0.0	9.52	2	140	0	0	0.0	0.08	0.0	5.6	ping
3	238	0	0	0.0	0.12	0.0	9.52	2	140	0	0	0.0	0.08333333333333333	0.0	5.833333333333333	ping
29	2218	0	0	0.0	1.2083333333333333	0.0	92.41666666666667	0	0	0	0	0.0	0.0	0.0	0.0	ping
103	10038	5	490	5.0	4.12	490.0	401.52	102	9940	5	490	5.0	4.08	490.0	397.6	ping
3	238	0	0	0.0	0.12	0.0	9.52	2	140	0	0	0.0	0.08	0.0	5.6	ping
3	238	0	0	0.0	0.12	0.0	9.52	2	140	0	0	0.0	0.08	0.0	5.6	ping
29	2218	0	0	0.0	1.2083333333333333	0.0	92.41666666666667	0	0	0	0	0.0	0.0	0.0	0.0	ping
103	10038	5	490	5.0	4.12	490.0	401.52	102	9940	5	490	5.0	4.08	490.0	397.6	ping
3	238	0	0	0.0	0.12	0.0	9.52	2	140	0	0	0.0	0.08	0.0	5.6	ping
3	238	0	0	0.0	0.12	0.0	9.52	2	140	0	0	0.0	0.08	0.0	5.6	ping
29	2218	0	0	0.0	1.16	0.0	88.72	0	0	0	0	0.0	0.0	0.0	0.0	ping
108	10528	5	490	5.0	4.153846153846154	490.0	404.9230769230769	102	9940	5	490	5.0	4.08	490.0	397.6	ping
3	238	0	0	0.0	0.12	0.0	9.52	2	140	0	0	0.0	0.08	0.0	5.6	ping
3	238	0	0	0.0	0.12	0.0	9.52	2	140	0	0	0.0	0.08	0.0	5.6	ping
29	2218	0	0	0.0	1.16	0.0	88.72	0	0	0	0	0.0	0.0	0.0	0.0	ping
108	10528	5	490	5.0	4.153846153846154	490.0	404.9230769230769	107	10430	5	490	5.0	4.115384615384615	490.0	401.15384615384613	ping
3	238	0	0	0.0	0.12	0.0	9.52	2	140	0	0	0.0	0.08	0.0	5.6	ping
3	238	0	0	0.0	0.12	0.0	9.52	2	140	0	0	0.0	0.08	0.0	5.6	ping
29	2218	0	0	0.0	1.16	0.0	88.72	0	0	0	0	0.0	0.0	0.0	0.0	ping
108	10528	5	490	5.0	4.153846153846154	490.0	404.9230769230769	107	10430	5	490	5.0	4.115384615384615	490.0	401.15384615384613	ping
3	238	0	0	0.0	0.11538461538461539	0.0	9.153846153846153	2	140	0	0	0.0	0.08	0.0	5.6	ping
3	238	0	0	0.0	0.12	0.0	9.52	2	140	0	0	0.0	0.08	0.0	5.6	ping
29	2218	0	0	0.0	1.16	0.0	88.72	0	0	0	0	0.0	0.0	0.0	0.0	ping
108	10528	5	490	5.0	4.153846153846154	490.0	404.9230769230769	107	10430	5	490	5.0	4.115384615384615	490.0	401.15384615384613	ping
3	238	0	0	0.0	0.11538461538461539	0.0	9.153846153846153	2	140	0	0	0.0	0.07692307692307693	0.0	5.384615384615385	ping
3	238	0	0	0.0	0.12	0.0	9.52	2	140	0	0	0.0	0.08	0.0	5.6	ping
29	2218	0	0	0.0	1.16	0.0	88.72	0	0	0	0	0.0	0.0	0.0	0.0	ping
108	10528	5	490	5.0	4.153846153846154	490.0	404.9230769230769	107	10430	5	490	5.0	4.115384615384615	490.0	401.15384615384613	ping
3	238	0	0	0.0	0.11538461538461539	0.0	9.153846153846153	2	140	0	0	0.0	0.07692307692307693	0.0	5.384615384615385	ping
3	238	0	0	0.0	0.11538461538461539	0.0	9.153846153846153	2	140	0	0	0.0	0.08	0.0	5.6	ping
29	2218	0	0	0.0	1.16	0.0	88.72	0	0	0	0	0.0	0.0	0.0	0.0	ping
108	10528	5	490	5.0	4.153846153846154	490.0	404.9230769230769	107	10430	5	490	5.0	4.115384615384615	490.0	401.15384615384613	ping
3	238	0	0	0.0	0.11538461538461539	0.0	9.153846153846153	2	140	0	0	0.0	0.07692307692307693	0.0	5.384615384615385	ping
3	238	0	0	0.0	0.11538461538461539	0.0	9.153846153846153	2	140	0	0	0.0	0.07692307692307693	0.0	5.384615384615385	ping
29	2218	0	0	0.0	1.16	0.0	88.72	0	0	0	0	0.0	0.0	0.0	0.0	ping
108	10528	5	490	5.0	4.153846153846154	490.0	404.9230769230769	107	10430	5	490	5.0	4.115384615384615	490.0	401.15384615384613	ping
3	238	0	0	0.0	0.11538461538461539	0.0	9.153846153846153	2	140	0	0	0.0	0.07692307692307693	0.0	5.384615384615385	ping
3	238	0	0	0.0	0.11538461538461539	0.0	9.153846153846153	2	140	0	0	0.0	0.07692307692307693	0.0	5.384615384615385	ping
30	2288	1	70	1.0	1.1538461538461537	70.0	88.0	0	0	0	0	0.0	0.0	0.0	0.0	ping
113	11018	5	490	5.0	4.185185185185185	490.0	408.0740740740741	107	10430	5	490	5.0	4.115384615384615	490.0	401.15384615384613	ping
3	238	0	0	0.0	0.11538461538461539	0.0	9.153846153846153	2	140	0	0	0.0	0.07692307692307693	0.0	5.384615384615385	ping
3	238	0	0	0.0	0.11538461538461539	0.0	9.153846153846153	2	140	0	0	0.0	0.07692307692307693	0.0	5.384615384615385	ping
30	2288	1	70	1.0	1.1538461538461537	70.0	88.0	0	0	0	0	0.0	0.0	0.0	0.0	ping
113	11018	5	490	5.0	4.185185185185185	490.0	408.0740740740741	112	10920	5	490	5.0	4.148148148148148	490.0	404.44444444444446	ping
3	238	0	0	0.0	0.11538461538461539	0.0	9.153846153846153	2	140	0	0	0.0	0.07692307692307693	0.0	5.384615384615385	ping
3	238	0	0	0.0	0.11538461538461539	0.0	9.153846153846153	2	140	0	0	0.0	0.07692307692307693	0.0	5.384615384615385	ping
30	2288	1	70	1.0	1.1538461538461537	70.0	88.0	0	0	0	0	0.0	0.0	0.0	0.0	ping
113	11018	5	490	5.0	4.185185185185185	490.0	408.0740740740741	112	10920	5	490	5.0	4.148148148148148	490.0	404.44444444444446	ping
3	238	0	0	0.0	0.1111111111111111	0.0	8.814814814814815	2	140	0	0	0.0	0.07692307692307693	0.0	5.384615384615385	ping
3	238	0	0	0.0	0.11538461538461539	0.0	9.153846153846153	2	140	0	0	0.0	0.07692307692307693	0.0	5.384615384615385	ping
30	2288	1	70	1.0	1.1538461538461537	70.0	88.0	0	0	0	0	0.0	0.0	0.0	0.0	ping
113	11018	5	490	5.0	4.185185185185185	490.0	408.0740740740741	112	10920	5	490	5.0	4.148148148148148	490.0	404.44444444444446	ping
3	238	0	0	0.0	0.1111111111111111	0.0	8.814814814814815	2	140	0	0	0.0	0.07407407407407407	0.0	5.185185185185185	ping
3	238	0	0	0.0	0.11538461538461539	0.0	9.153846153846153	2	140	0	0	0.0	0.07692307692307693	0.0	5.384615384615385	ping
30	2288	1	70	1.0	1.1538461538461537	70.0	88.0	0	0	0	0	0.0	0.0	0.0	0.0	ping
113	11018	5	490	5.0	4.185185185185185	490.0	408.0740740740741	112	10920	5	490	5.0	4.148148148148148	490.0	404.44444444444446	ping
3	238	0	0	0.0	0.1111111111111111	0.0	8.814814814814815	2	140	0	0	0.0	0.07407407407407407	0.0	5.185185185185185	ping
3	238	0	0	0.0	0.1111111111111111	0.0	8.814814814814815	2	140	0	0	0.0	0.07692307692307693	0.0	5.384615384615385	ping
30	2288	1	70	1.0	1.1538461538461537	70.0	88.0	0	0	0	0	0.0	0.0	0.0	0.0	ping
113	11018	5	490	5.0	4.185185185185185	490.0	408.0740740740741	112	10920	5	490	5.0	4.148148148148148	490.0	404.44444444444446	ping
3	238	0	0	0.0	0.1111111111111111	0.0	8.814814814814815	2	140	0	0	0.0	0.07407407407407407	0.0	5.185185185185185	ping
3	238	0	0	0.0	0.1111111111111111	0.0	8.814814814814815	2	140	0	0	0.0	0.07407407407407407	0.0	5.185185185185185	ping
30	2288	1	70	1.0	1.1538461538461537	70.0	88.0	0	0	0	0	0.0	0.0	0.0	0.0	ping
113	11018	5	490	5.0	4.185185185185185	490.0	408.0740740740741	112	10920	5	490	5.0	4.148148148148148	490.0	404.44444444444446	ping
3	238	0	0	0.0	0.1111111111111111	0.0	8.814814814814815	2	140	0	0	0.0	0.07407407407407407	0.0	5.185185185185185	ping
3	238	0	0	0.0	0.1111111111111111	0.0	8.814814814814815	2	140	0	0	0.0	0.07407407407407407	0.0	5.185185185185185	ping
30	2288	0	0	0.0	1.1111111111111112	0.0	84.74074074074075	0	0	0	0	0.0	0.0	0.0	0.0	ping
118	11508	5	490	5.0	4.214285714285714	490.0	411.0	112	10920	5	490	5.0	4.148148148148148	490.0	404.44444444444446	ping
3	238	0	0	0.0	0.1111111111111111	0.0	8.814814814814815	2	140	0	0	0.0	0.07407407407407407	0.0	5.185185185185185	ping
3	238	0	0	0.0	0.1111111111111111	0.0	8.814814814814815	2	140	0	0	0.0	0.07407407407407407	0.0	5.185185185185185	ping
30	2288	0	0	0.0	1.1111111111111112	0.0	84.74074074074075	0	0	0	0	0.0	0.0	0.0	0.0	ping
118	11508	5	490	5.0	4.214285714285714	490.0	411.0	117	11410	5	490	5.0	4.178571428571429	490.0	407.5	ping
3	238	0	0	0.0	0.1111111111111111	0.0	8.814814814814815	2	140	0	0	0.0	0.07407407407407407	0.0	5.185185185185185	ping
3	238	0	0	0.0	0.1111111111111111	0.0	8.814814814814815	2	140	0	0	0.0	0.07407407407407407	0.0	5.185185185185185	ping
30	2288	0	0	0.0	1.1111111111111112	0.0	84.74074074074075	0	0	0	0	0.0	0.0	0.0	0.0	ping
118	11508	5	490	5.0	4.214285714285714	490.0	411.0	117	11410	5	490	5.0	4.178571428571429	490.0	407.5	ping
3	238	0	0	0.0	0.10714285714285714	0.0	8.5	2	140	0	0	0.0	0.07407407407407407	0.0	5.185185185185185	ping
3	238	0	0	0.0	0.1111111111111111	0.0	8.814814814814815	2	140	0	0	0.0	0.07407407407407407	0.0	5.185185185185185	ping
30	2288	0	0	0.0	1.1111111111111112	0.0	84.74074074074075	0	0	0	0	0.0	0.0	0.0	0.0	ping
118	11508	5	490	5.0	4.214285714285714	490.0	411.0	117	11410	5	490	5.0	4.178571428571429	490.0	407.5	ping
3	238	0	0	0.0	0.10714285714285714	0.0	8.5	2	140	0	0	0.0	0.07142857142857142	0.0	5.0	ping
3	238	0	0	0.0	0.1111111111111111	0.0	8.814814814814815	2	140	0	0	0.0	0.07407407407407407	0.0	5.185185185185185	ping
30	2288	0	0	0.0	1.1111111111111112	0.0	84.74074074074075	0	0	0	0	0.0	0.0	0.0	0.0	ping
118	11508	5	490	5.0	4.214285714285714	490.0	411.0	117	11410	5	490	5.0	4.178571428571429	490.0	407.5	ping
3	238	0	0	0.0	0.10714285714285714	0.0	8.5	2	140	0	0	0.0	0.07142857142857142	0.0	5.0	ping
3	238	0	0	0.0	0.10714285714285714	0.0	8.5	2	140	0	0	0.0	0.07407407407407407	0.0	5.185185185185185	ping
30	2288	0	0	0.0	1.1111111111111112	0.0	84.74074074074075	0	0	0	0	0.0	0.0	0.0	0.0	ping
118	11508	5	490	5.0	4.214285714285714	490.0	411.0	117	11410	5	490	5.0	4.178571428571429	490.0	407.5	ping
3	238	0	0	0.0	0.10714285714285714	0.0	8.5	2	140	0	0	0.0	0.07142857142857142	0.0	5.0	ping
3	238	0	0	0.0	0.10714285714285714	0.0	8.5	2	140	0	0	0.0	0.07142857142857142	0.0	5.0	ping
30	2288	0	0	0.0	1.1111111111111112	0.0	84.74074074074075	0	0	0	0	0.0	0.0	0.0	0.0	ping
118	11508	5	490	5.0	4.214285714285714	490.0	411.0	117	11410	5	490	5.0	4.178571428571429	490.0	407.5	ping
3	238	0	0	0.0	0.10714285714285714	0.0	8.5	2	140	0	0	0.0	0.07142857142857142	0.0	5.0	ping
3	238	0	0	0.0	0.10714285714285714	0.0	8.5	2	140	0	0	0.0	0.07142857142857142	0.0	5.0	ping
30	2288	0	0	0.0	1.0714285714285714	0.0	81.71428571428571	0	0	0	0	0.0	0.0	0.0	0.0	ping
123	11998	5	490	5.0	4.241379310344827	490.0	413.7241379310345	117	11410	5	490	5.0	4.178571428571429	490.0	407.5	ping
3	238	0	0	0.0	0.10714285714285714	0.0	8.5	2	140	0	0	0.0	0.07142857142857142	0.0	5.0	ping
3	238	0	0	0.0	0.10714285714285714	0.0	8.5	2	140	0	0	0.0	0.07142857142857142	0.0	5.0	ping
30	2288	0	0	0.0	1.0714285714285714	0.0	81.71428571428571	0	0	0	0	0.0	0.0	0.0	0.0	ping
123	11998	5	490	5.0	4.241379310344827	490.0	413.7241379310345	122	11900	5	490	5.0	4.206896551724138	490.0	410.3448275862069	ping
3	238	0	0	0.0	0.10714285714285714	0.0	8.5	2	140	0	0	0.0	0.07142857142857142	0.0	5.0	ping
3	238	0	0	0.0	0.10714285714285714	0.0	8.5	2	140	0	0	0.0	0.07142857142857142	0.0	5.0	ping
30	2288	0	0	0.0	1.0714285714285714	0.0	81.71428571428571	0	0	0	0	0.0	0.0	0.0	0.0	ping
123	11998	5	490	5.0	4.241379310344827	490.0	413.7241379310345	122	11900	5	490	5.0	4.206896551724138	490.0	410.3448275862069	ping
3	238	0	0	0.0	0.10344827586206896	0.0	8.206896551724139	2	140	0	0	0.0	0.07142857142857142	0.0	5.0	ping
3	238	0	0	0.0	0.10714285714285714	0.0	8.5	2	140	0	0	0.0	0.07142857142857142	0.0	5.0	ping
30	2288	0	0	0.0	1.0714285714285714	0.0	81.71428571428571	0	0	0	0	0.0	0.0	0.0	0.0	ping
123	11998	5	490	5.0	4.241379310344827	490.0	413.7241379310345	122	11900	5	490	5.0	4.206896551724138	490.0	410.3448275862069	ping
3	238	0	0	0.0	0.10344827586206896	0.0	8.206896551724139	2	140	0	0	0.0	0.06896551724137931	0.0	4.827586206896552	ping
3	238	0	0	0.0	0.10714285714285714	0.0	8.5	2	140	0	0	0.0	0.07142857142857142	0.0	5.0	ping
30	2288	0	0	0.0	1.0714285714285714	0.0	81.71428571428571	0	0	0	0	0.0	0.0	0.0	0.0	ping
123	11998	5	490	5.0	4.241379310344827	490.0	413.7241379310345	122	11900	5	490	5.0	4.206896551724138	490.0	410.3448275862069	ping
3	238	0	0	0.0	0.10344827586206896	0.0	8.206896551724139	2	140	0	0	0.0	0.06896551724137931	0.0	4.827586206896552	ping
3	238	0	0	0.0	0.10344827586206896	0.0	8.206896551724139	2	140	0	0	0.0	0.07142857142857142	0.0	5.0	ping
30	2288	0	0	0.0	1.0714285714285714	0.0	81.71428571428571	0	0	0	0	0.0	0.0	0.0	0.0	ping
123	11998	5	490	5.0	4.241379310344827	490.0	413.7241379310345	122	11900	5	490	5.0	4.206896551724138	490.0	410.3448275862069	ping
3	238	0	0	0.0	0.10344827586206896	0.0	8.206896551724139	2	140	0	0	0.0	0.06896551724137931	0.0	4.827586206896552	ping
3	238	0	0	0.0	0.10344827586206896	0.0	8.206896551724139	2	140	0	0	0.0	0.06896551724137931	0.0	4.827586206896552	ping
30	2288	0	0	0.0	1.0714285714285714	0.0	81.71428571428571	0	0	0	0	0.0	0.0	0.0	0.0	ping
123	11998	5	490	5.0	4.241379310344827	490.0	413.7241379310345	122	11900	5	490	5.0	4.206896551724138	490.0	410.3448275862069	ping
3	238	0	0	0.0	0.10344827586206896	0.0	8.206896551724139	2	140	0	0	0.0	0.06896551724137931	0.0	4.827586206896552	ping
3	238	0	0	0.0	0.10344827586206896	0.0	8.206896551724139	2	140	0	0	0.0	0.06896551724137931	0.0	4.827586206896552	ping
30	2288	0	0	0.0	1.0344827586206897	0.0	78.89655172413794	0	0	0	0	0.0	0.0	0.0	0.0	ping
129	12530	6	532	6.0	4.3	532.0	417.6666666666667	122	11900	5	490	5.0	4.206896551724138	490.0	410.3448275862069	ping
3	238	0	0	0.0	0.10344827586206896	0.0	8.206896551724139	2	140	0	0	0.0	0.06896551724137931	0.0	4.827586206896552	ping
3	238	0	0	0.0	0.10344827586206896	0.0	8.206896551724139	2	140	0	0	0.0	0.06896551724137931	0.0	4.827586206896552	ping
30	2288	0	0	0.0	1.0344827586206897	0.0	78.89655172413794	0	0	0	0	0.0	0.0	0.0	0.0	ping
129	12530	6	532	6.0	4.3	532.0	417.6666666666667	128	12432	6	532	6.0	4.266666666666667	532.0	414.4	ping
3	238	0	0	0.0	0.10344827586206896	0.0	8.206896551724139	2	140	0	0	0.0	0.06896551724137931	0.0	4.827586206896552	ping
3	238	0	0	0.0	0.10344827586206896	0.0	8.206896551724139	2	140	0	0	0.0	0.06896551724137931	0.0	4.827586206896552	ping
30	2288	0	0	0.0	1.0344827586206897	0.0	78.89655172413794	0	0	0	0	0.0	0.0	0.0	0.0	ping
129	12530	6	532	6.0	4.3	532.0	417.6666666666667	128	12432	6	532	6.0	4.266666666666667	532.0	414.4	ping
3	238	0	0	0.0	0.1	0.0	7.933333333333334	2	140	0	0	0.0	0.06896551724137931	0.0	4.827586206896552	ping
3	238	0	0	0.0	0.10344827586206896	0.0	8.206896551724139	2	140	0	0	0.0	0.06896551724137931	0.0	4.827586206896552	ping
30	2288	0	0	0.0	1.0344827586206897	0.0	78.89655172413794	0	0	0	0	0.0	0.0	0.0	0.0	ping
129	12530	6	532	6.0	4.3	532.0	417.6666666666667	128	12432	6	532	6.0	4.266666666666667	532.0	414.4	ping
3	238	0	0	0.0	0.1	0.0	7.933333333333334	2	140	0	0	0.0	0.06666666666666667	0.0	4.666666666666667	ping
3	238	0	0	0.0	0.10344827586206896	0.0	8.206896551724139	2	140	0	0	0.0	0.06896551724137931	0.0	4.827586206896552	ping
30	2288	0	0	0.0	1.0344827586206897	0.0	78.89655172413794	0	0	0	0	0.0	0.0	0.0	0.0	ping
129	12530	6	532	6.0	4.3	532.0	417.6666666666667	128	12432	6	532	6.0	4.266666666666667	532.0	414.4	ping
3	238	0	0	0.0	0.1	0.0	7.933333333333334	2	140	0	0	0.0	0.06666666666666667	0.0	4.666666666666667	ping
3	238	0	0	0.0	0.1	0.0	7.933333333333334	2	140	0	0	0.0	0.06896551724137931	0.0	4.827586206896552	ping
30	2288	0	0	0.0	1.0344827586206897	0.0	78.89655172413794	0	0	0	0	0.0	0.0	0.0	0.0	ping
129	12530	6	532	6.0	4.3	532.0	417.6666666666667	128	12432	6	532	6.0	4.266666666666667	532.0	414.4	ping
3	238	0	0	0.0	0.1	0.0	7.933333333333334	2	140	0	0	0.0	0.06666666666666667	0.0	4.666666666666667	ping
3	238	0	0	0.0	0.1	0.0	7.933333333333334	2	140	0	0	0.0	0.06666666666666667	0.0	4.666666666666667	ping
30	2288	0	0	0.0	1.0344827586206897	0.0	78.89655172413794	0	0	0	0	0.0	0.0	0.0	0.0	ping
129	12530	6	532	6.0	4.3	532.0	417.6666666666667	128	12432	6	532	6.0	4.266666666666667	532.0	414.4	ping
3	238	0	0	0.0	0.1	0.0	7.933333333333334	2	140	0	0	0.0	0.06666666666666667	0.0	4.666666666666667	ping
3	238	0	0	0.0	0.1	0.0	7.933333333333334	2	140	0	0	0.0	0.06666666666666667	0.0	4.666666666666667	ping
30	2288	0	0	0.0	1.0	0.0	76.26666666666667	0	0	0	0	0.0	0.0	0.0	0.0	ping
134	13020	5	490	5.0	4.32258064516129	490.0	420.0	128	12432	6	532	6.0	4.266666666666667	532.0	414.4	ping
3	238	0	0	0.0	0.1	0.0	7.933333333333334	2	140	0	0	0.0	0.06666666666666667	0.0	4.666666666666667	ping
3	238	0	0	0.0	0.1	0.0	7.933333333333334	2	140	0	0	0.0	0.06666666666666667	0.0	4.666666666666667	ping
30	2288	0	0	0.0	1.0	0.0	76.26666666666667	0	0	0	0	0.0	0.0	0.0	0.0	ping
134	13020	5	490	5.0	4.32258064516129	490.0	420.0	133	12922	5	490	5.0	4.290322580645161	490.0	416.83870967741933	ping
3	238	0	0	0.0	0.1	0.0	7.933333333333334	2	140	0	0	0.0	0.06666666666666667	0.0	4.666666666666667	ping
3	238	0	0	0.0	0.1	0.0	7.933333333333334	2	140	0	0	0.0	0.06666666666666667	0.0	4.666666666666667	ping
30	2288	0	0	0.0	1.0	0.0	76.26666666666667	0	0	0	0	0.0	0.0	0.0	0.0	ping
134	13020	5	490	5.0	4.32258064516129	490.0	420.0	133	12922	5	490	5.0	4.290322580645161	490.0	416.83870967741933	ping
3	238	0	0	0.0	0.0967741935483871	0.0	7.67741935483871	2	140	0	0	0.0	0.06666666666666667	0.0	4.666666666666667	ping
3	238	0	0	0.0	0.1	0.0	7.933333333333334	2	140	0	0	0.0	0.06666666666666667	0.0	4.666666666666667	ping
30	2288	0	0	0.0	1.0	0.0	76.26666666666667	0	0	0	0	0.0	0.0	0.0	0.0	ping
134	13020	5	490	5.0	4.32258064516129	490.0	420.0	133	12922	5	490	5.0	4.290322580645161	490.0	416.83870967741933	ping
3	238	0	0	0.0	0.0967741935483871	0.0	7.67741935483871	2	140	0	0	0.0	0.06451612903225806	0.0	4.516129032258065	ping
3	238	0	0	0.0	0.1	0.0	7.933333333333334	2	140	0	0	0.0	0.06666666666666667	0.0	4.666666666666667	ping
30	2288	0	0	0.0	1.0	0.0	76.26666666666667	0	0	0	0	0.0	0.0	0.0	0.0	ping
134	13020	5	490	5.0	4.32258064516129	490.0	420.0	133	12922	5	490	5.0	4.290322580645161	490.0	416.83870967741933	ping
3	238	0	0	0.0	0.0967741935483871	0.0	7.67741935483871	2	140	0	0	0.0	0.06451612903225806	0.0	4.516129032258065	ping
3	238	0	0	0.0	0.0967741935483871	0.0	7.67741935483871	2	140	0	0	0.0	0.06666666666666667	0.0	4.666666666666667	ping
30	2288	0	0	0.0	1.0	0.0	76.26666666666667	0	0	0	0	0.0	0.0	0.0	0.0	ping
134	13020	5	490	5.0	4.32258064516129	490.0	420.0	133	12922	5	490	5.0	4.290322580645161	490.0	416.83870967741933	ping
3	238	0	0	0.0	0.0967741935483871	0.0	7.67741935483871	2	140	0	0	0.0	0.06451612903225806	0.0	4.516129032258065	ping
3	238	0	0	0.0	0.0967741935483871	0.0	7.67741935483871	2	140	0	0	0.0	0.06451612903225806	0.0	4.516129032258065	ping
30	2288	0	0	0.0	1.0	0.0	76.26666666666667	0	0	0	0	0.0	0.0	0.0	0.0	ping
134	13020	5	490	5.0	4.32258064516129	490.0	420.0	133	12922	5	490	5.0	4.290322580645161	490.0	416.83870967741933	ping
3	238	0	0	0.0	0.0967741935483871	0.0	7.67741935483871	2	140	0	0	0.0	0.06451612903225806	0.0	4.516129032258065	ping
3	238	0	0	0.0	0.0967741935483871	0.0	7.67741935483871	2	140	0	0	0.0	0.06451612903225806	0.0	4.516129032258065	ping
30	2288	0	0	0.0	0.967741935483871	0.0	73.80645161290323	0	0	0	0	0.0	0.0	0.0	0.0	ping
139	13510	5	490	5.0	4.34375	490.0	422.1875	133	12922	5	490	5.0	4.290322580645161	490.0	416.83870967741933	ping
3	238	0	0	0.0	0.0967741935483871	0.0	7.67741935483871	2	140	0	0	0.0	0.06451612903225806	0.0	4.516129032258065	ping
3	238	0	0	0.0	0.0967741935483871	0.0	7.67741935483871	2	140	0	0	0.0	0.06451612903225806	0.0	4.516129032258065	ping
30	2288	0	0	0.0	0.967741935483871	0.0	73.80645161290323	0	0	0	0	0.0	0.0	0.0	0.0	ping
139	13510	5	490	5.0	4.34375	490.0	422.1875	138	13412	5	490	5.0	4.3125	490.0	419.125	ping
3	238	0	0	0.0	0.0967741935483871	0.0	7.67741935483871	2	140	0	0	0.0	0.06451612903225806	0.0	4.516129032258065	ping
3	238	0	0	0.0	0.0967741935483871	0.0	7.67741935483871	2	140	0	0	0.0	0.06451612903225806	0.0	4.516129032258065	ping
30	2288	0	0	0.0	0.967741935483871	0.0	73.80645161290323	0	0	0	0	0.0	0.0	0.0	0.0	ping
139	13510	5	490	5.0	4.34375	490.0	422.1875	138	13412	5	490	5.0	4.3125	490.0	419.125	ping
3	238	0	0	0.0	0.09375	0.0	7.4375	2	140	0	0	0.0	0.06451612903225806	0.0	4.516129032258065	ping
3	238	0	0	0.0	0.0967741935483871	0.0	7.67741935483871	2	140	0	0	0.0	0.06451612903225806	0.0	4.516129032258065	ping
30	2288	0	0	0.0	0.967741935483871	0.0	73.80645161290323	0	0	0	0	0.0	0.0	0.0	0.0	ping
139	13510	5	490	5.0	4.34375	490.0	422.1875	138	13412	5	490	5.0	4.3125	490.0	419.125	ping
3	238	0	0	0.0	0.09375	0.0	7.4375	2	140	0	0	0.0	0.0625	0.0	4.375	ping
3	238	0	0	0.0	0.0967741935483871	0.0	7.67741935483871	2	140	0	0	0.0	0.06451612903225806	0.0	4.516129032258065	ping
30	2288	0	0	0.0	0.967741935483871	0.0	73.80645161290323	0	0	0	0	0.0	0.0	0.0	0.0	ping
139	13510	5	490	5.0	4.34375	490.0	422.1875	138	13412	5	490	5.0	4.3125	490.0	419.125	ping
3	238	0	0	0.0	0.09375	0.0	7.4375	2	140	0	0	0.0	0.0625	0.0	4.375	ping
3	238	0	0	0.0	0.09375	0.0	7.4375	2	140	0	0	0.0	0.06451612903225806	0.0	4.516129032258065	ping
30	2288	0	0	0.0	0.967741935483871	0.0	73.80645161290323	0	0	0	0	0.0	0.0	0.0	0.0	ping
139	13510	5	490	5.0	4.34375	490.0	422.1875	138	13412	5	490	5.0	4.3125	490.0	419.125	ping
3	238	0	0	0.0	0.09375	0.0	7.4375	2	140	0	0	0.0	0.0625	0.0	4.375	ping
3	238	0	0	0.0	0.09375	0.0	7.4375	2	140	0	0	0.0	0.0625	0.0	4.375	ping
30	2288	0	0	0.0	0.967741935483871	0.0	73.80645161290323	0	0	0	0	0.0	0.0	0.0	0.0	ping
139	13510	5	490	5.0	4.34375	490.0	422.1875	138	13412	5	490	5.0	4.3125	490.0	419.125	ping
3	238	0	0	0.0	0.09375	0.0	7.4375	2	140	0	0	0.0	0.0625	0.0	4.375	ping
3	238	0	0	0.0	0.09375	0.0	7.4375	2	140	0	0	0.0	0.0625	0.0	4.375	ping
30	2288	0	0	0.0	0.9375	0.0	71.5	0	0	0	0	0.0	0.0	0.0	0.0	ping
144	14000	5	490	5.0	4.363636363636363	490.0	424.24242424242425	138	13412	5	490	5.0	4.3125	490.0	419.125	ping
3	238	0	0	0.0	0.09375	0.0	7.4375	2	140	0	0	0.0	0.0625	0.0	4.375	ping
3	238	0	0	0.0	0.09375	0.0	7.4375	2	140	0	0	0.0	0.0625	0.0	4.375	ping
30	2288	0	0	0.0	0.9375	0.0	71.5	0	0	0	0	0.0	0.0	0.0	0.0	ping
144	14000	5	490	5.0	4.363636363636363	490.0	424.24242424242425	143	13902	5	490	5.0	4.333333333333333	490.0	421.27272727272725	ping
3	238	0	0	0.0	0.09375	0.0	7.4375	2	140	0	0	0.0	0.0625	0.0	4.375	ping
3	238	0	0	0.0	0.09375	0.0	7.4375	2	140	0	0	0.0	0.0625	0.0	4.375	ping
30	2288	0	0	0.0	0.9375	0.0	71.5	0	0	0	0	0.0	0.0	0.0	0.0	ping
144	14000	5	490	5.0	4.363636363636363	490.0	424.24242424242425	143	13902	5	490	5.0	4.333333333333333	490.0	421.27272727272725	ping
3	238	0	0	0.0	0.09090909090909091	0.0	7.212121212121212	2	140	0	0	0.0	0.0625	0.0	4.375	ping
3	238	0	0	0.0	0.09375	0.0	7.4375	2	140	0	0	0.0	0.0625	0.0	4.375	ping
30	2288	0	0	0.0	0.9375	0.0	71.5	0	0	0	0	0.0	0.0	0.0	0.0	ping
144	14000	5	490	5.0	4.363636363636363	490.0	424.24242424242425	143	13902	5	490	5.0	4.333333333333333	490.0	421.27272727272725	ping
3	238	0	0	0.0	0.09090909090909091	0.0	7.212121212121212	2	140	0	0	0.0	0.06060606060606061	0.0	4.242424242424242	ping
3	238	0	0	0.0	0.09375	0.0	7.4375	2	140	0	0	0.0	0.0625	0.0	4.375	ping
30	2288	0	0	0.0	0.9375	0.0	71.5	0	0	0	0	0.0	0.0	0.0	0.0	ping
144	14000	5	490	5.0	4.363636363636363	490.0	424.24242424242425	143	13902	5	490	5.0	4.333333333333333	490.0	421.27272727272725	ping
3	238	0	0	0.0	0.09090909090909091	0.0	7.212121212121212	2	140	0	0	0.0	0.06060606060606061	0.0	4.242424242424242	ping
3	238	0	0	0.0	0.09090909090909091	0.0	7.212121212121212	2	140	0	0	0.0	0.0625	0.0	4.375	ping
30	2288	0	0	0.0	0.9375	0.0	71.5	0	0	0	0	0.0	0.0	0.0	0.0	ping
144	14000	5	490	5.0	4.363636363636363	490.0	424.24242424242425	143	13902	5	490	5.0	4.333333333333333	490.0	421.27272727272725	ping
3	238	0	0	0.0	0.09090909090909091	0.0	7.212121212121212	2	140	0	0	0.0	0.06060606060606061	0.0	4.242424242424242	ping
3	238	0	0	0.0	0.09090909090909091	0.0	7.212121212121212	2	140	0	0	0.0	0.06060606060606061	0.0	4.242424242424242	ping
30	2288	0	0	0.0	0.9375	0.0	71.5	0	0	0	0	0.0	0.0	0.0	0.0	ping
144	14000	5	490	5.0	4.363636363636363	490.0	424.24242424242425	143	13902	5	490	5.0	4.333333333333333	490.0	421.27272727272725	ping
3	238	0	0	0.0	0.09090909090909091	0.0	7.212121212121212	2	140	0	0	0.0	0.06060606060606061	0.0	4.242424242424242	ping
3	238	0	0	0.0	0.09090909090909091	0.0	7.212121212121212	2	140	0	0	0.0	0.06060606060606061	0.0	4.242424242424242	ping
32	2428	2	140	2.0	0.9696969696969697	140.0	73.57575757575758	0	0	0	0	0.0	0.0	0.0	0.0	ping
149	14490	5	490	5.0	4.382352941176471	490.0	426.1764705882353	143	13902	5	490	5.0	4.333333333333333	490.0	421.27272727272725	ping
3	238	0	0	0.0	0.09090909090909091	0.0	7.212121212121212	2	140	0	0	0.0	0.06060606060606061	0.0	4.242424242424242	ping
3	238	0	0	0.0	0.09090909090909091	0.0	7.212121212121212	2	140	0	0	0.0	0.06060606060606061	0.0	4.242424242424242	ping
32	2428	2	140	2.0	0.9696969696969697	140.0	73.57575757575758	0	0	0	0	0.0	0.0	0.0	0.0	ping
149	14490	5	490	5.0	4.382352941176471	490.0	426.1764705882353	148	14392	5	490	5.0	4.352941176470588	490.0	423.29411764705884	ping
3	238	0	0	0.0	0.09090909090909091	0.0	7.212121212121212	2	140	0	0	0.0	0.06060606060606061	0.0	4.242424242424242	ping
3	238	0	0	0.0	0.09090909090909091	0.0	7.212121212121212	2	140	0	0	0.0	0.06060606060606061	0.0	4.242424242424242	ping
32	2428	2	140	2.0	0.9696969696969697	140.0	73.57575757575758	0	0	0	0	0.0	0.0	0.0	0.0	ping
149	14490	5	490	5.0	4.382352941176471	490.0	426.1764705882353	148	14392	5	490	5.0	4.352941176470588	490.0	423.29411764705884	ping
3	238	0	0	0.0	0.08823529411764706	0.0	7.0	2	140	0	0	0.0	0.06060606060606061	0.0	4.242424242424242	ping
3	238	0	0	0.0	0.09090909090909091	0.0	7.212121212121212	2	140	0	0	0.0	0.06060606060606061	0.0	4.242424242424242	ping
32	2428	2	140	2.0	0.9696969696969697	140.0	73.57575757575758	0	0	0	0	0.0	0.0	0.0	0.0	ping
149	14490	5	490	5.0	4.382352941176471	490.0	426.1764705882353	148	14392	5	490	5.0	4.352941176470588	490.0	423.29411764705884	ping
3	238	0	0	0.0	0.08823529411764706	0.0	7.0	2	140	0	0	0.0	0.058823529411764705	0.0	4.117647058823529	ping
3	238	0	0	0.0	0.09090909090909091	0.0	7.212121212121212	2	140	0	0	0.0	0.06060606060606061	0.0	4.242424242424242	ping
32	2428	2	140	2.0	0.9696969696969697	140.0	73.57575757575758	0	0	0	0	0.0	0.0	0.0	0.0	ping
149	14490	5	490	5.0	4.382352941176471	490.0	426.1764705882353	148	14392	5	490	5.0	4.352941176470588	490.0	423.29411764705884	ping
3	238	0	0	0.0	0.08823529411764706	0.0	7.0	2	140	0	0	0.0	0.058823529411764705	0.0	4.117647058823529	ping
3	238	0	0	0.0	0.08823529411764706	0.0	7.0	2	140	0	0	0.0	0.06060606060606061	0.0	4.242424242424242	ping
32	2428	2	140	2.0	0.9696969696969697	140.0	73.57575757575758	0	0	0	0	0.0	0.0	0.0	0.0	ping
149	14490	5	490	5.0	4.382352941176471	490.0	426.1764705882353	148	14392	5	490	5.0	4.352941176470588	490.0	423.29411764705884	ping
3	238	0	0	0.0	0.08823529411764706	0.0	7.0	2	140	0	0	0.0	0.058823529411764705	0.0	4.117647058823529	ping
3	238	0	0	0.0	0.08823529411764706	0.0	7.0	2	140	0	0	0.0	0.058823529411764705	0.0	4.117647058823529	ping
32	2428	2	140	2.0	0.9696969696969697	140.0	73.57575757575758	0	0	0	0	0.0	0.0	0.0	0.0	ping
149	14490	5	490	5.0	4.382352941176471	490.0	426.1764705882353	148	14392	5	490	5.0	4.352941176470588	490.0	423.29411764705884	ping
3	238	0	0	0.0	0.08823529411764706	0.0	7.0	2	140	0	0	0.0	0.058823529411764705	0.0	4.117647058823529	ping
3	238	0	0	0.0	0.08823529411764706	0.0	7.0	2	140	0	0	0.0	0.058823529411764705	0.0	4.117647058823529	ping
32	2428	0	0	0.0	0.9411764705882353	0.0	71.41176470588235	0	0	0	0	0.0	0.0	0.0	0.0	ping
153	14882	4	392	4.0	4.371428571428571	392.0	425.2	148	14392	5	490	5.0	4.352941176470588	490.0	423.29411764705884	ping
3	238	0	0	0.0	0.08823529411764706	0.0	7.0	2	140	0	0	0.0	0.058823529411764705	0.0	4.117647058823529	ping
3	238	0	0	0.0	0.08823529411764706	0.0	7.0	2	140	0	0	0.0	0.058823529411764705	0.0	4.117647058823529	ping
32	2428	0	0	0.0	0.9411764705882353	0.0	71.41176470588235	0	0	0	0	0.0	0.0	0.0	0.0	ping
153	14882	4	392	4.0	4.371428571428571	392.0	425.2	152	14784	4	392	4.0	4.3428571428571425	392.0	422.4	ping
3	238	0	0	0.0	0.08823529411764706	0.0	7.0	2	140	0	0	0.0	0.058823529411764705	0.0	4.117647058823529	ping
3	238	0	0	0.0	0.08823529411764706	0.0	7.0	2	140	0	0	0.0	0.058823529411764705	0.0	4.117647058823529	ping
32	2428	0	0	0.0	0.9411764705882353	0.0	71.41176470588235	0	0	0	0	0.0	0.0	0.0	0.0	ping
153	14882	4	392	4.0	4.371428571428571	392.0	425.2	152	14784	4	392	4.0	4.3428571428571425	392.0	422.4	ping
3	238	0	0	0.0	0.08571428571428572	0.0	6.8	2	140	0	0	0.0	0.058823529411764705	0.0	4.117647058823529	ping
3	238	0	0	0.0	0.08823529411764706	0.0	7.0	2	140	0	0	0.0	0.058823529411764705	0.0	4.117647058823529	ping
32	2428	0	0	0.0	0.9411764705882353	0.0	71.41176470588235	0	0	0	0	0.0	0.0	0.0	0.0	ping
153	14882	4	392	4.0	4.371428571428571	392.0	425.2	152	14784	4	392	4.0	4.3428571428571425	392.0	422.4	ping
3	238	0	0	0.0	0.08571428571428572	0.0	6.8	2	140	0	0	0.0	0.05714285714285714	0.0	4.0	ping
3	238	0	0	0.0	0.08823529411764706	0.0	7.0	2	140	0	0	0.0	0.058823529411764705	0.0	4.117647058823529	ping
32	2428	0	0	0.0	0.9411764705882353	0.0	71.41176470588235	0	0	0	0	0.0	0.0	0.0	0.0	ping
153	14882	4	392	4.0	4.371428571428571	392.0	425.2	152	14784	4	392	4.0	4.3428571428571425	392.0	422.4	ping
3	238	0	0	0.0	0.08571428571428572	0.0	6.8	2	140	0	0	0.0	0.05714285714285714	0.0	4.0	ping
3	238	0	0	0.0	0.08571428571428572	0.0	6.8	2	140	0	0	0.0	0.058823529411764705	0.0	4.117647058823529	ping
32	2428	0	0	0.0	0.9411764705882353	0.0	71.41176470588235	0	0	0	0	0.0	0.0	0.0	0.0	ping
153	14882	4	392	4.0	4.371428571428571	392.0	425.2	152	14784	4	392	4.0	4.3428571428571425	392.0	422.4	ping
3	238	0	0	0.0	0.08571428571428572	0.0	6.8	2	140	0	0	0.0	0.05714285714285714	0.0	4.0	ping
3	238	0	0	0.0	0.08571428571428572	0.0	6.8	2	140	0	0	0.0	0.05714285714285714	0.0	4.0	ping
32	2428	0	0	0.0	0.9411764705882353	0.0	71.41176470588235	0	0	0	0	0.0	0.0	0.0	0.0	ping
153	14882	4	392	4.0	4.371428571428571	392.0	425.2	152	14784	4	392	4.0	4.3428571428571425	392.0	422.4	ping
3	238	0	0	0.0	0.08571428571428572	0.0	6.8	2	140	0	0	0.0	0.05714285714285714	0.0	4.0	ping
3	238	0	0	0.0	0.08571428571428572	0.0	6.8	2	140	0	0	0.0	0.05714285714285714	0.0	4.0	ping
32	2428	0	0	0.0	0.9142857142857143	0.0	69.37142857142857	0	0	0	0	0.0	0.0	0.0	0.0	ping
158	15372	5	490	5.0	4.388888888888889	490.0	427.0	152	14784	4	392	4.0	4.3428571428571425	392.0	422.4	ping
3	238	0	0	0.0	0.08571428571428572	0.0	6.8	2	140	0	0	0.0	0.05714285714285714	0.0	4.0	ping
3	238	0	0	0.0	0.08571428571428572	0.0	6.8	2	140	0	0	0.0	0.05714285714285714	0.0	4.0	ping
32	2428	0	0	0.0	0.9142857142857143	0.0	69.37142857142857	0	0	0	0	0.0	0.0	0.0	0.0	ping
158	15372	5	490	5.0	4.388888888888889	490.0	427.0	157	15274	5	490	5.0	4.361111111111111	490.0	424.27777777777777	ping
3	238	0	0	0.0	0.08571428571428572	0.0	6.8	2	140	0	0	0.0	0.05714285714285714	0.0	4.0	ping
3	238	0	0	0.0	0.08571428571428572	0.0	6.8	2	140	0	0	0.0	0.05714285714285714	0.0	4.0	ping
32	2428	0	0	0.0	0.9142857142857143	0.0	69.37142857142857	0	0	0	0	0.0	0.0	0.0	0.0	ping
158	15372	5	490	5.0	4.388888888888889	490.0	427.0	157	15274	5	490	5.0	4.361111111111111	490.0	424.27777777777777	ping
3	238	0	0	0.0	0.08333333333333333	0.0	6.611111111111111	2	140	0	0	0.0	0.05714285714285714	0.0	4.0	ping
3	238	0	0	0.0	0.08571428571428572	0.0	6.8	2	140	0	0	0.0	0.05714285714285714	0.0	4.0	ping
32	2428	0	0	0.0	0.9142857142857143	0.0	69.37142857142857	0	0	0	0	0.0	0.0	0.0	0.0	ping
158	15372	5	490	5.0	4.388888888888889	490.0	427.0	157	15274	5	490	5.0	4.361111111111111	490.0	424.27777777777777	ping
3	238	0	0	0.0	0.08333333333333333	0.0	6.611111111111111	2	140	0	0	0.0	0.05555555555555555	0.0	3.888888888888889	ping
3	238	0	0	0.0	0.08571428571428572	0.0	6.8	2	140	0	0	0.0	0.05714285714285714	0.0	4.0	ping
32	2428	0	0	0.0	0.9142857142857143	0.0	69.37142857142857	0	0	0	0	0.0	0.0	0.0	0.0	ping
158	15372	5	490	5.0	4.388888888888889	490.0	427.0	157	15274	5	490	5.0	4.361111111111111	490.0	424.27777777777777	ping
3	238	0	0	0.0	0.08333333333333333	0.0	6.611111111111111	2	140	0	0	0.0	0.05555555555555555	0.0	3.888888888888889	ping
3	238	0	0	0.0	0.08333333333333333	0.0	6.611111111111111	2	140	0	0	0.0	0.05714285714285714	0.0	4.0	ping
32	2428	0	0	0.0	0.9142857142857143	0.0	69.37142857142857	0	0	0	0	0.0	0.0	0.0	0.0	ping
158	15372	5	490	5.0	4.388888888888889	490.0	427.0	157	15274	5	490	5.0	4.361111111111111	490.0	424.27777777777777	ping
3	238	0	0	0.0	0.08333333333333333	0.0	6.611111111111111	2	140	0	0	0.0	0.05555555555555555	0.0	3.888888888888889	ping
3	238	0	0	0.0	0.08333333333333333	0.0	6.611111111111111	2	140	0	0	0.0	0.05555555555555555	0.0	3.888888888888889	ping
32	2428	0	0	0.0	0.9142857142857143	0.0	69.37142857142857	0	0	0	0	0.0	0.0	0.0	0.0	ping
158	15372	5	490	5.0	4.388888888888889	490.0	427.0	157	15274	5	490	5.0	4.361111111111111	490.0	424.27777777777777	ping
3	238	0	0	0.0	0.08333333333333333	0.0	6.611111111111111	2	140	0	0	0.0	0.05555555555555555	0.0	3.888888888888889	ping
3	238	0	0	0.0	0.08333333333333333	0.0	6.611111111111111	2	140	0	0	0.0	0.05555555555555555	0.0	3.888888888888889	ping
32	2428	0	0	0.0	0.8888888888888888	0.0	67.44444444444444	0	0	0	0	0.0	0.0	0.0	0.0	ping
163	15862	5	490	5.0	4.405405405405405	490.0	428.7027027027027	157	15274	5	490	5.0	4.361111111111111	490.0	424.27777777777777	ping
3	238	0	0	0.0	0.08333333333333333	0.0	6.611111111111111	2	140	0	0	0.0	0.05555555555555555	0.0	3.888888888888889	ping
3	238	0	0	0.0	0.08333333333333333	0.0	6.611111111111111	2	140	0	0	0.0	0.05555555555555555	0.0	3.888888888888889	ping
32	2428	0	0	0.0	0.8888888888888888	0.0	67.44444444444444	0	0	0	0	0.0	0.0	0.0	0.0	ping
163	15862	5	490	5.0	4.405405405405405	490.0	428.7027027027027	162	15764	5	490	5.0	4.378378378378378	490.0	426.05405405405406	ping
3	238	0	0	0.0	0.08333333333333333	0.0	6.611111111111111	2	140	0	0	0.0	0.05555555555555555	0.0	3.888888888888889	ping
3	238	0	0	0.0	0.08333333333333333	0.0	6.611111111111111	2	140	0	0	0.0	0.05555555555555555	0.0	3.888888888888889	ping
32	2428	0	0	0.0	0.8888888888888888	0.0	67.44444444444444	0	0	0	0	0.0	0.0	0.0	0.0	ping
163	15862	5	490	5.0	4.405405405405405	490.0	428.7027027027027	162	15764	5	490	5.0	4.378378378378378	490.0	426.05405405405406	ping
3	238	0	0	0.0	0.08108108108108109	0.0	6.4324324324324325	2	140	0	0	0.0	0.05555555555555555	0.0	3.888888888888889	ping
3	238	0	0	0.0	0.08333333333333333	0.0	6.611111111111111	2	140	0	0	0.0	0.05555555555555555	0.0	3.888888888888889	ping
32	2428	0	0	0.0	0.8888888888888888	0.0	67.44444444444444	0	0	0	0	0.0	0.0	0.0	0.0	ping
163	15862	5	490	5.0	4.405405405405405	490.0	428.7027027027027	162	15764	5	490	5.0	4.378378378378378	490.0	426.05405405405406	ping
3	238	0	0	0.0	0.08108108108108109	0.0	6.4324324324324325	2	140	0	0	0.0	0.05405405405405406	0.0	3.7837837837837838	ping
3	238	0	0	0.0	0.08333333333333333	0.0	6.611111111111111	2	140	0	0	0.0	0.05555555555555555	0.0	3.888888888888889	ping
32	2428	0	0	0.0	0.8888888888888888	0.0	67.44444444444444	0	0	0	0	0.0	0.0	0.0	0.0	ping
163	15862	5	490	5.0	4.405405405405405	490.0	428.7027027027027	162	15764	5	490	5.0	4.378378378378378	490.0	426.05405405405406	ping
3	238	0	0	0.0	0.08108108108108109	0.0	6.4324324324324325	2	140	0	0	0.0	0.05405405405405406	0.0	3.7837837837837838	ping
3	238	0	0	0.0	0.08108108108108109	0.0	6.4324324324324325	2	140	0	0	0.0	0.05555555555555555	0.0	3.888888888888889	ping
32	2428	0	0	0.0	0.8888888888888888	0.0	67.44444444444444	0	0	0	0	0.0	0.0	0.0	0.0	ping
163	15862	5	490	5.0	4.405405405405405	490.0	428.7027027027027	162	15764	5	490	5.0	4.378378378378378	490.0	426.05405405405406	ping
3	238	0	0	0.0	0.08108108108108109	0.0	6.4324324324324325	2	140	0	0	0.0	0.05405405405405406	0.0	3.7837837837837838	ping
3	238	0	0	0.0	0.08108108108108109	0.0	6.4324324324324325	2	140	0	0	0.0	0.05405405405405406	0.0	3.7837837837837838	ping
32	2428	0	0	0.0	0.8888888888888888	0.0	67.44444444444444	0	0	0	0	0.0	0.0	0.0	0.0	ping
163	15862	5	490	5.0	4.405405405405405	490.0	428.7027027027027	162	15764	5	490	5.0	4.378378378378378	490.0	426.05405405405406	ping
3	238	0	0	0.0	0.08108108108108109	0.0	6.4324324324324325	2	140	0	0	0.0	0.05405405405405406	0.0	3.7837837837837838	ping
3	238	0	0	0.0	0.08108108108108109	0.0	6.4324324324324325	2	140	0	0	0.0	0.05405405405405406	0.0	3.7837837837837838	ping
32	2428	0	0	0.0	0.8648648648648649	0.0	65.62162162162163	0	0	0	0	0.0	0.0	0.0	0.0	ping
168	16352	5	490	5.0	4.421052631578948	490.0	430.3157894736842	162	15764	5	490	5.0	4.378378378378378	490.0	426.05405405405406	ping
3	238	0	0	0.0	0.08108108108108109	0.0	6.4324324324324325	2	140	0	0	0.0	0.05405405405405406	0.0	3.7837837837837838	ping
3	238	0	0	0.0	0.08108108108108109	0.0	6.4324324324324325	2	140	0	0	0.0	0.05405405405405406	0.0	3.7837837837837838	ping
32	2428	0	0	0.0	0.8648648648648649	0.0	65.62162162162163	0	0	0	0	0.0	0.0	0.0	0.0	ping
168	16352	5	490	5.0	4.421052631578948	490.0	430.3157894736842	167	16254	5	490	5.0	4.394736842105263	490.0	427.7368421052632	ping
3	238	0	0	0.0	0.08108108108108109	0.0	6.4324324324324325	2	140	0	0	0.0	0.05405405405405406	0.0	3.7837837837837838	ping
3	238	0	0	0.0	0.08108108108108109	0.0	6.4324324324324325	2	140	0	0	0.0	0.05405405405405406	0.0	3.7837837837837838	ping
32	2428	0	0	0.0	0.8648648648648649	0.0	65.62162162162163	0	0	0	0	0.0	0.0	0.0	0.0	ping
168	16352	5	490	5.0	4.421052631578948	490.0	430.3157894736842	167	16254	5	490	5.0	4.394736842105263	490.0	427.7368421052632	ping
3	238	0	0	0.0	0.07894736842105263	0.0	6.2631578947368425	2	140	0	0	0.0	0.05405405405405406	0.0	3.7837837837837838	ping
3	238	0	0	0.0	0.08108108108108109	0.0	6.4324324324324325	2	140	0	0	0.0	0.05405405405405406	0.0	3.7837837837837838	ping
32	2428	0	0	0.0	0.8648648648648649	0.0	65.62162162162163	0	0	0	0	0.0	0.0	0.0	0.0	ping
168	16352	5	490	5.0	4.421052631578948	490.0	430.3157894736842	167	16254	5	490	5.0	4.394736842105263	490.0	427.7368421052632	ping
3	238	0	0	0.0	0.07894736842105263	0.0	6.2631578947368425	2	140	0	0	0.0	0.05263157894736842	0.0	3.6842105263157894	ping
3	238	0	0	0.0	0.08108108108108109	0.0	6.4324324324324325	2	140	0	0	0.0	0.05405405405405406	0.0	3.7837837837837838	ping
32	2428	0	0	0.0	0.8648648648648649	0.0	65.62162162162163	0	0	0	0	0.0	0.0	0.0	0.0	ping
168	16352	5	490	5.0	4.421052631578948	490.0	430.3157894736842	167	16254	5	490	5.0	4.394736842105263	490.0	427.7368421052632	ping
3	238	0	0	0.0	0.07894736842105263	0.0	6.2631578947368425	2	140	0	0	0.0	0.05263157894736842	0.0	3.6842105263157894	ping
3	238	0	0	0.0	0.07894736842105263	0.0	6.2631578947368425	2	140	0	0	0.0	0.05405405405405406	0.0	3.7837837837837838	ping
32	2428	0	0	0.0	0.8648648648648649	0.0	65.62162162162163	0	0	0	0	0.0	0.0	0.0	0.0	ping
168	16352	5	490	5.0	4.421052631578948	490.0	430.3157894736842	167	16254	5	490	5.0	4.394736842105263	490.0	427.7368421052632	ping
3	238	0	0	0.0	0.07894736842105263	0.0	6.2631578947368425	2	140	0	0	0.0	0.05263157894736842	0.0	3.6842105263157894	ping
3	238	0	0	0.0	0.07894736842105263	0.0	6.2631578947368425	2	140	0	0	0.0	0.05263157894736842	0.0	3.6842105263157894	ping
32	2428	0	0	0.0	0.8648648648648649	0.0	65.62162162162163	0	0	0	0	0.0	0.0	0.0	0.0	ping
168	16352	5	490	5.0	4.421052631578948	490.0	430.3157894736842	167	16254	5	490	5.0	4.394736842105263	490.0	427.7368421052632	ping
3	238	0	0	0.0	0.07894736842105263	0.0	6.2631578947368425	2	140	0	0	0.0	0.05263157894736842	0.0	3.6842105263157894	ping
3	238	0	0	0.0	0.07894736842105263	0.0	6.2631578947368425	2	140	0	0	0.0	0.05263157894736842	0.0	3.6842105263157894	ping
32	2428	0	0	0.0	0.8421052631578947	0.0	63.89473684210526	0	0	0	0	0.0	0.0	0.0	0.0	ping
173	16842	5	490	5.0	4.435897435897436	490.0	431.84615384615387	167	16254	5	490	5.0	4.394736842105263	490.0	427.7368421052632	ping
3	238	0	0	0.0	0.07894736842105263	0.0	6.2631578947368425	2	140	0	0	0.0	0.05263157894736842	0.0	3.6842105263157894	ping
3	238	0	0	0.0	0.07894736842105263	0.0	6.2631578947368425	2	140	0	0	0.0	0.05263157894736842	0.0	3.6842105263157894	ping
32	2428	0	0	0.0	0.8421052631578947	0.0	63.89473684210526	0	0	0	0	0.0	0.0	0.0	0.0	ping
173	16842	5	490	5.0	4.435897435897436	490.0	431.84615384615387	172	16744	5	490	5.0	4.410256410256411	490.0	429.3333333333333	ping
3	238	0	0	0.0	0.07894736842105263	0.0	6.2631578947368425	2	140	0	0	0.0	0.05263157894736842	0.0	3.6842105263157894	ping
3	238	0	0	0.0	0.07894736842105263	0.0	6.2631578947368425	2	140	0	0	0.0	0.05263157894736842	0.0	3.6842105263157894	ping
32	2428	0	0	0.0	0.8421052631578947	0.0	63.89473684210526	0	0	0	0	0.0	0.0	0.0	0.0	ping
173	16842	5	490	5.0	4.435897435897436	490.0	431.84615384615387	172	16744	5	490	5.0	4.410256410256411	490.0	429.3333333333333	ping
3	238	0	0	0.0	0.07692307692307693	0.0	6.102564102564102	2	140	0	0	0.0	0.05263157894736842	0.0	3.6842105263157894	ping
3	238	0	0	0.0	0.07894736842105263	0.0	6.2631578947368425	2	140	0	0	0.0	0.05263157894736842	0.0	3.6842105263157894	ping
32	2428	0	0	0.0	0.8421052631578947	0.0	63.89473684210526	0	0	0	0	0.0	0.0	0.0	0.0	ping
173	16842	5	490	5.0	4.435897435897436	490.0	431.84615384615387	172	16744	5	490	5.0	4.410256410256411	490.0	429.3333333333333	ping
3	238	0	0	0.0	0.07692307692307693	0.0	6.102564102564102	2	140	0	0	0.0	0.05128205128205128	0.0	3.58974358974359	ping
3	238	0	0	0.0	0.07894736842105263	0.0	6.2631578947368425	2	140	0	0	0.0	0.05263157894736842	0.0	3.6842105263157894	ping
32	2428	0	0	0.0	0.8421052631578947	0.0	63.89473684210526	0	0	0	0	0.0	0.0	0.0	0.0	ping
173	16842	5	490	5.0	4.435897435897436	490.0	431.84615384615387	172	16744	5	490	5.0	4.410256410256411	490.0	429.3333333333333	ping
3	238	0	0	0.0	0.07692307692307693	0.0	6.102564102564102	2	140	0	0	0.0	0.05128205128205128	0.0	3.58974358974359	ping
3	238	0	0	0.0	0.07692307692307693	0.0	6.102564102564102	2	140	0	0	0.0	0.05263157894736842	0.0	3.6842105263157894	ping
32	2428	0	0	0.0	0.8421052631578947	0.0	63.89473684210526	0	0	0	0	0.0	0.0	0.0	0.0	ping
173	16842	5	490	5.0	4.435897435897436	490.0	431.84615384615387	172	16744	5	490	5.0	4.410256410256411	490.0	429.3333333333333	ping
3	238	0	0	0.0	0.07692307692307693	0.0	6.102564102564102	2	140	0	0	0.0	0.05128205128205128	0.0	3.58974358974359	ping
3	238	0	0	0.0	0.07692307692307693	0.0	6.102564102564102	2	140	0	0	0.0	0.05128205128205128	0.0	3.58974358974359	ping
32	2428	0	0	0.0	0.8421052631578947	0.0	63.89473684210526	0	0	0	0	0.0	0.0	0.0	0.0	ping
173	16842	5	490	5.0	4.435897435897436	490.0	431.84615384615387	172	16744	5	490	5.0	4.410256410256411	490.0	429.3333333333333	ping
3	238	0	0	0.0	0.07692307692307693	0.0	6.102564102564102	2	140	0	0	0.0	0.05128205128205128	0.0	3.58974358974359	ping
3	238	0	0	0.0	0.07692307692307693	0.0	6.102564102564102	2	140	0	0	0.0	0.05128205128205128	0.0	3.58974358974359	ping
32	2428	0	0	0.0	0.8205128205128205	0.0	62.256410256410255	0	0	0	0	0.0	0.0	0.0	0.0	ping
179	17374	6	532	6.0	4.475	532.0	434.35	172	16744	5	490	5.0	4.410256410256411	490.0	429.3333333333333	ping
3	238	0	0	0.0	0.07692307692307693	0.0	6.102564102564102	2	140	0	0	0.0	0.05128205128205128	0.0	3.58974358974359	ping
3	238	0	0	0.0	0.07692307692307693	0.0	6.102564102564102	2	140	0	0	0.0	0.05128205128205128	0.0	3.58974358974359	ping
32	2428	0	0	0.0	0.8205128205128205	0.0	62.256410256410255	0	0	0	0	0.0	0.0	0.0	0.0	ping
179	17374	6	532	6.0	4.475	532.0	434.35	178	17276	6	532	6.0	4.45	532.0	431.9	ping
3	238	0	0	0.0	0.07692307692307693	0.0	6.102564102564102	2	140	0	0	0.0	0.05128205128205128	0.0	3.58974358974359	ping
3	238	0	0	0.0	0.07692307692307693	0.0	6.102564102564102	2	140	0	0	0.0	0.05128205128205128	0.0	3.58974358974359	ping
32	2428	0	0	0.0	0.8205128205128205	0.0	62.256410256410255	0	0	0	0	0.0	0.0	0.0	0.0	ping
179	17374	6	532	6.0	4.475	532.0	434.35	178	17276	6	532	6.0	4.45	532.0	431.9	ping
3	238	0	0	0.0	0.075	0.0	5.95	2	140	0	0	0.0	0.05128205128205128	0.0	3.58974358974359	ping
3	238	0	0	0.0	0.07692307692307693	0.0	6.102564102564102	2	140	0	0	0.0	0.05128205128205128	0.0	3.58974358974359	ping
32	2428	0	0	0.0	0.8205128205128205	0.0	62.256410256410255	0	0	0	0	0.0	0.0	0.0	0.0	ping
179	17374	6	532	6.0	4.475	532.0	434.35	178	17276	6	532	6.0	4.45	532.0	431.9	ping
3	238	0	0	0.0	0.075	0.0	5.95	2	140	0	0	0.0	0.05	0.0	3.5	ping
3	238	0	0	0.0	0.07692307692307693	0.0	6.102564102564102	2	140	0	0	0.0	0.05128205128205128	0.0	3.58974358974359	ping
32	2428	0	0	0.0	0.8205128205128205	0.0	62.256410256410255	0	0	0	0	0.0	0.0	0.0	0.0	ping
179	17374	6	532	6.0	4.475	532.0	434.35	178	17276	6	532	6.0	4.45	532.0	431.9	ping
3	238	0	0	0.0	0.075	0.0	5.95	2	140	0	0	0.0	0.05	0.0	3.5	ping
3	238	0	0	0.0	0.075	0.0	5.95	2	140	0	0	0.0	0.05128205128205128	0.0	3.58974358974359	ping
32	2428	0	0	0.0	0.8205128205128205	0.0	62.256410256410255	0	0	0	0	0.0	0.0	0.0	0.0	ping
179	17374	6	532	6.0	4.475	532.0	434.35	178	17276	6	532	6.0	4.45	532.0	431.9	ping
3	238	0	0	0.0	0.075	0.0	5.95	2	140	0	0	0.0	0.05	0.0	3.5	ping
3	238	0	0	0.0	0.075	0.0	5.95	2	140	0	0	0.0	0.05	0.0	3.5	ping
32	2428	0	0	0.0	0.8205128205128205	0.0	62.256410256410255	0	0	0	0	0.0	0.0	0.0	0.0	ping
179	17374	6	532	6.0	4.475	532.0	434.35	178	17276	6	532	6.0	4.45	532.0	431.9	ping
3	238	0	0	0.0	0.075	0.0	5.95	2	140	0	0	0.0	0.05	0.0	3.5	ping
3	238	0	0	0.0	0.075	0.0	5.95	2	140	0	0	0.0	0.05	0.0	3.5	ping
32	2428	0	0	0.0	0.8	0.0	60.7	0	0	0	0	0.0	0.0	0.0	0.0	ping
184	17864	5	490	5.0	4.487804878048781	490.0	435.7073170731707	178	17276	6	532	6.0	4.45	532.0	431.9	ping
3	238	0	0	0.0	0.075	0.0	5.95	2	140	0	0	0.0	0.05	0.0	3.5	ping
3	238	0	0	0.0	0.075	0.0	5.95	2	140	0	0	0.0	0.05	0.0	3.5	ping
32	2428	0	0	0.0	0.8	0.0	60.7	0	0	0	0	0.0	0.0	0.0	0.0	ping
184	17864	5	490	5.0	4.487804878048781	490.0	435.7073170731707	183	17766	5	490	5.0	4.463414634146342	490.0	433.3170731707317	ping
3	238	0	0	0.0	0.075	0.0	5.95	2	140	0	0	0.0	0.05	0.0	3.5	ping
3	238	0	0	0.0	0.075	0.0	5.95	2	140	0	0	0.0	0.05	0.0	3.5	ping
32	2428	0	0	0.0	0.8	0.0	60.7	0	0	0	0	0.0	0.0	0.0	0.0	ping
184	17864	5	490	5.0	4.487804878048781	490.0	435.7073170731707	183	17766	5	490	5.0	4.463414634146342	490.0	433.3170731707317	ping
3	238	0	0	0.0	0.07317073170731707	0.0	5.804878048780488	2	140	0	0	0.0	0.05	0.0	3.5	ping
3	238	0	0	0.0	0.075	0.0	5.95	2	140	0	0	0.0	0.05	0.0	3.5	ping
32	2428	0	0	0.0	0.8	0.0	60.7	0	0	0	0	0.0	0.0	0.0	0.0	ping
184	17864	5	490	5.0	4.487804878048781	490.0	435.7073170731707	183	17766	5	490	5.0	4.463414634146342	490.0	433.3170731707317	ping
3	238	0	0	0.0	0.07317073170731707	0.0	5.804878048780488	2	140	0	0	0.0	0.04878048780487805	0.0	3.4146341463414633	ping
3	238	0	0	0.0	0.075	0.0	5.95	2	140	0	0	0.0	0.05	0.0	3.5	ping
32	2428	0	0	0.0	0.8	0.0	60.7	0	0	0	0	0.0	0.0	0.0	0.0	ping
184	17864	5	490	5.0	4.487804878048781	490.0	435.7073170731707	183	17766	5	490	5.0	4.463414634146342	490.0	433.3170731707317	ping
3	238	0	0	0.0	0.07317073170731707	0.0	5.804878048780488	2	140	0	0	0.0	0.04878048780487805	0.0	3.4146341463414633	ping
3	238	0	0	0.0	0.07317073170731707	0.0	5.804878048780488	2	140	0	0	0.0	0.05	0.0	3.5	ping
32	2428	0	0	0.0	0.8	0.0	60.7	0	0	0	0	0.0	0.0	0.0	0.0	ping
184	17864	5	490	5.0	4.487804878048781	490.0	435.7073170731707	183	17766	5	490	5.0	4.463414634146342	490.0	433.3170731707317	ping
3	238	0	0	0.0	0.07317073170731707	0.0	5.804878048780488	2	140	0	0	0.0	0.04878048780487805	0.0	3.4146341463414633	ping
3	238	0	0	0.0	0.07317073170731707	0.0	5.804878048780488	2	140	0	0	0.0	0.04878048780487805	0.0	3.4146341463414633	ping
32	2428	0	0	0.0	0.8	0.0	60.7	0	0	0	0	0.0	0.0	0.0	0.0	ping
184	17864	5	490	5.0	4.487804878048781	490.0	435.7073170731707	183	17766	5	490	5.0	4.463414634146342	490.0	433.3170731707317	ping
3	238	0	0	0.0	0.07317073170731707	0.0	5.804878048780488	2	140	0	0	0.0	0.04878048780487805	0.0	3.4146341463414633	ping
3	238	0	0	0.0	0.07317073170731707	0.0	5.804878048780488	2	140	0	0	0.0	0.04878048780487805	0.0	3.4146341463414633	ping
32	2428	0	0	0.0	0.7804878048780488	0.0	59.21951219512195	0	0	0	0	0.0	0.0	0.0	0.0	ping
189	18354	5	490	5.0	4.5	490.0	437.0	183	17766	5	490	5.0	4.463414634146342	490.0	433.3170731707317	ping
3	238	0	0	0.0	0.07317073170731707	0.0	5.804878048780488	2	140	0	0	0.0	0.04878048780487805	0.0	3.4146341463414633	ping
3	238	0	0	0.0	0.07317073170731707	0.0	5.804878048780488	2	140	0	0	0.0	0.04878048780487805	0.0	3.4146341463414633	ping
32	2428	0	0	0.0	0.7804878048780488	0.0	59.21951219512195	0	0	0	0	0.0	0.0	0.0	0.0	ping
189	18354	5	490	5.0	4.5	490.0	437.0	188	18256	5	490	5.0	4.476190476190476	490.0	434.6666666666667	ping
3	238	0	0	0.0	0.07317073170731707	0.0	5.804878048780488	2	140	0	0	0.0	0.04878048780487805	0.0	3.4146341463414633	ping
3	238	0	0	0.0	0.07317073170731707	0.0	5.804878048780488	2	140	0	0	0.0	0.04878048780487805	0.0	3.4146341463414633	ping
32	2428	0	0	0.0	0.7804878048780488	0.0	59.21951219512195	0	0	0	0	0.0	0.0	0.0	0.0	ping
189	18354	5	490	5.0	4.5	490.0	437.0	188	18256	5	490	5.0	4.476190476190476	490.0	434.6666666666667	ping
3	238	0	0	0.0	0.07142857142857142	0.0	5.666666666666667	2	140	0	0	0.0	0.04878048780487805	0.0	3.4146341463414633	ping
3	238	0	0	0.0	0.07317073170731707	0.0	5.804878048780488	2	140	0	0	0.0	0.04878048780487805	0.0	3.4146341463414633	ping
32	2428	0	0	0.0	0.7804878048780488	0.0	59.21951219512195	0	0	0	0	0.0	0.0	0.0	0.0	ping
189	18354	5	490	5.0	4.5	490.0	437.0	188	18256	5	490	5.0	4.476190476190476	490.0	434.6666666666667	ping
3	238	0	0	0.0	0.07142857142857142	0.0	5.666666666666667	2	140	0	0	0.0	0.047619047619047616	0.0	3.3333333333333335	ping
3	238	0	0	0.0	0.07317073170731707	0.0	5.804878048780488	2	140	0	0	0.0	0.04878048780487805	0.0	3.4146341463414633	ping
32	2428	0	0	0.0	0.7804878048780488	0.0	59.21951219512195	0	0	0	0	0.0	0.0	0.0	0.0	ping
189	18354	5	490	5.0	4.5	490.0	437.0	188	18256	5	490	5.0	4.476190476190476	490.0	434.6666666666667	ping
3	238	0	0	0.0	0.07142857142857142	0.0	5.666666666666667	2	140	0	0	0.0	0.047619047619047616	0.0	3.3333333333333335	ping
3	238	0	0	0.0	0.07142857142857142	0.0	5.666666666666667	2	140	0	0	0.0	0.04878048780487805	0.0	3.4146341463414633	ping
32	2428	0	0	0.0	0.7804878048780488	0.0	59.21951219512195	0	0	0	0	0.0	0.0	0.0	0.0	ping
189	18354	5	490	5.0	4.5	490.0	437.0	188	18256	5	490	5.0	4.476190476190476	490.0	434.6666666666667	ping
3	238	0	0	0.0	0.07142857142857142	0.0	5.666666666666667	2	140	0	0	0.0	0.047619047619047616	0.0	3.3333333333333335	ping
3	238	0	0	0.0	0.07142857142857142	0.0	5.666666666666667	2	140	0	0	0.0	0.047619047619047616	0.0	3.3333333333333335	ping
32	2428	0	0	0.0	0.7804878048780488	0.0	59.21951219512195	0	0	0	0	0.0	0.0	0.0	0.0	ping
189	18354	5	490	5.0	4.5	490.0	437.0	188	18256	5	490	5.0	4.476190476190476	490.0	434.6666666666667	ping
3	238	0	0	0.0	0.07142857142857142	0.0	5.666666666666667	2	140	0	0	0.0	0.047619047619047616	0.0	3.3333333333333335	ping
3	238	0	0	0.0	0.07142857142857142	0.0	5.666666666666667	2	140	0	0	0.0	0.047619047619047616	0.0	3.3333333333333335	ping
32	2428	0	0	0.0	0.7619047619047619	0.0	57.80952380952381	0	0	0	0	0.0	0.0	0.0	0.0	ping
194	18844	5	490	5.0	4.511627906976744	490.0	438.2325581395349	188	18256	5	490	5.0	4.476190476190476	490.0	434.6666666666667	ping
3	238	0	0	0.0	0.07142857142857142	0.0	5.666666666666667	2	140	0	0	0.0	0.047619047619047616	0.0	3.3333333333333335	ping
3	238	0	0	0.0	0.07142857142857142	0.0	5.666666666666667	2	140	0	0	0.0	0.047619047619047616	0.0	3.3333333333333335	ping
32	2428	0	0	0.0	0.7619047619047619	0.0	57.80952380952381	0	0	0	0	0.0	0.0	0.0	0.0	ping
194	18844	5	490	5.0	4.511627906976744	490.0	438.2325581395349	193	18746	5	490	5.0	4.488372093023256	490.0	435.95348837209303	ping
3	238	0	0	0.0	0.07142857142857142	0.0	5.666666666666667	2	140	0	0	0.0	0.047619047619047616	0.0	3.3333333333333335	ping
3	238	0	0	0.0	0.07142857142857142	0.0	5.666666666666667	2	140	0	0	0.0	0.047619047619047616	0.0	3.3333333333333335	ping
32	2428	0	0	0.0	0.7619047619047619	0.0	57.80952380952381	0	0	0	0	0.0	0.0	0.0	0.0	ping
194	18844	5	490	5.0	4.511627906976744	490.0	438.2325581395349	193	18746	5	490	5.0	4.488372093023256	490.0	435.95348837209303	ping
3	238	0	0	0.0	0.06976744186046512	0.0	5.534883720930233	2	140	0	0	0.0	0.047619047619047616	0.0	3.3333333333333335	ping
3	238	0	0	0.0	0.07142857142857142	0.0	5.666666666666667	2	140	0	0	0.0	0.047619047619047616	0.0	3.3333333333333335	ping
32	2428	0	0	0.0	0.7619047619047619	0.0	57.80952380952381	0	0	0	0	0.0	0.0	0.0	0.0	ping
194	18844	5	490	5.0	4.511627906976744	490.0	438.2325581395349	193	18746	5	490	5.0	4.488372093023256	490.0	435.95348837209303	ping
3	238	0	0	0.0	0.06976744186046512	0.0	5.534883720930233	2	140	0	0	0.0	0.046511627906976744	0.0	3.255813953488372	ping
3	238	0	0	0.0	0.07142857142857142	0.0	5.666666666666667	2	140	0	0	0.0	0.047619047619047616	0.0	3.3333333333333335	ping
32	2428	0	0	0.0	0.7619047619047619	0.0	57.80952380952381	0	0	0	0	0.0	0.0	0.0	0.0	ping
194	18844	5	490	5.0	4.511627906976744	490.0	438.2325581395349	193	18746	5	490	5.0	4.488372093023256	490.0	435.95348837209303	ping
3	238	0	0	0.0	0.06976744186046512	0.0	5.534883720930233	2	140	0	0	0.0	0.046511627906976744	0.0	3.255813953488372	ping
3	238	0	0	0.0	0.06976744186046512	0.0	5.534883720930233	2	140	0	0	0.0	0.047619047619047616	0.0	3.3333333333333335	ping
32	2428	0	0	0.0	0.7619047619047619	0.0	57.80952380952381	0	0	0	0	0.0	0.0	0.0	0.0	ping
194	18844	5	490	5.0	4.511627906976744	490.0	438.2325581395349	193	18746	5	490	5.0	4.488372093023256	490.0	435.95348837209303	ping
3	238	0	0	0.0	0.06976744186046512	0.0	5.534883720930233	2	140	0	0	0.0	0.046511627906976744	0.0	3.255813953488372	ping
3	238	0	0	0.0	0.06976744186046512	0.0	5.534883720930233	2	140	0	0	0.0	0.046511627906976744	0.0	3.255813953488372	ping
32	2428	0	0	0.0	0.7619047619047619	0.0	57.80952380952381	0	0	0	0	0.0	0.0	0.0	0.0	ping
194	18844	5	490	5.0	4.511627906976744	490.0	438.2325581395349	193	18746	5	490	5.0	4.488372093023256	490.0	435.95348837209303	ping
3	238	0	0	0.0	0.06976744186046512	0.0	5.534883720930233	2	140	0	0	0.0	0.046511627906976744	0.0	3.255813953488372	ping
3	238	0	0	0.0	0.06976744186046512	0.0	5.534883720930233	2	140	0	0	0.0	0.046511627906976744	0.0	3.255813953488372	ping
32	2428	0	0	0.0	0.7441860465116279	0.0	56.46511627906977	0	0	0	0	0.0	0.0	0.0	0.0	ping
199	19334	5	490	5.0	4.5227272727272725	490.0	439.40909090909093	193	18746	5	490	5.0	4.488372093023256	490.0	435.95348837209303	ping
3	238	0	0	0.0	0.06976744186046512	0.0	5.534883720930233	2	140	0	0	0.0	0.046511627906976744	0.0	3.255813953488372	ping
3	238	0	0	0.0	0.06976744186046512	0.0	5.534883720930233	2	140	0	0	0.0	0.046511627906976744	0.0	3.255813953488372	ping
32	2428	0	0	0.0	0.7441860465116279	0.0	56.46511627906977	0	0	0	0	0.0	0.0	0.0	0.0	ping
199	19334	5	490	5.0	4.5227272727272725	490.0	439.40909090909093	198	19236	5	490	5.0	4.5	490.0	437.1818181818182	ping
3	238	0	0	0.0	0.06976744186046512	0.0	5.534883720930233	2	140	0	0	0.0	0.046511627906976744	0.0	3.255813953488372	ping
3	238	0	0	0.0	0.06976744186046512	0.0	5.534883720930233	2	140	0	0	0.0	0.046511627906976744	0.0	3.255813953488372	ping
32	2428	0	0	0.0	0.7441860465116279	0.0	56.46511627906977	0	0	0	0	0.0	0.0	0.0	0.0	ping
199	19334	5	490	5.0	4.5227272727272725	490.0	439.40909090909093	198	19236	5	490	5.0	4.5	490.0	437.1818181818182	ping
3	238	0	0	0.0	0.06818181818181818	0.0	5.409090909090909	2	140	0	0	0.0	0.046511627906976744	0.0	3.255813953488372	ping
3	238	0	0	0.0	0.06976744186046512	0.0	5.534883720930233	2	140	0	0	0.0	0.046511627906976744	0.0	3.255813953488372	ping
32	2428	0	0	0.0	0.7441860465116279	0.0	56.46511627906977	0	0	0	0	0.0	0.0	0.0	0.0	ping
199	19334	5	490	5.0	4.5227272727272725	490.0	439.40909090909093	198	19236	5	490	5.0	4.5	490.0	437.1818181818182	ping
3	238	0	0	0.0	0.06818181818181818	0.0	5.409090909090909	2	140	0	0	0.0	0.045454545454545456	0.0	3.1818181818181817	ping
3	238	0	0	0.0	0.06976744186046512	0.0	5.534883720930233	2	140	0	0	0.0	0.046511627906976744	0.0	3.255813953488372	ping
32	2428	0	0	0.0	0.7441860465116279	0.0	56.46511627906977	0	0	0	0	0.0	0.0	0.0	0.0	ping
199	19334	5	490	5.0	4.5227272727272725	490.0	439.40909090909093	198	19236	5	490	5.0	4.5	490.0	437.1818181818182	ping
3	238	0	0	0.0	0.06818181818181818	0.0	5.409090909090909	2	140	0	0	0.0	0.045454545454545456	0.0	3.1818181818181817	ping
3	238	0	0	0.0	0.06818181818181818	0.0	5.409090909090909	2	140	0	0	0.0	0.046511627906976744	0.0	3.255813953488372	ping
32	2428	0	0	0.0	0.7441860465116279	0.0	56.46511627906977	0	0	0	0	0.0	0.0	0.0	0.0	ping
199	19334	5	490	5.0	4.5227272727272725	490.0	439.40909090909093	198	19236	5	490	5.0	4.5	490.0	437.1818181818182	ping
3	238	0	0	0.0	0.06818181818181818	0.0	5.409090909090909	2	140	0	0	0.0	0.045454545454545456	0.0	3.1818181818181817	ping
3	238	0	0	0.0	0.06818181818181818	0.0	5.409090909090909	2	140	0	0	0.0	0.045454545454545456	0.0	3.1818181818181817	ping
32	2428	0	0	0.0	0.7441860465116279	0.0	56.46511627906977	0	0	0	0	0.0	0.0	0.0	0.0	ping
199	19334	5	490	5.0	4.5227272727272725	490.0	439.40909090909093	198	19236	5	490	5.0	4.5	490.0	437.1818181818182	ping
3	238	0	0	0.0	0.06818181818181818	0.0	5.409090909090909	2	140	0	0	0.0	0.045454545454545456	0.0	3.1818181818181817	ping
3	238	0	0	0.0	0.06818181818181818	0.0	5.409090909090909	2	140	0	0	0.0	0.045454545454545456	0.0	3.1818181818181817	ping
32	2428	0	0	0.0	0.7272727272727273	0.0	55.18181818181818	0	0	0	0	0.0	0.0	0.0	0.0	ping
