Forward Packets	Forward Bytes	Delta Forward Packets	Delta Forward Bytes	Forward Instantaneous Packets per Second	Forward Average Packets per second	Forward Instantaneous Bytes per Second	Forward Average Bytes per second	Reverse Packets	Reverse Bytes	Delta Reverse Packets	Delta Reverse Bytes	DeltaReverse Instantaneous Packets per Second	Reverse Average Packets per second	Reverse Instantaneous Bytes per Second	Reverse Average Bytes per second	Traffic Type
2	196	0	0	0.0	0.0	0.0	0.0	0	0	0	0	0.0	0.0	0.0	0.0	ssh
2	196	0	0	0.0	0.0	0.0	0.0	1	98	1	98	0.0	0.0	0.0	0.0	ssh
2	196	0	0	0.0	0.0	0.0	0.0	1	98	1	98	0.0	0.0	0.0	0.0	ssh
2	196	0	0	0.0	0.0	0.0	0.0	0	0	0	0	0.0	0.0	0.0	0.0	ssh
2	196	0	0	0.0	0.0	0.0	0.0	1	98	1	98	0.0	0.0	0.0	0.0	ssh
2	196	0	0	0.0	0.0	0.0	0.0	1	98	1	98	0.0	0.0	0.0	0.0	ssh
2	196	0	0	0.0	0.0	0.0	0.0	1	98	1	98	0.0	0.0	0.0	0.0	ssh
2	196	0	0	0.0	0.0	0.0	0.0	1	98	1	98	0.0	0.0	0.0	0.0	ssh
1	98	0	0	0.0	0.0	0.0	0.0	0	0	0	0	0.0	0.0	0.0	0.0	ssh
2	196	0	0	0.0	0.0	0.0	0.0	1	98	1	98	0.0	0.0	0.0	0.0	ssh
2	196	0	0	0.0	0.0	0.0	0.0	1	98	1	98	0.0	0.0	0.0	0.0	ssh
1	98	0	0	0.0	0.0	0.0	0.0	0	0	0	0	0.0	0.0	0.0	0.0	ssh
2	196	0	0	0.0	0.0	0.0	0.0	1	98	1	98	0.0	0.0	0.0	0.0	ssh
2	196	0	0	0.0	0.0	0.0	0.0	1	98	1	98	0.0	0.0	0.0	0.0	ssh
1	98	0	0	0.0	0.0	0.0	0.0	0	0	0	0	0.0	0.0	0.0	0.0	ssh
10	656	0	0	0.0	0.0	0.0	0.0	0	0	0	0	0.0	0.0	0.0	0.0	ssh
2	196	0	0	0.0	2.0	0.0	196.0	1	98	1	98	0.0	0.0	0.0	0.0	ssh
2	196	0	0	0.0	0.0	0.0	0.0	1	98	1	98	0.0	0.0	0.0	0.0	ssh
1	98	0	0	0.0	0.0	0.0	0.0	0	0	0	0	0.0	0.0	0.0	0.0	ssh
10	656	0	0	0.0	0.0	0.0	0.0	0	0	0	0	0.0	0.0	0.0	0.0	ssh
2	196	0	0	0.0	2.0	0.0	196.0	1	98	0	0	0.0	1.0	0.0	98.0	ssh
2	196	0	0	0.0	0.0	0.0	0.0	1	98	1	98	0.0	0.0	0.0	0.0	ssh
1	98	0	0	0.0	0.0	0.0	0.0	0	0	0	0	0.0	0.0	0.0	0.0	ssh
10	656	0	0	0.0	0.0	0.0	0.0	0	0	0	0	0.0	0.0	0.0	0.0	ssh
2	196	0	0	0.0	2.0	0.0	196.0	1	98	0	0	0.0	1.0	0.0	98.0	ssh
2	196	0	0	0.0	2.0	0.0	196.0	1	98	1	98	0.0	0.0	0.0	0.0	ssh
1	98	0	0	0.0	0.0	0.0	0.0	0	0	0	0	0.0	0.0	0.0	0.0	ssh
10	656	0	0	0.0	0.0	0.0	0.0	0	0	0	0	0.0	0.0	0.0	0.0	ssh
2	196	0	0	0.0	2.0	0.0	196.0	1	98	0	0	0.0	1.0	0.0	98.0	ssh
2	196	0	0	0.0	2.0	0.0	196.0	1	98	0	0	0.0	1.0	0.0	98.0	ssh
1	98	0	0	0.0	0.0	0.0	0.0	0	0	0	0	0.0	0.0	0.0	0.0	ssh
10	656	0	0	0.0	0.0	0.0	0.0	0	0	0	0	0.0	0.0	0.0	0.0	ssh
2	196	0	0	0.0	2.0	0.0	196.0	1	98	0	0	0.0	1.0	0.0	98.0	ssh
2	196	0	0	0.0	2.0	0.0	196.0	1	98	0	0	0.0	1.0	0.0	98.0	ssh
2	196	1	98	1.0	2.0	98.0	196.0	0	0	0	0	0.0	0.0	0.0	0.0	ssh
10	656	0	0	0.0	0.0	0.0	0.0	0	0	0	0	0.0	0.0	0.0	0.0	ssh
2	196	0	0	0.0	2.0	0.0	196.0	1	98	0	0	0.0	1.0	0.0	98.0	ssh
2	196	0	0	0.0	2.0	0.0	196.0	1	98	0	0	0.0	1.0	0.0	98.0	ssh
2	196	1	98	1.0	2.0	98.0	196.0	1	98	1	98	1.0	1.0	98.0	98.0	ssh
10	656	0	0	0.0	0.0	0.0	0.0	0	0	0	0	0.0	0.0	0.0	0.0	ssh
2	196	0	0	0.0	2.0	0.0	196.0	1	98	0	0	0.0	1.0	0.0	98.0	ssh
2	196	0	0	0.0	2.0	0.0	196.0	1	98	0	0	0.0	1.0	0.0	98.0	ssh
2	196	1	98	1.0	2.0	98.0	196.0	1	98	1	98	1.0	1.0	98.0	98.0	ssh
15	1134	5	478	5.0	15.0	478.0	1134.0	0	0	0	0	0.0	0.0	0.0	0.0	ssh
2	196	0	0	0.0	1.0	0.0	98.0	1	98	0	0	0.0	1.0	0.0	98.0	ssh
2	196	0	0	0.0	2.0	0.0	196.0	1	98	0	0	0.0	1.0	0.0	98.0	ssh
2	196	1	98	1.0	2.0	98.0	196.0	1	98	1	98	1.0	1.0	98.0	98.0	ssh
15	1134	5	478	5.0	15.0	478.0	1134.0	0	0	0	0	0.0	0.0	0.0	0.0	ssh
2	196	0	0	0.0	1.0	0.0	98.0	1	98	0	0	0.0	0.5	0.0	49.0	ssh
2	196	0	0	0.0	2.0	0.0	196.0	1	98	0	0	0.0	1.0	0.0	98.0	ssh
2	196	1	98	1.0	2.0	98.0	196.0	1	98	1	98	1.0	1.0	98.0	98.0	ssh
15	1134	5	478	5.0	15.0	478.0	1134.0	0	0	0	0	0.0	0.0	0.0	0.0	ssh
2	196	0	0	0.0	1.0	0.0	98.0	1	98	0	0	0.0	0.5	0.0	49.0	ssh
2	196	0	0	0.0	1.0	0.0	98.0	1	98	0	0	0.0	1.0	0.0	98.0	ssh
2	196	1	98	1.0	2.0	98.0	196.0	1	98	1	98	1.0	1.0	98.0	98.0	ssh
15	1134	5	478	5.0	15.0	478.0	1134.0	0	0	0	0	0.0	0.0	0.0	0.0	ssh
2	196	0	0	0.0	1.0	0.0	98.0	1	98	0	0	0.0	0.5	0.0	49.0	ssh
2	196	0	0	0.0	1.0	0.0	98.0	1	98	0	0	0.0	0.5	0.0	49.0	ssh
2	196	1	98	1.0	2.0	98.0	196.0	1	98	1	98	1.0	1.0	98.0	98.0	ssh
15	1134	5	478	5.0	15.0	478.0	1134.0	0	0	0	0	0.0	0.0	0.0	0.0	ssh
2	196	0	0	0.0	1.0	0.0	98.0	1	98	0	0	0.0	0.5	0.0	49.0	ssh
2	196	0	0	0.0	1.0	0.0	98.0	1	98	0	0	0.0	0.5	0.0	49.0	ssh
2	196	0	0	0.0	1.0	0.0	98.0	1	98	1	98	1.0	1.0	98.0	98.0	ssh
15	1134	5	478	5.0	15.0	478.0	1134.0	0	0	0	0	0.0	0.0	0.0	0.0	ssh
2	196	0	0	0.0	1.0	0.0	98.0	1	98	0	0	0.0	0.5	0.0	49.0	ssh
2	196	0	0	0.0	1.0	0.0	98.0	1	98	0	0	0.0	0.5	0.0	49.0	ssh
2	196	0	0	0.0	1.0	0.0	98.0	1	98	0	0	0.0	0.5	0.0	49.0	ssh
15	1134	5	478	5.0	15.0	478.0	1134.0	0	0	0	0	0.0	0.0	0.0	0.0	ssh
2	196	0	0	0.0	1.0	0.0	98.0	1	98	0	0	0.0	0.5	0.0	49.0	ssh
2	196	0	0	0.0	1.0	0.0	98.0	1	98	0	0	0.0	0.5	0.0	49.0	ssh
2	196	0	0	0.0	1.0	0.0	98.0	1	98	0	0	0.0	0.5	0.0	49.0	ssh
22	1704	7	570	7.0	11.0	570.0	852.0	0	0	0	0	0.0	0.0	0.0	0.0	ssh
2	196	0	0	0.0	0.6666666666666666	0.0	65.33333333333333	1	98	0	0	0.0	0.5	0.0	49.0	ssh
2	196	0	0	0.0	1.0	0.0	98.0	1	98	0	0	0.0	0.5	0.0	49.0	ssh
2	196	0	0	0.0	1.0	0.0	98.0	1	98	0	0	0.0	0.5	0.0	49.0	ssh
22	1704	7	570	7.0	11.0	570.0	852.0	0	0	0	0	0.0	0.0	0.0	0.0	ssh
2	196	0	0	0.0	0.6666666666666666	0.0	65.33333333333333	1	98	0	0	0.0	0.3333333333333333	0.0	32.666666666666664	ssh
2	196	0	0	0.0	1.0	0.0	98.0	1	98	0	0	0.0	0.5	0.0	49.0	ssh
2	196	0	0	0.0	1.0	0.0	98.0	1	98	0	0	0.0	0.5	0.0	49.0	ssh
22	1704	7	570	7.0	11.0	570.0	852.0	0	0	0	0	0.0	0.0	0.0	0.0	ssh
2	196	0	0	0.0	0.6666666666666666	0.0	65.33333333333333	1	98	0	0	0.0	0.3333333333333333	0.0	32.666666666666664	ssh
2	196	0	0	0.0	0.6666666666666666	0.0	65.33333333333333	1	98	0	0	0.0	0.5	0.0	49.0	ssh
2	196	0	0	0.0	1.0	0.0	98.0	1	98	0	0	0.0	0.5	0.0	49.0	ssh
22	1704	7	570	7.0	11.0	570.0	852.0	0	0	0	0	0.0	0.0	0.0	0.0	ssh
2	196	0	0	0.0	0.6666666666666666	0.0	65.33333333333333	1	98	0	0	0.0	0.3333333333333333	0.0	32.666666666666664	ssh
2	196	0	0	0.0	0.6666666666666666	0.0	65.33333333333333	1	98	0	0	0.0	0.3333333333333333	0.0	32.666666666666664	ssh
2	196	0	0	0.0	1.0	0.0	98.0	1	98	0	0	0.0	0.5	0.0	49.0	ssh
22	1704	7	570	7.0	11.0	570.0	852.0	0	0	0	0	0.0	0.0	0.0	0.0	ssh
2	196	0	0	0.0	0.6666666666666666	0.0	65.33333333333333	1	98	0	0	0.0	0.3333333333333333	0.0	32.666666666666664	ssh
2	196	0	0	0.0	0.6666666666666666	0.0	65.33333333333333	1	98	0	0	0.0	0.3333333333333333	0.0	32.666666666666664	ssh
2	196	0	0	0.0	0.6666666666666666	0.0	65.33333333333333	1	98	0	0	0.0	0.5	0.0	49.0	ssh
22	1704	7	570	7.0	11.0	570.0	852.0	0	0	0	0	0.0	0.0	0.0	0.0	ssh
2	196	0	0	0.0	0.6666666666666666	0.0	65.33333333333333	1	98	0	0	0.0	0.3333333333333333	0.0	32.666666666666664	ssh
2	196	0	0	0.0	0.6666666666666666	0.0	65.33333333333333	1	98	0	0	0.0	0.3333333333333333	0.0	32.666666666666664	ssh
2	196	0	0	0.0	0.6666666666666666	0.0	65.33333333333333	1	98	0	0	0.0	0.3333333333333333	0.0	32.666666666666664	ssh
22	1704	7	570	7.0	11.0	570.0	852.0	0	0	0	0	0.0	0.0	0.0	0.0	ssh
2	196	0	0	0.0	0.6666666666666666	0.0	65.33333333333333	1	98	0	0	0.0	0.3333333333333333	0.0	32.666666666666664	ssh
2	196	0	0	0.0	0.6666666666666666	0.0	65.33333333333333	1	98	0	0	0.0	0.3333333333333333	0.0	32.666666666666664	ssh
2	196	0	0	0.0	0.6666666666666666	0.0	65.33333333333333	1	98	0	0	0.0	0.3333333333333333	0.0	32.666666666666664	ssh
24	1884	2	180	2.0	8.0	180.0	628.0	0	0	0	0	0.0	0.0	0.0	0.0	ssh
2	196	0	0	0.0	0.5	0.0	49.0	1	98	0	0	0.0	0.3333333333333333	0.0	32.666666666666664	ssh
2	196	0	0	0.0	0.6666666666666666	0.0	65.33333333333333	1	98	0	0	0.0	0.3333333333333333	0.0	32.666666666666664	ssh
2	196	0	0	0.0	0.6666666666666666	0.0	65.33333333333333	1	98	0	0	0.0	0.3333333333333333	0.0	32.666666666666664	ssh
24	1884	2	180	2.0	8.0	180.0	628.0	0	0	0	0	0.0	0.0	0.0	0.0	ssh
2	196	0	0	0.0	0.5	0.0	49.0	1	98	0	0	0.0	0.25	0.0	24.5	ssh
2	196	0	0	0.0	0.6666666666666666	0.0	65.33333333333333	1	98	0	0	0.0	0.3333333333333333	0.0	32.666666666666664	ssh
2	196	0	0	0.0	0.6666666666666666	0.0	65.33333333333333	1	98	0	0	0.0	0.3333333333333333	0.0	32.666666666666664	ssh
24	1884	2	180	2.0	8.0	180.0	628.0	0	0	0	0	0.0	0.0	0.0	0.0	ssh
2	196	0	0	0.0	0.5	0.0	49.0	1	98	0	0	0.0	0.25	0.0	24.5	ssh
2	196	0	0	0.0	0.5	0.0	49.0	1	98	0	0	0.0	0.3333333333333333	0.0	32.666666666666664	ssh
2	196	0	0	0.0	0.6666666666666666	0.0	65.33333333333333	1	98	0	0	0.0	0.3333333333333333	0.0	32.666666666666664	ssh
24	1884	2	180	2.0	8.0	180.0	628.0	0	0	0	0	0.0	0.0	0.0	0.0	ssh
2	196	0	0	0.0	0.5	0.0	49.0	1	98	0	0	0.0	0.25	0.0	24.5	ssh
2	196	0	0	0.0	0.5	0.0	49.0	1	98	0	0	0.0	0.25	0.0	24.5	ssh
2	196	0	0	0.0	0.6666666666666666	0.0	65.33333333333333	1	98	0	0	0.0	0.3333333333333333	0.0	32.666666666666664	ssh
24	1884	2	180	2.0	8.0	180.0	628.0	0	0	0	0	0.0	0.0	0.0	0.0	ssh
2	196	0	0	0.0	0.5	0.0	49.0	1	98	0	0	0.0	0.25	0.0	24.5	ssh
2	196	0	0	0.0	0.5	0.0	49.0	1	98	0	0	0.0	0.25	0.0	24.5	ssh
2	196	0	0	0.0	0.5	0.0	49.0	1	98	0	0	0.0	0.3333333333333333	0.0	32.666666666666664	ssh
24	1884	2	180	2.0	8.0	180.0	628.0	0	0	0	0	0.0	0.0	0.0	0.0	ssh
2	196	0	0	0.0	0.5	0.0	49.0	1	98	0	0	0.0	0.25	0.0	24.5	ssh
2	196	0	0	0.0	0.5	0.0	49.0	1	98	0	0	0.0	0.25	0.0	24.5	ssh
2	196	0	0	0.0	0.5	0.0	49.0	1	98	0	0	0.0	0.25	0.0	24.5	ssh
24	1884	2	180	2.0	8.0	180.0	628.0	0	0	0	0	0.0	0.0	0.0	0.0	ssh
2	196	0	0	0.0	0.5	0.0	49.0	1	98	0	0	0.0	0.25	0.0	24.5	ssh
2	196	0	0	0.0	0.5	0.0	49.0	1	98	0	0	0.0	0.25	0.0	24.5	ssh
2	196	0	0	0.0	0.5	0.0	49.0	1	98	0	0	0.0	0.25	0.0	24.5	ssh
24	1884	0	0	0.0	6.0	0.0	471.0	0	0	0	0	0.0	0.0	0.0	0.0	ssh
3	238	1	42	1.0	0.6	42.0	47.6	1	98	0	0	0.0	0.25	0.0	24.5	ssh
2	196	0	0	0.0	0.5	0.0	49.0	1	98	0	0	0.0	0.25	0.0	24.5	ssh
2	196	0	0	0.0	0.5	0.0	49.0	1	98	0	0	0.0	0.25	0.0	24.5	ssh
24	1884	0	0	0.0	6.0	0.0	471.0	0	0	0	0	0.0	0.0	0.0	0.0	ssh
3	238	1	42	1.0	0.6	42.0	47.6	2	140	1	42	1.0	0.4	42.0	28.0	ssh
2	196	0	0	0.0	0.5	0.0	49.0	1	98	0	0	0.0	0.25	0.0	24.5	ssh
2	196	0	0	0.0	0.5	0.0	49.0	1	98	0	0	0.0	0.25	0.0	24.5	ssh
24	1884	0	0	0.0	6.0	0.0	471.0	0	0	0	0	0.0	0.0	0.0	0.0	ssh
3	238	1	42	1.0	0.6	42.0	47.6	2	140	1	42	1.0	0.4	42.0	28.0	ssh
3	238	1	42	1.0	0.6	42.0	47.6	1	98	0	0	0.0	0.25	0.0	24.5	ssh
2	196	0	0	0.0	0.5	0.0	49.0	1	98	0	0	0.0	0.25	0.0	24.5	ssh
24	1884	0	0	0.0	6.0	0.0	471.0	0	0	0	0	0.0	0.0	0.0	0.0	ssh
3	238	1	42	1.0	0.6	42.0	47.6	2	140	1	42	1.0	0.4	42.0	28.0	ssh
3	238	1	42	1.0	0.6	42.0	47.6	2	140	1	42	1.0	0.4	42.0	28.0	ssh
2	196	0	0	0.0	0.5	0.0	49.0	1	98	0	0	0.0	0.25	0.0	24.5	ssh
24	1884	0	0	0.0	6.0	0.0	471.0	0	0	0	0	0.0	0.0	0.0	0.0	ssh
3	238	1	42	1.0	0.6	42.0	47.6	2	140	1	42	1.0	0.4	42.0	28.0	ssh
3	238	1	42	1.0	0.6	42.0	47.6	2	140	1	42	1.0	0.4	42.0	28.0	ssh
2	196	0	0	0.0	0.4	0.0	39.2	1	98	0	0	0.0	0.25	0.0	24.5	ssh
24	1884	0	0	0.0	6.0	0.0	471.0	0	0	0	0	0.0	0.0	0.0	0.0	ssh
3	238	1	42	1.0	0.6	42.0	47.6	2	140	1	42	1.0	0.4	42.0	28.0	ssh
3	238	1	42	1.0	0.6	42.0	47.6	2	140	1	42	1.0	0.4	42.0	28.0	ssh
2	196	0	0	0.0	0.4	0.0	39.2	2	140	1	42	1.0	0.4	42.0	28.0	ssh
24	1884	0	0	0.0	6.0	0.0	471.0	0	0	0	0	0.0	0.0	0.0	0.0	ssh
3	238	1	42	1.0	0.6	42.0	47.6	2	140	1	42	1.0	0.4	42.0	28.0	ssh
3	238	1	42	1.0	0.6	42.0	47.6	2	140	1	42	1.0	0.4	42.0	28.0	ssh
2	196	0	0	0.0	0.4	0.0	39.2	2	140	1	42	1.0	0.4	42.0	28.0	ssh
24	1884	0	0	0.0	4.8	0.0	376.8	0	0	0	0	0.0	0.0	0.0	0.0	ssh
3	238	0	0	0.0	0.5	0.0	39.666666666666664	2	140	1	42	1.0	0.4	42.0	28.0	ssh
3	238	1	42	1.0	0.6	42.0	47.6	2	140	1	42	1.0	0.4	42.0	28.0	ssh
2	196	0	0	0.0	0.4	0.0	39.2	2	140	1	42	1.0	0.4	42.0	28.0	ssh
24	1884	0	0	0.0	4.8	0.0	376.8	0	0	0	0	0.0	0.0	0.0	0.0	ssh
3	238	0	0	0.0	0.5	0.0	39.666666666666664	2	140	0	0	0.0	0.3333333333333333	0.0	23.333333333333332	ssh
3	238	1	42	1.0	0.6	42.0	47.6	2	140	1	42	1.0	0.4	42.0	28.0	ssh
2	196	0	0	0.0	0.4	0.0	39.2	2	140	1	42	1.0	0.4	42.0	28.0	ssh
24	1884	0	0	0.0	4.8	0.0	376.8	0	0	0	0	0.0	0.0	0.0	0.0	ssh
3	238	0	0	0.0	0.5	0.0	39.666666666666664	2	140	0	0	0.0	0.3333333333333333	0.0	23.333333333333332	ssh
3	238	0	0	0.0	0.5	0.0	39.666666666666664	2	140	1	42	1.0	0.4	42.0	28.0	ssh
2	196	0	0	0.0	0.4	0.0	39.2	2	140	1	42	1.0	0.4	42.0	28.0	ssh
24	1884	0	0	0.0	4.8	0.0	376.8	0	0	0	0	0.0	0.0	0.0	0.0	ssh
3	238	0	0	0.0	0.5	0.0	39.666666666666664	2	140	0	0	0.0	0.3333333333333333	0.0	23.333333333333332	ssh
3	238	0	0	0.0	0.5	0.0	39.666666666666664	2	140	0	0	0.0	0.3333333333333333	0.0	23.333333333333332	ssh
2	196	0	0	0.0	0.4	0.0	39.2	2	140	1	42	1.0	0.4	42.0	28.0	ssh
24	1884	0	0	0.0	4.8	0.0	376.8	0	0	0	0	0.0	0.0	0.0	0.0	ssh
3	238	0	0	0.0	0.5	0.0	39.666666666666664	2	140	0	0	0.0	0.3333333333333333	0.0	23.333333333333332	ssh
3	238	0	0	0.0	0.5	0.0	39.666666666666664	2	140	0	0	0.0	0.3333333333333333	0.0	23.333333333333332	ssh
3	238	1	42	1.0	0.5	42.0	39.666666666666664	2	140	1	42	1.0	0.4	42.0	28.0	ssh
24	1884	0	0	0.0	4.8	0.0	376.8	0	0	0	0	0.0	0.0	0.0	0.0	ssh
3	238	0	0	0.0	0.5	0.0	39.666666666666664	2	140	0	0	0.0	0.3333333333333333	0.0	23.333333333333332	ssh
3	238	0	0	0.0	0.5	0.0	39.666666666666664	2	140	0	0	0.0	0.3333333333333333	0.0	23.333333333333332	ssh
3	238	1	42	1.0	0.5	42.0	39.666666666666664	2	140	0	0	0.0	0.3333333333333333	0.0	23.333333333333332	ssh
24	1884	0	0	0.0	4.8	0.0	376.8	0	0	0	0	0.0	0.0	0.0	0.0	ssh
3	238	0	0	0.0	0.5	0.0	39.666666666666664	2	140	0	0	0.0	0.3333333333333333	0.0	23.333333333333332	ssh
3	238	0	0	0.0	0.5	0.0	39.666666666666664	2	140	0	0	0.0	0.3333333333333333	0.0	23.333333333333332	ssh
3	238	1	42	1.0	0.5	42.0	39.666666666666664	2	140	0	0	0.0	0.3333333333333333	0.0	23.333333333333332	ssh
27	2094	3	210	3.0	4.5	210.0	349.0	0	0	0	0	0.0	0.0	0.0	0.0	ssh
3	238	0	0	0.0	0.42857142857142855	0.0	34.0	2	140	0	0	0.0	0.3333333333333333	0.0	23.333333333333332	ssh
3	238	0	0	0.0	0.5	0.0	39.666666666666664	2	140	0	0	0.0	0.3333333333333333	0.0	23.333333333333332	ssh
3	238	1	42	1.0	0.5	42.0	39.666666666666664	2	140	0	0	0.0	0.3333333333333333	0.0	23.333333333333332	ssh
27	2094	3	210	3.0	4.5	210.0	349.0	0	0	0	0	0.0	0.0	0.0	0.0	ssh
3	238	0	0	0.0	0.42857142857142855	0.0	34.0	2	140	0	0	0.0	0.2857142857142857	0.0	20.0	ssh
3	238	0	0	0.0	0.5	0.0	39.666666666666664	2	140	0	0	0.0	0.3333333333333333	0.0	23.333333333333332	ssh
3	238	1	42	1.0	0.5	42.0	39.666666666666664	2	140	0	0	0.0	0.3333333333333333	0.0	23.333333333333332	ssh
27	2094	3	210	3.0	4.5	210.0	349.0	0	0	0	0	0.0	0.0	0.0	0.0	ssh
3	238	0	0	0.0	0.42857142857142855	0.0	34.0	2	140	0	0	0.0	0.2857142857142857	0.0	20.0	ssh
3	238	0	0	0.0	0.42857142857142855	0.0	34.0	2	140	0	0	0.0	0.3333333333333333	0.0	23.333333333333332	ssh
3	238	1	42	1.0	0.5	42.0	39.666666666666664	2	140	0	0	0.0	0.3333333333333333	0.0	23.333333333333332	ssh
27	2094	3	210	3.0	4.5	210.0	349.0	0	0	0	0	0.0	0.0	0.0	0.0	ssh
3	238	0	0	0.0	0.42857142857142855	0.0	34.0	2	140	0	0	0.0	0.2857142857142857	0.0	20.0	ssh
3	238	0	0	0.0	0.42857142857142855	0.0	34.0	2	140	0	0	0.0	0.2857142857142857	0.0	20.0	ssh
3	238	1	42	1.0	0.5	42.0	39.666666666666664	2	140	0	0	0.0	0.3333333333333333	0.0	23.333333333333332	ssh
27	2094	3	210	3.0	4.5	210.0	349.0	0	0	0	0	0.0	0.0	0.0	0.0	ssh
3	238	0	0	0.0	0.42857142857142855	0.0	34.0	2	140	0	0	0.0	0.2857142857142857	0.0	20.0	ssh
3	238	0	0	0.0	0.42857142857142855	0.0	34.0	2	140	0	0	0.0	0.2857142857142857	0.0	20.0	ssh
3	238	0	0	0.0	0.42857142857142855	0.0	34.0	2	140	0	0	0.0	0.3333333333333333	0.0	23.333333333333332	ssh
27	2094	3	210	3.0	4.5	210.0	349.0	0	0	0	0	0.0	0.0	0.0	0.0	ssh
3	238	0	0	0.0	0.42857142857142855	0.0	34.0	2	140	0	0	0.0	0.2857142857142857	0.0	20.0	ssh
3	238	0	0	0.0	0.42857142857142855	0.0	34.0	2	140	0	0	0.0	0.2857142857142857	0.0	20.0	ssh
3	238	0	0	0.0	0.42857142857142855	0.0	34.0	2	140	0	0	0.0	0.2857142857142857	0.0	20.0	ssh
27	2094	3	210	3.0	4.5	210.0	349.0	0	0	0	0	0.0	0.0	0.0	0.0	ssh
3	238	0	0	0.0	0.42857142857142855	0.0	34.0	2	140	0	0	0.0	0.2857142857142857	0.0	20.0	ssh
3	238	0	0	0.0	0.42857142857142855	0.0	34.0	2	140	0	0	0.0	0.2857142857142857	0.0	20.0	ssh
3	238	0	0	0.0	0.42857142857142855	0.0	34.0	2	140	0	0	0.0	0.2857142857142857	0.0	20.0	ssh
27	2094	0	0	0.0	3.857142857142857	0.0	299.14285714285717	0	0	0	0	0.0	0.0	0.0	0.0	ssh
3	238	0	0	0.0	0.375	0.0	29.75	2	140	0	0	0.0	0.2857142857142857	0.0	20.0	ssh
3	238	0	0	0.0	0.42857142857142855	0.0	34.0	2	140	0	0	0.0	0.2857142857142857	0.0	20.0	ssh
3	238	0	0	0.0	0.42857142857142855	0.0	34.0	2	140	0	0	0.0	0.2857142857142857	0.0	20.0	ssh
27	2094	0	0	0.0	3.857142857142857	0.0	299.14285714285717	0	0	0	0	0.0	0.0	0.0	0.0	ssh
3	238	0	0	0.0	0.375	0.0	29.75	2	140	0	0	0.0	0.25	0.0	17.5	ssh
3	238	0	0	0.0	0.42857142857142855	0.0	34.0	2	140	0	0	0.0	0.2857142857142857	0.0	20.0	ssh
3	238	0	0	0.0	0.42857142857142855	0.0	34.0	2	140	0	0	0.0	0.2857142857142857	0.0	20.0	ssh
27	2094	0	0	0.0	3.857142857142857	0.0	299.14285714285717	0	0	0	0	0.0	0.0	0.0	0.0	ssh
3	238	0	0	0.0	0.375	0.0	29.75	2	140	0	0	0.0	0.25	0.0	17.5	ssh
3	238	0	0	0.0	0.375	0.0	29.75	2	140	0	0	0.0	0.2857142857142857	0.0	20.0	ssh
3	238	0	0	0.0	0.42857142857142855	0.0	34.0	2	140	0	0	0.0	0.2857142857142857	0.0	20.0	ssh
27	2094	0	0	0.0	3.857142857142857	0.0	299.14285714285717	0	0	0	0	0.0	0.0	0.0	0.0	ssh
3	238	0	0	0.0	0.375	0.0	29.75	2	140	0	0	0.0	0.25	0.0	17.5	ssh
3	238	0	0	0.0	0.375	0.0	29.75	2	140	0	0	0.0	0.25	0.0	17.5	ssh
3	238	0	0	0.0	0.42857142857142855	0.0	34.0	2	140	0	0	0.0	0.2857142857142857	0.0	20.0	ssh
27	2094	0	0	0.0	3.857142857142857	0.0	299.14285714285717	0	0	0	0	0.0	0.0	0.0	0.0	ssh
3	238	0	0	0.0	0.375	0.0	29.75	2	140	0	0	0.0	0.25	0.0	17.5	ssh
3	238	0	0	0.0	0.375	0.0	29.75	2	140	0	0	0.0	0.25	0.0	17.5	ssh
3	238	0	0	0.0	0.375	0.0	29.75	2	140	0	0	0.0	0.2857142857142857	0.0	20.0	ssh
27	2094	0	0	0.0	3.857142857142857	0.0	299.14285714285717	0	0	0	0	0.0	0.0	0.0	0.0	ssh
3	238	0	0	0.0	0.375	0.0	29.75	2	140	0	0	0.0	0.25	0.0	17.5	ssh
3	238	0	0	0.0	0.375	0.0	29.75	2	140	0	0	0.0	0.25	0.0	17.5	ssh
3	238	0	0	0.0	0.375	0.0	29.75	2	140	0	0	0.0	0.25	0.0	17.5	ssh
27	2094	0	0	0.0	3.857142857142857	0.0	299.14285714285717	0	0	0	0	0.0	0.0	0.0	0.0	ssh
3	238	0	0	0.0	0.375	0.0	29.75	2	140	0	0	0.0	0.25	0.0	17.5	ssh
3	238	0	0	0.0	0.375	0.0	29.75	2	140	0	0	0.0	0.25	0.0	17.5	ssh
3	238	0	0	0.0	0.375	0.0	29.75	2	140	0	0	0.0	0.25	0.0	17.5	ssh
27	2094	0	0	0.0	3.375	0.0	261.75	0	0	0	0	0.0	0.0	0.0	0.0	ssh
3	238	0	0	0.0	0.3333333333333333	0.0	26.444444444444443	2	140	0	0	0.0	0.25	0.0	17.5	ssh
3	238	0	0	0.0	0.375	0.0	29.75	2	140	0	0	0.0	0.25	0.0	17.5	ssh
3	238	0	0	0.0	0.375	0.0	29.75	2	140	0	0	0.0	0.25	0.0	17.5	ssh
27	2094	0	0	0.0	3.375	0.0	261.75	0	0	0	0	0.0	0.0	0.0	0.0	ssh
3	238	0	0	0.0	0.3333333333333333	0.0	26.444444444444443	2	140	0	0	0.0	0.2222222222222222	0.0	15.555555555555555	ssh
3	238	0	0	0.0	0.375	0.0	29.75	2	140	0	0	0.0	0.25	0.0	17.5	ssh
3	238	0	0	0.0	0.375	0.0	29.75	2	140	0	0	0.0	0.25	0.0	17.5	ssh
27	2094	0	0	0.0	3.375	0.0	261.75	0	0	0	0	0.0	0.0	0.0	0.0	ssh
3	238	0	0	0.0	0.3333333333333333	0.0	26.444444444444443	2	140	0	0	0.0	0.2222222222222222	0.0	15.555555555555555	ssh
3	238	0	0	0.0	0.3333333333333333	0.0	26.444444444444443	2	140	0	0	0.0	0.25	0.0	17.5	ssh
3	238	0	0	0.0	0.375	0.0	29.75	2	140	0	0	0.0	0.25	0.0	17.5	ssh
27	2094	0	0	0.0	3.375	0.0	261.75	0	0	0	0	0.0	0.0	0.0	0.0	ssh
3	238	0	0	0.0	0.3333333333333333	0.0	26.444444444444443	2	140	0	0	0.0	0.2222222222222222	0.0	15.555555555555555	ssh
3	238	0	0	0.0	0.3333333333333333	0.0	26.444444444444443	2	140	0	0	0.0	0.2222222222222222	0.0	15.555555555555555	ssh
3	238	0	0	0.0	0.375	0.0	29.75	2	140	0	0	0.0	0.25	0.0	17.5	ssh
27	2094	0	0	0.0	3.375	0.0	261.75	0	0	0	0	0.0	0.0	0.0	0.0	ssh
3	238	0	0	0.0	0.3333333333333333	0.0	26.444444444444443	2	140	0	0	0.0	0.2222222222222222	0.0	15.555555555555555	ssh
3	238	0	0	0.0	0.3333333333333333	0.0	26.444444444444443	2	140	0	0	0.0	0.2222222222222222	0.0	15.555555555555555	ssh
3	238	0	0	0.0	0.3333333333333333	0.0	26.444444444444443	2	140	0	0	0.0	0.25	0.0	17.5	ssh
27	2094	0	0	0.0	3.375	0.0	261.75	0	0	0	0	0.0	0.0	0.0	0.0	ssh
3	238	0	0	0.0	0.3333333333333333	0.0	26.444444444444443	2	140	0	0	0.0	0.2222222222222222	0.0	15.555555555555555	ssh
3	238	0	0	0.0	0.3333333333333333	0.0	26.444444444444443	2	140	0	0	0.0	0.2222222222222222	0.0	15.555555555555555	ssh
3	238	0	0	0.0	0.3333333333333333	0.0	26.444444444444443	2	140	0	0	0.0	0.2222222222222222	0.0	15.555555555555555	ssh
27	2094	0	0	0.0	3.375	0.0	261.75	0	0	0	0	0.0	0.0	0.0	0.0	ssh
3	238	0	0	0.0	0.3333333333333333	0.0	26.444444444444443	2	140	0	0	0.0	0.2222222222222222	0.0	15.555555555555555	ssh
3	238	0	0	0.0	0.3333333333333333	0.0	26.444444444444443	2	140	0	0	0.0	0.2222222222222222	0.0	15.555555555555555	ssh
3	238	0	0	0.0	0.3333333333333333	0.0	26.444444444444443	2	140	0	0	0.0	0.2222222222222222	0.0	15.555555555555555	ssh
27	2094	0	0	0.0	3.0	0.0	232.66666666666666	0	0	0	0	0.0	0.0	0.0	0.0	ssh
3	238	0	0	0.0	0.3	0.0	23.8	2	140	0	0	0.0	0.2222222222222222	0.0	15.555555555555555	ssh
3	238	0	0	0.0	0.3333333333333333	0.0	26.444444444444443	2	140	0	0	0.0	0.2222222222222222	0.0	15.555555555555555	ssh
3	238	0	0	0.0	0.3333333333333333	0.0	26.444444444444443	2	140	0	0	0.0	0.2222222222222222	0.0	15.555555555555555	ssh
27	2094	0	0	0.0	3.0	0.0	232.66666666666666	0	0	0	0	0.0	0.0	0.0	0.0	ssh
3	238	0	0	0.0	0.3	0.0	23.8	2	140	0	0	0.0	0.2	0.0	14.0	ssh
3	238	0	0	0.0	0.3333333333333333	0.0	26.444444444444443	2	140	0	0	0.0	0.2222222222222222	0.0	15.555555555555555	ssh
3	238	0	0	0.0	0.3333333333333333	0.0	26.444444444444443	2	140	0	0	0.0	0.2222222222222222	0.0	15.555555555555555	ssh
27	2094	0	0	0.0	3.0	0.0	232.66666666666666	0	0	0	0	0.0	0.0	0.0	0.0	ssh
3	238	0	0	0.0	0.3	0.0	23.8	2	140	0	0	0.0	0.2	0.0	14.0	ssh
3	238	0	0	0.0	0.3	0.0	23.8	2	140	0	0	0.0	0.2222222222222222	0.0	15.555555555555555	ssh
3	238	0	0	0.0	0.3333333333333333	0.0	26.444444444444443	2	140	0	0	0.0	0.2222222222222222	0.0	15.555555555555555	ssh
27	2094	0	0	0.0	3.0	0.0	232.66666666666666	0	0	0	0	0.0	0.0	0.0	0.0	ssh
3	238	0	0	0.0	0.3	0.0	23.8	2	140	0	0	0.0	0.2	0.0	14.0	ssh
3	238	0	0	0.0	0.3	0.0	23.8	2	140	0	0	0.0	0.2	0.0	14.0	ssh
3	238	0	0	0.0	0.3333333333333333	0.0	26.444444444444443	2	140	0	0	0.0	0.2222222222222222	0.0	15.555555555555555	ssh
27	2094	0	0	0.0	3.0	0.0	232.66666666666666	0	0	0	0	0.0	0.0	0.0	0.0	ssh
3	238	0	0	0.0	0.3	0.0	23.8	2	140	0	0	0.0	0.2	0.0	14.0	ssh
3	238	0	0	0.0	0.3	0.0	23.8	2	140	0	0	0.0	0.2	0.0	14.0	ssh
3	238	0	0	0.0	0.3	0.0	23.8	2	140	0	0	0.0	0.2222222222222222	0.0	15.555555555555555	ssh
27	2094	0	0	0.0	3.0	0.0	232.66666666666666	0	0	0	0	0.0	0.0	0.0	0.0	ssh
3	238	0	0	0.0	0.3	0.0	23.8	2	140	0	0	0.0	0.2	0.0	14.0	ssh
3	238	0	0	0.0	0.3	0.0	23.8	2	140	0	0	0.0	0.2	0.0	14.0	ssh
3	238	0	0	0.0	0.3	0.0	23.8	2	140	0	0	0.0	0.2	0.0	14.0	ssh
27	2094	0	0	0.0	3.0	0.0	232.66666666666666	0	0	0	0	0.0	0.0	0.0	0.0	ssh
3	238	0	0	0.0	0.3	0.0	23.8	2	140	0	0	0.0	0.2	0.0	14.0	ssh
3	238	0	0	0.0	0.3	0.0	23.8	2	140	0	0	0.0	0.2	0.0	14.0	ssh
3	238	0	0	0.0	0.3	0.0	23.8	2	140	0	0	0.0	0.2	0.0	14.0	ssh
27	2094	0	0	0.0	2.7	0.0	209.4	0	0	0	0	0.0	0.0	0.0	0.0	ssh
3	238	0	0	0.0	0.2727272727272727	0.0	21.636363636363637	2	140	0	0	0.0	0.2	0.0	14.0	ssh
3	238	0	0	0.0	0.3	0.0	23.8	2	140	0	0	0.0	0.2	0.0	14.0	ssh
3	238	0	0	0.0	0.3	0.0	23.8	2	140	0	0	0.0	0.2	0.0	14.0	ssh
27	2094	0	0	0.0	2.7	0.0	209.4	0	0	0	0	0.0	0.0	0.0	0.0	ssh
3	238	0	0	0.0	0.2727272727272727	0.0	21.636363636363637	2	140	0	0	0.0	0.18181818181818182	0.0	12.727272727272727	ssh
3	238	0	0	0.0	0.3	0.0	23.8	2	140	0	0	0.0	0.2	0.0	14.0	ssh
3	238	0	0	0.0	0.3	0.0	23.8	2	140	0	0	0.0	0.2	0.0	14.0	ssh
27	2094	0	0	0.0	2.7	0.0	209.4	0	0	0	0	0.0	0.0	0.0	0.0	ssh
3	238	0	0	0.0	0.2727272727272727	0.0	21.636363636363637	2	140	0	0	0.0	0.18181818181818182	0.0	12.727272727272727	ssh
3	238	0	0	0.0	0.2727272727272727	0.0	21.636363636363637	2	140	0	0	0.0	0.2	0.0	14.0	ssh
3	238	0	0	0.0	0.3	0.0	23.8	2	140	0	0	0.0	0.2	0.0	14.0	ssh
27	2094	0	0	0.0	2.7	0.0	209.4	0	0	0	0	0.0	0.0	0.0	0.0	ssh
3	238	0	0	0.0	0.2727272727272727	0.0	21.636363636363637	2	140	0	0	0.0	0.18181818181818182	0.0	12.727272727272727	ssh
3	238	0	0	0.0	0.2727272727272727	0.0	21.636363636363637	2	140	0	0	0.0	0.18181818181818182	0.0	12.727272727272727	ssh
3	238	0	0	0.0	0.3	0.0	23.8	2	140	0	0	0.0	0.2	0.0	14.0	ssh
27	2094	0	0	0.0	2.7	0.0	209.4	0	0	0	0	0.0	0.0	0.0	0.0	ssh
3	238	0	0	0.0	0.2727272727272727	0.0	21.636363636363637	2	140	0	0	0.0	0.18181818181818182	0.0	12.727272727272727	ssh
3	238	0	0	0.0	0.2727272727272727	0.0	21.636363636363637	2	140	0	0	0.0	0.18181818181818182	0.0	12.727272727272727	ssh
3	238	0	0	0.0	0.2727272727272727	0.0	21.636363636363637	2	140	0	0	0.0	0.2	0.0	14.0	ssh
27	2094	0	0	0.0	2.7	0.0	209.4	0	0	0	0	0.0	0.0	0.0	0.0	ssh
3	238	0	0	0.0	0.2727272727272727	0.0	21.636363636363637	2	140	0	0	0.0	0.18181818181818182	0.0	12.727272727272727	ssh
3	238	0	0	0.0	0.2727272727272727	0.0	21.636363636363637	2	140	0	0	0.0	0.18181818181818182	0.0	12.727272727272727	ssh
3	238	0	0	0.0	0.2727272727272727	0.0	21.636363636363637	2	140	0	0	0.0	0.18181818181818182	0.0	12.727272727272727	ssh
27	2094	0	0	0.0	2.7	0.0	209.4	0	0	0	0	0.0	0.0	0.0	0.0	ssh
3	238	0	0	0.0	0.2727272727272727	0.0	21.636363636363637	2	140	0	0	0.0	0.18181818181818182	0.0	12.727272727272727	ssh
3	238	0	0	0.0	0.2727272727272727	0.0	21.636363636363637	2	140	0	0	0.0	0.18181818181818182	0.0	12.727272727272727	ssh
3	238	0	0	0.0	0.2727272727272727	0.0	21.636363636363637	2	140	0	0	0.0	0.18181818181818182	0.0	12.727272727272727	ssh
27	2094	0	0	0.0	2.4545454545454546	0.0	190.36363636363637	0	0	0	0	0.0	0.0	0.0	0.0	ssh
3	238	0	0	0.0	0.25	0.0	19.833333333333332	2	140	0	0	0.0	0.18181818181818182	0.0	12.727272727272727	ssh
3	238	0	0	0.0	0.2727272727272727	0.0	21.636363636363637	2	140	0	0	0.0	0.18181818181818182	0.0	12.727272727272727	ssh
3	238	0	0	0.0	0.2727272727272727	0.0	21.636363636363637	2	140	0	0	0.0	0.18181818181818182	0.0	12.727272727272727	ssh
27	2094	0	0	0.0	2.4545454545454546	0.0	190.36363636363637	0	0	0	0	0.0	0.0	0.0	0.0	ssh
3	238	0	0	0.0	0.25	0.0	19.833333333333332	2	140	0	0	0.0	0.16666666666666666	0.0	11.666666666666666	ssh
3	238	0	0	0.0	0.2727272727272727	0.0	21.636363636363637	2	140	0	0	0.0	0.18181818181818182	0.0	12.727272727272727	ssh
3	238	0	0	0.0	0.2727272727272727	0.0	21.636363636363637	2	140	0	0	0.0	0.18181818181818182	0.0	12.727272727272727	ssh
27	2094	0	0	0.0	2.4545454545454546	0.0	190.36363636363637	0	0	0	0	0.0	0.0	0.0	0.0	ssh
3	238	0	0	0.0	0.25	0.0	19.833333333333332	2	140	0	0	0.0	0.16666666666666666	0.0	11.666666666666666	ssh
3	238	0	0	0.0	0.25	0.0	19.833333333333332	2	140	0	0	0.0	0.18181818181818182	0.0	12.727272727272727	ssh
3	238	0	0	0.0	0.2727272727272727	0.0	21.636363636363637	2	140	0	0	0.0	0.18181818181818182	0.0	12.727272727272727	ssh
27	2094	0	0	0.0	2.4545454545454546	0.0	190.36363636363637	0	0	0	0	0.0	0.0	0.0	0.0	ssh
3	238	0	0	0.0	0.25	0.0	19.833333333333332	2	140	0	0	0.0	0.16666666666666666	0.0	11.666666666666666	ssh
3	238	0	0	0.0	0.25	0.0	19.833333333333332	2	140	0	0	0.0	0.16666666666666666	0.0	11.666666666666666	ssh
3	238	0	0	0.0	0.2727272727272727	0.0	21.636363636363637	2	140	0	0	0.0	0.18181818181818182	0.0	12.727272727272727	ssh
27	2094	0	0	0.0	2.4545454545454546	0.0	190.36363636363637	0	0	0	0	0.0	0.0	0.0	0.0	ssh
3	238	0	0	0.0	0.25	0.0	19.833333333333332	2	140	0	0	0.0	0.16666666666666666	0.0	11.666666666666666	ssh
3	238	0	0	0.0	0.25	0.0	19.833333333333332	2	140	0	0	0.0	0.16666666666666666	0.0	11.666666666666666	ssh
3	238	0	0	0.0	0.25	0.0	19.833333333333332	2	140	0	0	0.0	0.18181818181818182	0.0	12.727272727272727	ssh
27	2094	0	0	0.0	2.4545454545454546	0.0	190.36363636363637	0	0	0	0	0.0	0.0	0.0	0.0	ssh
3	238	0	0	0.0	0.25	0.0	19.833333333333332	2	140	0	0	0.0	0.16666666666666666	0.0	11.666666666666666	ssh
3	238	0	0	0.0	0.25	0.0	19.833333333333332	2	140	0	0	0.0	0.16666666666666666	0.0	11.666666666666666	ssh
3	238	0	0	0.0	0.25	0.0	19.833333333333332	2	140	0	0	0.0	0.16666666666666666	0.0	11.666666666666666	ssh
27	2094	0	0	0.0	2.4545454545454546	0.0	190.36363636363637	0	0	0	0	0.0	0.0	0.0	0.0	ssh
3	238	0	0	0.0	0.25	0.0	19.833333333333332	2	140	0	0	0.0	0.16666666666666666	0.0	11.666666666666666	ssh
3	238	0	0	0.0	0.25	0.0	19.833333333333332	2	140	0	0	0.0	0.16666666666666666	0.0	11.666666666666666	ssh
3	238	0	0	0.0	0.25	0.0	19.833333333333332	2	140	0	0	0.0	0.16666666666666666	0.0	11.666666666666666	ssh
27	2094	0	0	0.0	2.25	0.0	174.5	0	0	0	0	0.0	0.0	0.0	0.0	ssh
3	238	0	0	0.0	0.23076923076923078	0.0	18.307692307692307	2	140	0	0	0.0	0.16666666666666666	0.0	11.666666666666666	ssh
3	238	0	0	0.0	0.25	0.0	19.833333333333332	2	140	0	0	0.0	0.16666666666666666	0.0	11.666666666666666	ssh
3	238	0	0	0.0	0.25	0.0	19.833333333333332	2	140	0	0	0.0	0.16666666666666666	0.0	11.666666666666666	ssh
27	2094	0	0	0.0	2.25	0.0	174.5	0	0	0	0	0.0	0.0	0.0	0.0	ssh
3	238	0	0	0.0	0.23076923076923078	0.0	18.307692307692307	2	140	0	0	0.0	0.15384615384615385	0.0	10.76923076923077	ssh
3	238	0	0	0.0	0.25	0.0	19.833333333333332	2	140	0	0	0.0	0.16666666666666666	0.0	11.666666666666666	ssh
3	238	0	0	0.0	0.25	0.0	19.833333333333332	2	140	0	0	0.0	0.16666666666666666	0.0	11.666666666666666	ssh
27	2094	0	0	0.0	2.25	0.0	174.5	0	0	0	0	0.0	0.0	0.0	0.0	ssh
3	238	0	0	0.0	0.23076923076923078	0.0	18.307692307692307	2	140	0	0	0.0	0.15384615384615385	0.0	10.76923076923077	ssh
3	238	0	0	0.0	0.23076923076923078	0.0	18.307692307692307	2	140	0	0	0.0	0.16666666666666666	0.0	11.666666666666666	ssh
3	238	0	0	0.0	0.25	0.0	19.833333333333332	2	140	0	0	0.0	0.16666666666666666	0.0	11.666666666666666	ssh
27	2094	0	0	0.0	2.25	0.0	174.5	0	0	0	0	0.0	0.0	0.0	0.0	ssh
3	238	0	0	0.0	0.23076923076923078	0.0	18.307692307692307	2	140	0	0	0.0	0.15384615384615385	0.0	10.76923076923077	ssh
3	238	0	0	0.0	0.23076923076923078	0.0	18.307692307692307	2	140	0	0	0.0	0.15384615384615385	0.0	10.76923076923077	ssh
3	238	0	0	0.0	0.25	0.0	19.833333333333332	2	140	0	0	0.0	0.16666666666666666	0.0	11.666666666666666	ssh
27	2094	0	0	0.0	2.25	0.0	174.5	0	0	0	0	0.0	0.0	0.0	0.0	ssh
3	238	0	0	0.0	0.23076923076923078	0.0	18.307692307692307	2	140	0	0	0.0	0.15384615384615385	0.0	10.76923076923077	ssh
3	238	0	0	0.0	0.23076923076923078	0.0	18.307692307692307	2	140	0	0	0.0	0.15384615384615385	0.0	10.76923076923077	ssh
3	238	0	0	0.0	0.23076923076923078	0.0	18.307692307692307	2	140	0	0	0.0	0.16666666666666666	0.0	11.666666666666666	ssh
27	2094	0	0	0.0	2.25	0.0	174.5	0	0	0	0	0.0	0.0	0.0	0.0	ssh
3	238	0	0	0.0	0.23076923076923078	0.0	18.307692307692307	2	140	0	0	0.0	0.15384615384615385	0.0	10.76923076923077	ssh
3	238	0	0	0.0	0.23076923076923078	0.0	18.307692307692307	2	140	0	0	0.0	0.15384615384615385	0.0	10.76923076923077	ssh
3	238	0	0	0.0	0.23076923076923078	0.0	18.307692307692307	2	140	0	0	0.0	0.15384615384615385	0.0	10.76923076923077	ssh
27	2094	0	0	0.0	2.25	0.0	174.5	0	0	0	0	0.0	0.0	0.0	0.0	ssh
3	238	0	0	0.0	0.23076923076923078	0.0	18.307692307692307	2	140	0	0	0.0	0.15384615384615385	0.0	10.76923076923077	ssh
3	238	0	0	0.0	0.23076923076923078	0.0	18.307692307692307	2	140	0	0	0.0	0.15384615384615385	0.0	10.76923076923077	ssh
3	238	0	0	0.0	0.23076923076923078	0.0	18.307692307692307	2	140	0	0	0.0	0.15384615384615385	0.0	10.76923076923077	ssh
28	2164	1	70	1.0	2.1538461538461537	70.0	166.46153846153845	0	0	0	0	0.0	0.0	0.0	0.0	ssh
3	238	0	0	0.0	0.21428571428571427	0.0	17.0	2	140	0	0	0.0	0.15384615384615385	0.0	10.76923076923077	ssh
3	238	0	0	0.0	0.23076923076923078	0.0	18.307692307692307	2	140	0	0	0.0	0.15384615384615385	0.0	10.76923076923077	ssh
3	238	0	0	0.0	0.23076923076923078	0.0	18.307692307692307	2	140	0	0	0.0	0.15384615384615385	0.0	10.76923076923077	ssh
28	2164	1	70	1.0	2.1538461538461537	70.0	166.46153846153845	0	0	0	0	0.0	0.0	0.0	0.0	ssh
3	238	0	0	0.0	0.21428571428571427	0.0	17.0	2	140	0	0	0.0	0.14285714285714285	0.0	10.0	ssh
3	238	0	0	0.0	0.23076923076923078	0.0	18.307692307692307	2	140	0	0	0.0	0.15384615384615385	0.0	10.76923076923077	ssh
3	238	0	0	0.0	0.23076923076923078	0.0	18.307692307692307	2	140	0	0	0.0	0.15384615384615385	0.0	10.76923076923077	ssh
28	2164	1	70	1.0	2.1538461538461537	70.0	166.46153846153845	0	0	0	0	0.0	0.0	0.0	0.0	ssh
3	238	0	0	0.0	0.21428571428571427	0.0	17.0	2	140	0	0	0.0	0.14285714285714285	0.0	10.0	ssh
3	238	0	0	0.0	0.21428571428571427	0.0	17.0	2	140	0	0	0.0	0.15384615384615385	0.0	10.76923076923077	ssh
3	238	0	0	0.0	0.23076923076923078	0.0	18.307692307692307	2	140	0	0	0.0	0.15384615384615385	0.0	10.76923076923077	ssh
28	2164	1	70	1.0	2.1538461538461537	70.0	166.46153846153845	0	0	0	0	0.0	0.0	0.0	0.0	ssh
3	238	0	0	0.0	0.21428571428571427	0.0	17.0	2	140	0	0	0.0	0.14285714285714285	0.0	10.0	ssh
3	238	0	0	0.0	0.21428571428571427	0.0	17.0	2	140	0	0	0.0	0.14285714285714285	0.0	10.0	ssh
3	238	0	0	0.0	0.23076923076923078	0.0	18.307692307692307	2	140	0	0	0.0	0.15384615384615385	0.0	10.76923076923077	ssh
28	2164	1	70	1.0	2.1538461538461537	70.0	166.46153846153845	0	0	0	0	0.0	0.0	0.0	0.0	ssh
3	238	0	0	0.0	0.21428571428571427	0.0	17.0	2	140	0	0	0.0	0.14285714285714285	0.0	10.0	ssh
3	238	0	0	0.0	0.21428571428571427	0.0	17.0	2	140	0	0	0.0	0.14285714285714285	0.0	10.0	ssh
3	238	0	0	0.0	0.21428571428571427	0.0	17.0	2	140	0	0	0.0	0.15384615384615385	0.0	10.76923076923077	ssh
28	2164	1	70	1.0	2.1538461538461537	70.0	166.46153846153845	0	0	0	0	0.0	0.0	0.0	0.0	ssh
3	238	0	0	0.0	0.21428571428571427	0.0	17.0	2	140	0	0	0.0	0.14285714285714285	0.0	10.0	ssh
3	238	0	0	0.0	0.21428571428571427	0.0	17.0	2	140	0	0	0.0	0.14285714285714285	0.0	10.0	ssh
3	238	0	0	0.0	0.21428571428571427	0.0	17.0	2	140	0	0	0.0	0.14285714285714285	0.0	10.0	ssh
28	2164	1	70	1.0	2.1538461538461537	70.0	166.46153846153845	0	0	0	0	0.0	0.0	0.0	0.0	ssh
3	238	0	0	0.0	0.21428571428571427	0.0	17.0	2	140	0	0	0.0	0.14285714285714285	0.0	10.0	ssh
3	238	0	0	0.0	0.21428571428571427	0.0	17.0	2	140	0	0	0.0	0.14285714285714285	0.0	10.0	ssh
3	238	0	0	0.0	0.21428571428571427	0.0	17.0	2	140	0	0	0.0	0.14285714285714285	0.0	10.0	ssh
29	2234	1	70	1.0	2.0714285714285716	70.0	159.57142857142858	0	0	0	0	0.0	0.0	0.0	0.0	ssh
3	238	0	0	0.0	0.2	0.0	15.866666666666667	2	140	0	0	0.0	0.14285714285714285	0.0	10.0	ssh
3	238	0	0	0.0	0.21428571428571427	0.0	17.0	2	140	0	0	0.0	0.14285714285714285	0.0	10.0	ssh
3	238	0	0	0.0	0.21428571428571427	0.0	17.0	2	140	0	0	0.0	0.14285714285714285	0.0	10.0	ssh
29	2234	1	70	1.0	2.0714285714285716	70.0	159.57142857142858	0	0	0	0	0.0	0.0	0.0	0.0	ssh
3	238	0	0	0.0	0.2	0.0	15.866666666666667	2	140	0	0	0.0	0.13333333333333333	0.0	9.333333333333334	ssh
3	238	0	0	0.0	0.21428571428571427	0.0	17.0	2	140	0	0	0.0	0.14285714285714285	0.0	10.0	ssh
3	238	0	0	0.0	0.21428571428571427	0.0	17.0	2	140	0	0	0.0	0.14285714285714285	0.0	10.0	ssh
29	2234	1	70	1.0	2.0714285714285716	70.0	159.57142857142858	0	0	0	0	0.0	0.0	0.0	0.0	ssh
3	238	0	0	0.0	0.2	0.0	15.866666666666667	2	140	0	0	0.0	0.13333333333333333	0.0	9.333333333333334	ssh
3	238	0	0	0.0	0.2	0.0	15.866666666666667	2	140	0	0	0.0	0.14285714285714285	0.0	10.0	ssh
3	238	0	0	0.0	0.21428571428571427	0.0	17.0	2	140	0	0	0.0	0.14285714285714285	0.0	10.0	ssh
29	2234	1	70	1.0	2.0714285714285716	70.0	159.57142857142858	0	0	0	0	0.0	0.0	0.0	0.0	ssh
3	238	0	0	0.0	0.2	0.0	15.866666666666667	2	140	0	0	0.0	0.13333333333333333	0.0	9.333333333333334	ssh
3	238	0	0	0.0	0.2	0.0	15.866666666666667	2	140	0	0	0.0	0.13333333333333333	0.0	9.333333333333334	ssh
3	238	0	0	0.0	0.21428571428571427	0.0	17.0	2	140	0	0	0.0	0.14285714285714285	0.0	10.0	ssh
29	2234	1	70	1.0	2.0714285714285716	70.0	159.57142857142858	0	0	0	0	0.0	0.0	0.0	0.0	ssh
3	238	0	0	0.0	0.2	0.0	15.866666666666667	2	140	0	0	0.0	0.13333333333333333	0.0	9.333333333333334	ssh
3	238	0	0	0.0	0.2	0.0	15.866666666666667	2	140	0	0	0.0	0.13333333333333333	0.0	9.333333333333334	ssh
3	238	0	0	0.0	0.2	0.0	15.866666666666667	2	140	0	0	0.0	0.14285714285714285	0.0	10.0	ssh
29	2234	1	70	1.0	2.0714285714285716	70.0	159.57142857142858	0	0	0	0	0.0	0.0	0.0	0.0	ssh
3	238	0	0	0.0	0.2	0.0	15.866666666666667	2	140	0	0	0.0	0.13333333333333333	0.0	9.333333333333334	ssh
3	238	0	0	0.0	0.2	0.0	15.866666666666667	2	140	0	0	0.0	0.13333333333333333	0.0	9.333333333333334	ssh
3	238	0	0	0.0	0.2	0.0	15.866666666666667	2	140	0	0	0.0	0.13333333333333333	0.0	9.333333333333334	ssh
29	2234	1	70	1.0	2.0714285714285716	70.0	159.57142857142858	0	0	0	0	0.0	0.0	0.0	0.0	ssh
3	238	0	0	0.0	0.2	0.0	15.866666666666667	2	140	0	0	0.0	0.13333333333333333	0.0	9.333333333333334	ssh
3	238	0	0	0.0	0.2	0.0	15.866666666666667	2	140	0	0	0.0	0.13333333333333333	0.0	9.333333333333334	ssh
3	238	0	0	0.0	0.2	0.0	15.866666666666667	2	140	0	0	0.0	0.13333333333333333	0.0	9.333333333333334	ssh
30	2304	1	70	1.0	2.0	70.0	153.6	0	0	0	0	0.0	0.0	0.0	0.0	ssh
3	238	0	0	0.0	0.1875	0.0	14.875	2	140	0	0	0.0	0.13333333333333333	0.0	9.333333333333334	ssh
3	238	0	0	0.0	0.2	0.0	15.866666666666667	2	140	0	0	0.0	0.13333333333333333	0.0	9.333333333333334	ssh
3	238	0	0	0.0	0.2	0.0	15.866666666666667	2	140	0	0	0.0	0.13333333333333333	0.0	9.333333333333334	ssh
30	2304	1	70	1.0	2.0	70.0	153.6	0	0	0	0	0.0	0.0	0.0	0.0	ssh
3	238	0	0	0.0	0.1875	0.0	14.875	2	140	0	0	0.0	0.125	0.0	8.75	ssh
3	238	0	0	0.0	0.2	0.0	15.866666666666667	2	140	0	0	0.0	0.13333333333333333	0.0	9.333333333333334	ssh
3	238	0	0	0.0	0.2	0.0	15.866666666666667	2	140	0	0	0.0	0.13333333333333333	0.0	9.333333333333334	ssh
30	2304	1	70	1.0	2.0	70.0	153.6	0	0	0	0	0.0	0.0	0.0	0.0	ssh
3	238	0	0	0.0	0.1875	0.0	14.875	2	140	0	0	0.0	0.125	0.0	8.75	ssh
3	238	0	0	0.0	0.1875	0.0	14.875	2	140	0	0	0.0	0.13333333333333333	0.0	9.333333333333334	ssh
3	238	0	0	0.0	0.2	0.0	15.866666666666667	2	140	0	0	0.0	0.13333333333333333	0.0	9.333333333333334	ssh
30	2304	1	70	1.0	2.0	70.0	153.6	0	0	0	0	0.0	0.0	0.0	0.0	ssh
3	238	0	0	0.0	0.1875	0.0	14.875	2	140	0	0	0.0	0.125	0.0	8.75	ssh
3	238	0	0	0.0	0.1875	0.0	14.875	2	140	0	0	0.0	0.125	0.0	8.75	ssh
3	238	0	0	0.0	0.2	0.0	15.866666666666667	2	140	0	0	0.0	0.13333333333333333	0.0	9.333333333333334	ssh
30	2304	1	70	1.0	2.0	70.0	153.6	0	0	0	0	0.0	0.0	0.0	0.0	ssh
3	238	0	0	0.0	0.1875	0.0	14.875	2	140	0	0	0.0	0.125	0.0	8.75	ssh
3	238	0	0	0.0	0.1875	0.0	14.875	2	140	0	0	0.0	0.125	0.0	8.75	ssh
3	238	0	0	0.0	0.1875	0.0	14.875	2	140	0	0	0.0	0.13333333333333333	0.0	9.333333333333334	ssh
30	2304	1	70	1.0	2.0	70.0	153.6	0	0	0	0	0.0	0.0	0.0	0.0	ssh
3	238	0	0	0.0	0.1875	0.0	14.875	2	140	0	0	0.0	0.125	0.0	8.75	ssh
3	238	0	0	0.0	0.1875	0.0	14.875	2	140	0	0	0.0	0.125	0.0	8.75	ssh
3	238	0	0	0.0	0.1875	0.0	14.875	2	140	0	0	0.0	0.125	0.0	8.75	ssh
30	2304	1	70	1.0	2.0	70.0	153.6	0	0	0	0	0.0	0.0	0.0	0.0	ssh
3	238	0	0	0.0	0.1875	0.0	14.875	2	140	0	0	0.0	0.125	0.0	8.75	ssh
3	238	0	0	0.0	0.1875	0.0	14.875	2	140	0	0	0.0	0.125	0.0	8.75	ssh
3	238	0	0	0.0	0.1875	0.0	14.875	2	140	0	0	0.0	0.125	0.0	8.75	ssh
30	2304	0	0	0.0	1.875	0.0	144.0	0	0	0	0	0.0	0.0	0.0	0.0	ssh
3	238	0	0	0.0	0.17647058823529413	0.0	14.0	2	140	0	0	0.0	0.125	0.0	8.75	ssh
3	238	0	0	0.0	0.1875	0.0	14.875	2	140	0	0	0.0	0.125	0.0	8.75	ssh
3	238	0	0	0.0	0.1875	0.0	14.875	2	140	0	0	0.0	0.125	0.0	8.75	ssh
30	2304	0	0	0.0	1.875	0.0	144.0	0	0	0	0	0.0	0.0	0.0	0.0	ssh
3	238	0	0	0.0	0.17647058823529413	0.0	14.0	2	140	0	0	0.0	0.11764705882352941	0.0	8.235294117647058	ssh
3	238	0	0	0.0	0.1875	0.0	14.875	2	140	0	0	0.0	0.125	0.0	8.75	ssh
3	238	0	0	0.0	0.1875	0.0	14.875	2	140	0	0	0.0	0.125	0.0	8.75	ssh
30	2304	0	0	0.0	1.875	0.0	144.0	0	0	0	0	0.0	0.0	0.0	0.0	ssh
3	238	0	0	0.0	0.17647058823529413	0.0	14.0	2	140	0	0	0.0	0.11764705882352941	0.0	8.235294117647058	ssh
3	238	0	0	0.0	0.17647058823529413	0.0	14.0	2	140	0	0	0.0	0.125	0.0	8.75	ssh
3	238	0	0	0.0	0.1875	0.0	14.875	2	140	0	0	0.0	0.125	0.0	8.75	ssh
30	2304	0	0	0.0	1.875	0.0	144.0	0	0	0	0	0.0	0.0	0.0	0.0	ssh
3	238	0	0	0.0	0.17647058823529413	0.0	14.0	2	140	0	0	0.0	0.11764705882352941	0.0	8.235294117647058	ssh
3	238	0	0	0.0	0.17647058823529413	0.0	14.0	2	140	0	0	0.0	0.11764705882352941	0.0	8.235294117647058	ssh
3	238	0	0	0.0	0.1875	0.0	14.875	2	140	0	0	0.0	0.125	0.0	8.75	ssh
30	2304	0	0	0.0	1.875	0.0	144.0	0	0	0	0	0.0	0.0	0.0	0.0	ssh
3	238	0	0	0.0	0.17647058823529413	0.0	14.0	2	140	0	0	0.0	0.11764705882352941	0.0	8.235294117647058	ssh
3	238	0	0	0.0	0.17647058823529413	0.0	14.0	2	140	0	0	0.0	0.11764705882352941	0.0	8.235294117647058	ssh
3	238	0	0	0.0	0.17647058823529413	0.0	14.0	2	140	0	0	0.0	0.125	0.0	8.75	ssh
30	2304	0	0	0.0	1.875	0.0	144.0	0	0	0	0	0.0	0.0	0.0	0.0	ssh
3	238	0	0	0.0	0.17647058823529413	0.0	14.0	2	140	0	0	0.0	0.11764705882352941	0.0	8.235294117647058	ssh
3	238	0	0	0.0	0.17647058823529413	0.0	14.0	2	140	0	0	0.0	0.11764705882352941	0.0	8.235294117647058	ssh
3	238	0	0	0.0	0.17647058823529413	0.0	14.0	2	140	0	0	0.0	0.11764705882352941	0.0	8.235294117647058	ssh
30	2304	0	0	0.0	1.875	0.0	144.0	0	0	0	0	0.0	0.0	0.0	0.0	ssh
3	238	0	0	0.0	0.17647058823529413	0.0	14.0	2	140	0	0	0.0	0.11764705882352941	0.0	8.235294117647058	ssh
3	238	0	0	0.0	0.17647058823529413	0.0	14.0	2	140	0	0	0.0	0.11764705882352941	0.0	8.235294117647058	ssh
3	238	0	0	0.0	0.17647058823529413	0.0	14.0	2	140	0	0	0.0	0.11764705882352941	0.0	8.235294117647058	ssh
30	2304	0	0	0.0	1.7647058823529411	0.0	135.52941176470588	0	0	0	0	0.0	0.0	0.0	0.0	ssh
3	238	0	0	0.0	0.16666666666666666	0.0	13.222222222222221	2	140	0	0	0.0	0.11764705882352941	0.0	8.235294117647058	ssh
3	238	0	0	0.0	0.17647058823529413	0.0	14.0	2	140	0	0	0.0	0.11764705882352941	0.0	8.235294117647058	ssh
3	238	0	0	0.0	0.17647058823529413	0.0	14.0	2	140	0	0	0.0	0.11764705882352941	0.0	8.235294117647058	ssh
30	2304	0	0	0.0	1.7647058823529411	0.0	135.52941176470588	0	0	0	0	0.0	0.0	0.0	0.0	ssh
3	238	0	0	0.0	0.16666666666666666	0.0	13.222222222222221	2	140	0	0	0.0	0.1111111111111111	0.0	7.777777777777778	ssh
3	238	0	0	0.0	0.17647058823529413	0.0	14.0	2	140	0	0	0.0	0.11764705882352941	0.0	8.235294117647058	ssh
3	238	0	0	0.0	0.17647058823529413	0.0	14.0	2	140	0	0	0.0	0.11764705882352941	0.0	8.235294117647058	ssh
30	2304	0	0	0.0	1.7647058823529411	0.0	135.52941176470588	0	0	0	0	0.0	0.0	0.0	0.0	ssh
3	238	0	0	0.0	0.16666666666666666	0.0	13.222222222222221	2	140	0	0	0.0	0.1111111111111111	0.0	7.777777777777778	ssh
3	238	0	0	0.0	0.16666666666666666	0.0	13.222222222222221	2	140	0	0	0.0	0.11764705882352941	0.0	8.235294117647058	ssh
3	238	0	0	0.0	0.17647058823529413	0.0	14.0	2	140	0	0	0.0	0.11764705882352941	0.0	8.235294117647058	ssh
30	2304	0	0	0.0	1.7647058823529411	0.0	135.52941176470588	0	0	0	0	0.0	0.0	0.0	0.0	ssh
3	238	0	0	0.0	0.16666666666666666	0.0	13.222222222222221	2	140	0	0	0.0	0.1111111111111111	0.0	7.777777777777778	ssh
3	238	0	0	0.0	0.16666666666666666	0.0	13.222222222222221	2	140	0	0	0.0	0.1111111111111111	0.0	7.777777777777778	ssh
3	238	0	0	0.0	0.17647058823529413	0.0	14.0	2	140	0	0	0.0	0.11764705882352941	0.0	8.235294117647058	ssh
30	2304	0	0	0.0	1.7647058823529411	0.0	135.52941176470588	0	0	0	0	0.0	0.0	0.0	0.0	ssh
3	238	0	0	0.0	0.16666666666666666	0.0	13.222222222222221	2	140	0	0	0.0	0.1111111111111111	0.0	7.777777777777778	ssh
3	238	0	0	0.0	0.16666666666666666	0.0	13.222222222222221	2	140	0	0	0.0	0.1111111111111111	0.0	7.777777777777778	ssh
3	238	0	0	0.0	0.16666666666666666	0.0	13.222222222222221	2	140	0	0	0.0	0.11764705882352941	0.0	8.235294117647058	ssh
30	2304	0	0	0.0	1.7647058823529411	0.0	135.52941176470588	0	0	0	0	0.0	0.0	0.0	0.0	ssh
3	238	0	0	0.0	0.16666666666666666	0.0	13.222222222222221	2	140	0	0	0.0	0.1111111111111111	0.0	7.777777777777778	ssh
3	238	0	0	0.0	0.16666666666666666	0.0	13.222222222222221	2	140	0	0	0.0	0.1111111111111111	0.0	7.777777777777778	ssh
3	238	0	0	0.0	0.16666666666666666	0.0	13.222222222222221	2	140	0	0	0.0	0.1111111111111111	0.0	7.777777777777778	ssh
30	2304	0	0	0.0	1.7647058823529411	0.0	135.52941176470588	0	0	0	0	0.0	0.0	0.0	0.0	ssh
3	238	0	0	0.0	0.16666666666666666	0.0	13.222222222222221	2	140	0	0	0.0	0.1111111111111111	0.0	7.777777777777778	ssh
3	238	0	0	0.0	0.16666666666666666	0.0	13.222222222222221	2	140	0	0	0.0	0.1111111111111111	0.0	7.777777777777778	ssh
3	238	0	0	0.0	0.16666666666666666	0.0	13.222222222222221	2	140	0	0	0.0	0.1111111111111111	0.0	7.777777777777778	ssh
30	2304	0	0	0.0	1.6666666666666667	0.0	128.0	0	0	0	0	0.0	0.0	0.0	0.0	ssh
3	238	0	0	0.0	0.15789473684210525	0.0	12.526315789473685	2	140	0	0	0.0	0.1111111111111111	0.0	7.777777777777778	ssh
3	238	0	0	0.0	0.16666666666666666	0.0	13.222222222222221	2	140	0	0	0.0	0.1111111111111111	0.0	7.777777777777778	ssh
3	238	0	0	0.0	0.16666666666666666	0.0	13.222222222222221	2	140	0	0	0.0	0.1111111111111111	0.0	7.777777777777778	ssh
30	2304	0	0	0.0	1.6666666666666667	0.0	128.0	0	0	0	0	0.0	0.0	0.0	0.0	ssh
3	238	0	0	0.0	0.15789473684210525	0.0	12.526315789473685	2	140	0	0	0.0	0.10526315789473684	0.0	7.368421052631579	ssh
3	238	0	0	0.0	0.16666666666666666	0.0	13.222222222222221	2	140	0	0	0.0	0.1111111111111111	0.0	7.777777777777778	ssh
3	238	0	0	0.0	0.16666666666666666	0.0	13.222222222222221	2	140	0	0	0.0	0.1111111111111111	0.0	7.777777777777778	ssh
30	2304	0	0	0.0	1.6666666666666667	0.0	128.0	0	0	0	0	0.0	0.0	0.0	0.0	ssh
3	238	0	0	0.0	0.15789473684210525	0.0	12.526315789473685	2	140	0	0	0.0	0.10526315789473684	0.0	7.368421052631579	ssh
3	238	0	0	0.0	0.15789473684210525	0.0	12.526315789473685	2	140	0	0	0.0	0.1111111111111111	0.0	7.777777777777778	ssh
3	238	0	0	0.0	0.16666666666666666	0.0	13.222222222222221	2	140	0	0	0.0	0.1111111111111111	0.0	7.777777777777778	ssh
30	2304	0	0	0.0	1.6666666666666667	0.0	128.0	0	0	0	0	0.0	0.0	0.0	0.0	ssh
3	238	0	0	0.0	0.15789473684210525	0.0	12.526315789473685	2	140	0	0	0.0	0.10526315789473684	0.0	7.368421052631579	ssh
3	238	0	0	0.0	0.15789473684210525	0.0	12.526315789473685	2	140	0	0	0.0	0.10526315789473684	0.0	7.368421052631579	ssh
3	238	0	0	0.0	0.16666666666666666	0.0	13.222222222222221	2	140	0	0	0.0	0.1111111111111111	0.0	7.777777777777778	ssh
30	2304	0	0	0.0	1.6666666666666667	0.0	128.0	0	0	0	0	0.0	0.0	0.0	0.0	ssh
3	238	0	0	0.0	0.15789473684210525	0.0	12.526315789473685	2	140	0	0	0.0	0.10526315789473684	0.0	7.368421052631579	ssh
3	238	0	0	0.0	0.15789473684210525	0.0	12.526315789473685	2	140	0	0	0.0	0.10526315789473684	0.0	7.368421052631579	ssh
3	238	0	0	0.0	0.15789473684210525	0.0	12.526315789473685	2	140	0	0	0.0	0.1111111111111111	0.0	7.777777777777778	ssh
30	2304	0	0	0.0	1.6666666666666667	0.0	128.0	0	0	0	0	0.0	0.0	0.0	0.0	ssh
3	238	0	0	0.0	0.15789473684210525	0.0	12.526315789473685	2	140	0	0	0.0	0.10526315789473684	0.0	7.368421052631579	ssh
3	238	0	0	0.0	0.15789473684210525	0.0	12.526315789473685	2	140	0	0	0.0	0.10526315789473684	0.0	7.368421052631579	ssh
3	238	0	0	0.0	0.15789473684210525	0.0	12.526315789473685	2	140	0	0	0.0	0.10526315789473684	0.0	7.368421052631579	ssh
30	2304	0	0	0.0	1.6666666666666667	0.0	128.0	0	0	0	0	0.0	0.0	0.0	0.0	ssh
3	238	0	0	0.0	0.15789473684210525	0.0	12.526315789473685	2	140	0	0	0.0	0.10526315789473684	0.0	7.368421052631579	ssh
3	238	0	0	0.0	0.15789473684210525	0.0	12.526315789473685	2	140	0	0	0.0	0.10526315789473684	0.0	7.368421052631579	ssh
3	238	0	0	0.0	0.15789473684210525	0.0	12.526315789473685	2	140	0	0	0.0	0.10526315789473684	0.0	7.368421052631579	ssh
30	2304	0	0	0.0	1.5789473684210527	0.0	121.26315789473684	0	0	0	0	0.0	0.0	0.0	0.0	ssh
3	238	0	0	0.0	0.15	0.0	11.9	2	140	0	0	0.0	0.10526315789473684	0.0	7.368421052631579	ssh
3	238	0	0	0.0	0.15789473684210525	0.0	12.526315789473685	2	140	0	0	0.0	0.10526315789473684	0.0	7.368421052631579	ssh
3	238	0	0	0.0	0.15789473684210525	0.0	12.526315789473685	2	140	0	0	0.0	0.10526315789473684	0.0	7.368421052631579	ssh
30	2304	0	0	0.0	1.5789473684210527	0.0	121.26315789473684	0	0	0	0	0.0	0.0	0.0	0.0	ssh
3	238	0	0	0.0	0.15	0.0	11.9	2	140	0	0	0.0	0.1	0.0	7.0	ssh
3	238	0	0	0.0	0.15789473684210525	0.0	12.526315789473685	2	140	0	0	0.0	0.10526315789473684	0.0	7.368421052631579	ssh
3	238	0	0	0.0	0.15789473684210525	0.0	12.526315789473685	2	140	0	0	0.0	0.10526315789473684	0.0	7.368421052631579	ssh
30	2304	0	0	0.0	1.5789473684210527	0.0	121.26315789473684	0	0	0	0	0.0	0.0	0.0	0.0	ssh
3	238	0	0	0.0	0.15	0.0	11.9	2	140	0	0	0.0	0.1	0.0	7.0	ssh
3	238	0	0	0.0	0.15	0.0	11.9	2	140	0	0	0.0	0.10526315789473684	0.0	7.368421052631579	ssh
3	238	0	0	0.0	0.15789473684210525	0.0	12.526315789473685	2	140	0	0	0.0	0.10526315789473684	0.0	7.368421052631579	ssh
30	2304	0	0	0.0	1.5789473684210527	0.0	121.26315789473684	0	0	0	0	0.0	0.0	0.0	0.0	ssh
3	238	0	0	0.0	0.15	0.0	11.9	2	140	0	0	0.0	0.1	0.0	7.0	ssh
3	238	0	0	0.0	0.15	0.0	11.9	2	140	0	0	0.0	0.1	0.0	7.0	ssh
3	238	0	0	0.0	0.15789473684210525	0.0	12.526315789473685	2	140	0	0	0.0	0.10526315789473684	0.0	7.368421052631579	ssh
30	2304	0	0	0.0	1.5789473684210527	0.0	121.26315789473684	0	0	0	0	0.0	0.0	0.0	0.0	ssh
3	238	0	0	0.0	0.15	0.0	11.9	2	140	0	0	0.0	0.1	0.0	7.0	ssh
3	238	0	0	0.0	0.15	0.0	11.9	2	140	0	0	0.0	0.1	0.0	7.0	ssh
3	238	0	0	0.0	0.15	0.0	11.9	2	140	0	0	0.0	0.10526315789473684	0.0	7.368421052631579	ssh
30	2304	0	0	0.0	1.5789473684210527	0.0	121.26315789473684	0	0	0	0	0.0	0.0	0.0	0.0	ssh
3	238	0	0	0.0	0.15	0.0	11.9	2	140	0	0	0.0	0.1	0.0	7.0	ssh
3	238	0	0	0.0	0.15	0.0	11.9	2	140	0	0	0.0	0.1	0.0	7.0	ssh
3	238	0	0	0.0	0.15	0.0	11.9	2	140	0	0	0.0	0.1	0.0	7.0	ssh
30	2304	0	0	0.0	1.5789473684210527	0.0	121.26315789473684	0	0	0	0	0.0	0.0	0.0	0.0	ssh
3	238	0	0	0.0	0.15	0.0	11.9	2	140	0	0	0.0	0.1	0.0	7.0	ssh
3	238	0	0	0.0	0.15	0.0	11.9	2	140	0	0	0.0	0.1	0.0	7.0	ssh
3	238	0	0	0.0	0.15	0.0	11.9	2	140	0	0	0.0	0.1	0.0	7.0	ssh
30	2304	0	0	0.0	1.5	0.0	115.2	0	0	0	0	0.0	0.0	0.0	0.0	ssh
3	238	0	0	0.0	0.14285714285714285	0.0	11.333333333333334	2	140	0	0	0.0	0.1	0.0	7.0	ssh
3	238	0	0	0.0	0.15	0.0	11.9	2	140	0	0	0.0	0.1	0.0	7.0	ssh
3	238	0	0	0.0	0.15	0.0	11.9	2	140	0	0	0.0	0.1	0.0	7.0	ssh
30	2304	0	0	0.0	1.5	0.0	115.2	0	0	0	0	0.0	0.0	0.0	0.0	ssh
3	238	0	0	0.0	0.14285714285714285	0.0	11.333333333333334	2	140	0	0	0.0	0.09523809523809523	0.0	6.666666666666667	ssh
3	238	0	0	0.0	0.15	0.0	11.9	2	140	0	0	0.0	0.1	0.0	7.0	ssh
3	238	0	0	0.0	0.15	0.0	11.9	2	140	0	0	0.0	0.1	0.0	7.0	ssh
30	2304	0	0	0.0	1.5	0.0	115.2	0	0	0	0	0.0	0.0	0.0	0.0	ssh
3	238	0	0	0.0	0.14285714285714285	0.0	11.333333333333334	2	140	0	0	0.0	0.09523809523809523	0.0	6.666666666666667	ssh
3	238	0	0	0.0	0.14285714285714285	0.0	11.333333333333334	2	140	0	0	0.0	0.1	0.0	7.0	ssh
3	238	0	0	0.0	0.15	0.0	11.9	2	140	0	0	0.0	0.1	0.0	7.0	ssh
30	2304	0	0	0.0	1.5	0.0	115.2	0	0	0	0	0.0	0.0	0.0	0.0	ssh
3	238	0	0	0.0	0.14285714285714285	0.0	11.333333333333334	2	140	0	0	0.0	0.09523809523809523	0.0	6.666666666666667	ssh
3	238	0	0	0.0	0.14285714285714285	0.0	11.333333333333334	2	140	0	0	0.0	0.09523809523809523	0.0	6.666666666666667	ssh
3	238	0	0	0.0	0.15	0.0	11.9	2	140	0	0	0.0	0.1	0.0	7.0	ssh
30	2304	0	0	0.0	1.5	0.0	115.2	0	0	0	0	0.0	0.0	0.0	0.0	ssh
3	238	0	0	0.0	0.14285714285714285	0.0	11.333333333333334	2	140	0	0	0.0	0.09523809523809523	0.0	6.666666666666667	ssh
3	238	0	0	0.0	0.14285714285714285	0.0	11.333333333333334	2	140	0	0	0.0	0.09523809523809523	0.0	6.666666666666667	ssh
3	238	0	0	0.0	0.14285714285714285	0.0	11.333333333333334	2	140	0	0	0.0	0.1	0.0	7.0	ssh
30	2304	0	0	0.0	1.5	0.0	115.2	0	0	0	0	0.0	0.0	0.0	0.0	ssh
3	238	0	0	0.0	0.14285714285714285	0.0	11.333333333333334	2	140	0	0	0.0	0.09523809523809523	0.0	6.666666666666667	ssh
3	238	0	0	0.0	0.14285714285714285	0.0	11.333333333333334	2	140	0	0	0.0	0.09523809523809523	0.0	6.666666666666667	ssh
3	238	0	0	0.0	0.14285714285714285	0.0	11.333333333333334	2	140	0	0	0.0	0.09523809523809523	0.0	6.666666666666667	ssh
30	2304	0	0	0.0	1.5	0.0	115.2	0	0	0	0	0.0	0.0	0.0	0.0	ssh
3	238	0	0	0.0	0.14285714285714285	0.0	11.333333333333334	2	140	0	0	0.0	0.09523809523809523	0.0	6.666666666666667	ssh
3	238	0	0	0.0	0.14285714285714285	0.0	11.333333333333334	2	140	0	0	0.0	0.09523809523809523	0.0	6.666666666666667	ssh
3	238	0	0	0.0	0.14285714285714285	0.0	11.333333333333334	2	140	0	0	0.0	0.09523809523809523	0.0	6.666666666666667	ssh
30	2304	0	0	0.0	1.4285714285714286	0.0	109.71428571428571	0	0	0	0	0.0	0.0	0.0	0.0	ssh
3	238	0	0	0.0	0.13636363636363635	0.0	10.818181818181818	2	140	0	0	0.0	0.09523809523809523	0.0	6.666666666666667	ssh
3	238	0	0	0.0	0.14285714285714285	0.0	11.333333333333334	2	140	0	0	0.0	0.09523809523809523	0.0	6.666666666666667	ssh
3	238	0	0	0.0	0.14285714285714285	0.0	11.333333333333334	2	140	0	0	0.0	0.09523809523809523	0.0	6.666666666666667	ssh
30	2304	0	0	0.0	1.4285714285714286	0.0	109.71428571428571	0	0	0	0	0.0	0.0	0.0	0.0	ssh
3	238	0	0	0.0	0.13636363636363635	0.0	10.818181818181818	2	140	0	0	0.0	0.09090909090909091	0.0	6.363636363636363	ssh
3	238	0	0	0.0	0.14285714285714285	0.0	11.333333333333334	2	140	0	0	0.0	0.09523809523809523	0.0	6.666666666666667	ssh
3	238	0	0	0.0	0.14285714285714285	0.0	11.333333333333334	2	140	0	0	0.0	0.09523809523809523	0.0	6.666666666666667	ssh
30	2304	0	0	0.0	1.4285714285714286	0.0	109.71428571428571	0	0	0	0	0.0	0.0	0.0	0.0	ssh
3	238	0	0	0.0	0.13636363636363635	0.0	10.818181818181818	2	140	0	0	0.0	0.09090909090909091	0.0	6.363636363636363	ssh
3	238	0	0	0.0	0.13636363636363635	0.0	10.818181818181818	2	140	0	0	0.0	0.09523809523809523	0.0	6.666666666666667	ssh
3	238	0	0	0.0	0.14285714285714285	0.0	11.333333333333334	2	140	0	0	0.0	0.09523809523809523	0.0	6.666666666666667	ssh
30	2304	0	0	0.0	1.4285714285714286	0.0	109.71428571428571	0	0	0	0	0.0	0.0	0.0	0.0	ssh
3	238	0	0	0.0	0.13636363636363635	0.0	10.818181818181818	2	140	0	0	0.0	0.09090909090909091	0.0	6.363636363636363	ssh
3	238	0	0	0.0	0.13636363636363635	0.0	10.818181818181818	2	140	0	0	0.0	0.09090909090909091	0.0	6.363636363636363	ssh
3	238	0	0	0.0	0.14285714285714285	0.0	11.333333333333334	2	140	0	0	0.0	0.09523809523809523	0.0	6.666666666666667	ssh
30	2304	0	0	0.0	1.4285714285714286	0.0	109.71428571428571	0	0	0	0	0.0	0.0	0.0	0.0	ssh
3	238	0	0	0.0	0.13636363636363635	0.0	10.818181818181818	2	140	0	0	0.0	0.09090909090909091	0.0	6.363636363636363	ssh
3	238	0	0	0.0	0.13636363636363635	0.0	10.818181818181818	2	140	0	0	0.0	0.09090909090909091	0.0	6.363636363636363	ssh
3	238	0	0	0.0	0.13636363636363635	0.0	10.818181818181818	2	140	0	0	0.0	0.09523809523809523	0.0	6.666666666666667	ssh
30	2304	0	0	0.0	1.4285714285714286	0.0	109.71428571428571	0	0	0	0	0.0	0.0	0.0	0.0	ssh
3	238	0	0	0.0	0.13636363636363635	0.0	10.818181818181818	2	140	0	0	0.0	0.09090909090909091	0.0	6.363636363636363	ssh
3	238	0	0	0.0	0.13636363636363635	0.0	10.818181818181818	2	140	0	0	0.0	0.09090909090909091	0.0	6.363636363636363	ssh
3	238	0	0	0.0	0.13636363636363635	0.0	10.818181818181818	2	140	0	0	0.0	0.09090909090909091	0.0	6.363636363636363	ssh
30	2304	0	0	0.0	1.4285714285714286	0.0	109.71428571428571	0	0	0	0	0.0	0.0	0.0	0.0	ssh
3	238	0	0	0.0	0.13636363636363635	0.0	10.818181818181818	2	140	0	0	0.0	0.09090909090909091	0.0	6.363636363636363	ssh
3	238	0	0	0.0	0.13636363636363635	0.0	10.818181818181818	2	140	0	0	0.0	0.09090909090909091	0.0	6.363636363636363	ssh
3	238	0	0	0.0	0.13636363636363635	0.0	10.818181818181818	2	140	0	0	0.0	0.09090909090909091	0.0	6.363636363636363	ssh
30	2304	0	0	0.0	1.3636363636363635	0.0	104.72727272727273	0	0	0	0	0.0	0.0	0.0	0.0	ssh
3	238	0	0	0.0	0.13043478260869565	0.0	10.347826086956522	2	140	0	0	0.0	0.09090909090909091	0.0	6.363636363636363	ssh
3	238	0	0	0.0	0.13636363636363635	0.0	10.818181818181818	2	140	0	0	0.0	0.09090909090909091	0.0	6.363636363636363	ssh
3	238	0	0	0.0	0.13636363636363635	0.0	10.818181818181818	2	140	0	0	0.0	0.09090909090909091	0.0	6.363636363636363	ssh
30	2304	0	0	0.0	1.3636363636363635	0.0	104.72727272727273	0	0	0	0	0.0	0.0	0.0	0.0	ssh
3	238	0	0	0.0	0.13043478260869565	0.0	10.347826086956522	2	140	0	0	0.0	0.08695652173913043	0.0	6.086956521739131	ssh
3	238	0	0	0.0	0.13636363636363635	0.0	10.818181818181818	2	140	0	0	0.0	0.09090909090909091	0.0	6.363636363636363	ssh
3	238	0	0	0.0	0.13636363636363635	0.0	10.818181818181818	2	140	0	0	0.0	0.09090909090909091	0.0	6.363636363636363	ssh
30	2304	0	0	0.0	1.3636363636363635	0.0	104.72727272727273	0	0	0	0	0.0	0.0	0.0	0.0	ssh
3	238	0	0	0.0	0.13043478260869565	0.0	10.347826086956522	2	140	0	0	0.0	0.08695652173913043	0.0	6.086956521739131	ssh
3	238	0	0	0.0	0.13043478260869565	0.0	10.347826086956522	2	140	0	0	0.0	0.09090909090909091	0.0	6.363636363636363	ssh
3	238	0	0	0.0	0.13636363636363635	0.0	10.818181818181818	2	140	0	0	0.0	0.09090909090909091	0.0	6.363636363636363	ssh
30	2304	0	0	0.0	1.3636363636363635	0.0	104.72727272727273	0	0	0	0	0.0	0.0	0.0	0.0	ssh
3	238	0	0	0.0	0.13043478260869565	0.0	10.347826086956522	2	140	0	0	0.0	0.08695652173913043	0.0	6.086956521739131	ssh
3	238	0	0	0.0	0.13043478260869565	0.0	10.347826086956522	2	140	0	0	0.0	0.08695652173913043	0.0	6.086956521739131	ssh
3	238	0	0	0.0	0.13636363636363635	0.0	10.818181818181818	2	140	0	0	0.0	0.09090909090909091	0.0	6.363636363636363	ssh
30	2304	0	0	0.0	1.3636363636363635	0.0	104.72727272727273	0	0	0	0	0.0	0.0	0.0	0.0	ssh
3	238	0	0	0.0	0.13043478260869565	0.0	10.347826086956522	2	140	0	0	0.0	0.08695652173913043	0.0	6.086956521739131	ssh
3	238	0	0	0.0	0.13043478260869565	0.0	10.347826086956522	2	140	0	0	0.0	0.08695652173913043	0.0	6.086956521739131	ssh
3	238	0	0	0.0	0.13043478260869565	0.0	10.347826086956522	2	140	0	0	0.0	0.09090909090909091	0.0	6.363636363636363	ssh
30	2304	0	0	0.0	1.3636363636363635	0.0	104.72727272727273	0	0	0	0	0.0	0.0	0.0	0.0	ssh
3	238	0	0	0.0	0.13043478260869565	0.0	10.347826086956522	2	140	0	0	0.0	0.08695652173913043	0.0	6.086956521739131	ssh
3	238	0	0	0.0	0.13043478260869565	0.0	10.347826086956522	2	140	0	0	0.0	0.08695652173913043	0.0	6.086956521739131	ssh
3	238	0	0	0.0	0.13043478260869565	0.0	10.347826086956522	2	140	0	0	0.0	0.08695652173913043	0.0	6.086956521739131	ssh
30	2304	0	0	0.0	1.3636363636363635	0.0	104.72727272727273	0	0	0	0	0.0	0.0	0.0	0.0	ssh
3	238	0	0	0.0	0.13043478260869565	0.0	10.347826086956522	2	140	0	0	0.0	0.08695652173913043	0.0	6.086956521739131	ssh
3	238	0	0	0.0	0.13043478260869565	0.0	10.347826086956522	2	140	0	0	0.0	0.08695652173913043	0.0	6.086956521739131	ssh
3	238	0	0	0.0	0.13043478260869565	0.0	10.347826086956522	2	140	0	0	0.0	0.08695652173913043	0.0	6.086956521739131	ssh
30	2304	0	0	0.0	1.3043478260869565	0.0	100.17391304347827	0	0	0	0	0.0	0.0	0.0	0.0	ssh
3	238	0	0	0.0	0.125	0.0	9.916666666666666	2	140	0	0	0.0	0.08695652173913043	0.0	6.086956521739131	ssh
3	238	0	0	0.0	0.13043478260869565	0.0	10.347826086956522	2	140	0	0	0.0	0.08695652173913043	0.0	6.086956521739131	ssh
3	238	0	0	0.0	0.13043478260869565	0.0	10.347826086956522	2	140	0	0	0.0	0.08695652173913043	0.0	6.086956521739131	ssh
30	2304	0	0	0.0	1.3043478260869565	0.0	100.17391304347827	0	0	0	0	0.0	0.0	0.0	0.0	ssh
3	238	0	0	0.0	0.125	0.0	9.916666666666666	2	140	0	0	0.0	0.08333333333333333	0.0	5.833333333333333	ssh
3	238	0	0	0.0	0.13043478260869565	0.0	10.347826086956522	2	140	0	0	0.0	0.08695652173913043	0.0	6.086956521739131	ssh
3	238	0	0	0.0	0.13043478260869565	0.0	10.347826086956522	2	140	0	0	0.0	0.08695652173913043	0.0	6.086956521739131	ssh
30	2304	0	0	0.0	1.3043478260869565	0.0	100.17391304347827	0	0	0	0	0.0	0.0	0.0	0.0	ssh
3	238	0	0	0.0	0.125	0.0	9.916666666666666	2	140	0	0	0.0	0.08333333333333333	0.0	5.833333333333333	ssh
3	238	0	0	0.0	0.125	0.0	9.916666666666666	2	140	0	0	0.0	0.08695652173913043	0.0	6.086956521739131	ssh
3	238	0	0	0.0	0.13043478260869565	0.0	10.347826086956522	2	140	0	0	0.0	0.08695652173913043	0.0	6.086956521739131	ssh
30	2304	0	0	0.0	1.3043478260869565	0.0	100.17391304347827	0	0	0	0	0.0	0.0	0.0	0.0	ssh
3	238	0	0	0.0	0.125	0.0	9.916666666666666	2	140	0	0	0.0	0.08333333333333333	0.0	5.833333333333333	ssh
3	238	0	0	0.0	0.125	0.0	9.916666666666666	2	140	0	0	0.0	0.08333333333333333	0.0	5.833333333333333	ssh
3	238	0	0	0.0	0.13043478260869565	0.0	10.347826086956522	2	140	0	0	0.0	0.08695652173913043	0.0	6.086956521739131	ssh
30	2304	0	0	0.0	1.3043478260869565	0.0	100.17391304347827	0	0	0	0	0.0	0.0	0.0	0.0	ssh
3	238	0	0	0.0	0.125	0.0	9.916666666666666	2	140	0	0	0.0	0.08333333333333333	0.0	5.833333333333333	ssh
3	238	0	0	0.0	0.125	0.0	9.916666666666666	2	140	0	0	0.0	0.08333333333333333	0.0	5.833333333333333	ssh
3	238	0	0	0.0	0.125	0.0	9.916666666666666	2	140	0	0	0.0	0.08695652173913043	0.0	6.086956521739131	ssh
30	2304	0	0	0.0	1.3043478260869565	0.0	100.17391304347827	0	0	0	0	0.0	0.0	0.0	0.0	ssh
3	238	0	0	0.0	0.125	0.0	9.916666666666666	2	140	0	0	0.0	0.08333333333333333	0.0	5.833333333333333	ssh
3	238	0	0	0.0	0.125	0.0	9.916666666666666	2	140	0	0	0.0	0.08333333333333333	0.0	5.833333333333333	ssh
3	238	0	0	0.0	0.125	0.0	9.916666666666666	2	140	0	0	0.0	0.08333333333333333	0.0	5.833333333333333	ssh
30	2304	0	0	0.0	1.3043478260869565	0.0	100.17391304347827	0	0	0	0	0.0	0.0	0.0	0.0	ssh
3	238	0	0	0.0	0.125	0.0	9.916666666666666	2	140	0	0	0.0	0.08333333333333333	0.0	5.833333333333333	ssh
3	238	0	0	0.0	0.125	0.0	9.916666666666666	2	140	0	0	0.0	0.08333333333333333	0.0	5.833333333333333	ssh
3	238	0	0	0.0	0.125	0.0	9.916666666666666	2	140	0	0	0.0	0.08333333333333333	0.0	5.833333333333333	ssh
30	2304	0	0	0.0	1.25	0.0	96.0	0	0	0	0	0.0	0.0	0.0	0.0	ssh
3	238	0	0	0.0	0.12	0.0	9.52	2	140	0	0	0.0	0.08333333333333333	0.0	5.833333333333333	ssh
3	238	0	0	0.0	0.125	0.0	9.916666666666666	2	140	0	0	0.0	0.08333333333333333	0.0	5.833333333333333	ssh
3	238	0	0	0.0	0.125	0.0	9.916666666666666	2	140	0	0	0.0	0.08333333333333333	0.0	5.833333333333333	ssh
30	2304	0	0	0.0	1.25	0.0	96.0	0	0	0	0	0.0	0.0	0.0	0.0	ssh
3	238	0	0	0.0	0.12	0.0	9.52	2	140	0	0	0.0	0.08	0.0	5.6	ssh
3	238	0	0	0.0	0.125	0.0	9.916666666666666	2	140	0	0	0.0	0.08333333333333333	0.0	5.833333333333333	ssh
3	238	0	0	0.0	0.125	0.0	9.916666666666666	2	140	0	0	0.0	0.08333333333333333	0.0	5.833333333333333	ssh
30	2304	0	0	0.0	1.25	0.0	96.0	0	0	0	0	0.0	0.0	0.0	0.0	ssh
3	238	0	0	0.0	0.12	0.0	9.52	2	140	0	0	0.0	0.08	0.0	5.6	ssh
3	238	0	0	0.0	0.12	0.0	9.52	2	140	0	0	0.0	0.08333333333333333	0.0	5.833333333333333	ssh
3	238	0	0	0.0	0.125	0.0	9.916666666666666	2	140	0	0	0.0	0.08333333333333333	0.0	5.833333333333333	ssh
30	2304	0	0	0.0	1.25	0.0	96.0	0	0	0	0	0.0	0.0	0.0	0.0	ssh
3	238	0	0	0.0	0.12	0.0	9.52	2	140	0	0	0.0	0.08	0.0	5.6	ssh
3	238	0	0	0.0	0.12	0.0	9.52	2	140	0	0	0.0	0.08	0.0	5.6	ssh
3	238	0	0	0.0	0.125	0.0	9.916666666666666	2	140	0	0	0.0	0.08333333333333333	0.0	5.833333333333333	ssh
30	2304	0	0	0.0	1.25	0.0	96.0	0	0	0	0	0.0	0.0	0.0	0.0	ssh
3	238	0	0	0.0	0.12	0.0	9.52	2	140	0	0	0.0	0.08	0.0	5.6	ssh
3	238	0	0	0.0	0.12	0.0	9.52	2	140	0	0	0.0	0.08	0.0	5.6	ssh
3	238	0	0	0.0	0.12	0.0	9.52	2	140	0	0	0.0	0.08333333333333333	0.0	5.833333333333333	ssh
30	2304	0	0	0.0	1.25	0.0	96.0	0	0	0	0	0.0	0.0	0.0	0.0	ssh
3	238	0	0	0.0	0.12	0.0	9.52	2	140	0	0	0.0	0.08	0.0	5.6	ssh
3	238	0	0	0.0	0.12	0.0	9.52	2	140	0	0	0.0	0.08	0.0	5.6	ssh
3	238	0	0	0.0	0.12	0.0	9.52	2	140	0	0	0.0	0.08	0.0	5.6	ssh
30	2304	0	0	0.0	1.25	0.0	96.0	0	0	0	0	0.0	0.0	0.0	0.0	ssh
3	238	0	0	0.0	0.12	0.0	9.52	2	140	0	0	0.0	0.08	0.0	5.6	ssh
3	238	0	0	0.0	0.12	0.0	9.52	2	140	0	0	0.0	0.08	0.0	5.6	ssh
3	238	0	0	0.0	0.12	0.0	9.52	2	140	0	0	0.0	0.08	0.0	5.6	ssh
30	2304	0	0	0.0	1.2	0.0	92.16	0	0	0	0	0.0	0.0	0.0	0.0	ssh
3	238	0	0	0.0	0.11538461538461539	0.0	9.153846153846153	2	140	0	0	0.0	0.08	0.0	5.6	ssh
3	238	0	0	0.0	0.12	0.0	9.52	2	140	0	0	0.0	0.08	0.0	5.6	ssh
3	238	0	0	0.0	0.12	0.0	9.52	2	140	0	0	0.0	0.08	0.0	5.6	ssh
30	2304	0	0	0.0	1.2	0.0	92.16	0	0	0	0	0.0	0.0	0.0	0.0	ssh
3	238	0	0	0.0	0.11538461538461539	0.0	9.153846153846153	2	140	0	0	0.0	0.07692307692307693	0.0	5.384615384615385	ssh
3	238	0	0	0.0	0.12	0.0	9.52	2	140	0	0	0.0	0.08	0.0	5.6	ssh
3	238	0	0	0.0	0.12	0.0	9.52	2	140	0	0	0.0	0.08	0.0	5.6	ssh
30	2304	0	0	0.0	1.2	0.0	92.16	0	0	0	0	0.0	0.0	0.0	0.0	ssh
3	238	0	0	0.0	0.11538461538461539	0.0	9.153846153846153	2	140	0	0	0.0	0.07692307692307693	0.0	5.384615384615385	ssh
3	238	0	0	0.0	0.11538461538461539	0.0	9.153846153846153	2	140	0	0	0.0	0.08	0.0	5.6	ssh
3	238	0	0	0.0	0.12	0.0	9.52	2	140	0	0	0.0	0.08	0.0	5.6	ssh
30	2304	0	0	0.0	1.2	0.0	92.16	0	0	0	0	0.0	0.0	0.0	0.0	ssh
3	238	0	0	0.0	0.11538461538461539	0.0	9.153846153846153	2	140	0	0	0.0	0.07692307692307693	0.0	5.384615384615385	ssh
3	238	0	0	0.0	0.11538461538461539	0.0	9.153846153846153	2	140	0	0	0.0	0.07692307692307693	0.0	5.384615384615385	ssh
3	238	0	0	0.0	0.12	0.0	9.52	2	140	0	0	0.0	0.08	0.0	5.6	ssh
30	2304	0	0	0.0	1.2	0.0	92.16	0	0	0	0	0.0	0.0	0.0	0.0	ssh
3	238	0	0	0.0	0.11538461538461539	0.0	9.153846153846153	2	140	0	0	0.0	0.07692307692307693	0.0	5.384615384615385	ssh
3	238	0	0	0.0	0.11538461538461539	0.0	9.153846153846153	2	140	0	0	0.0	0.07692307692307693	0.0	5.384615384615385	ssh
3	238	0	0	0.0	0.11538461538461539	0.0	9.153846153846153	2	140	0	0	0.0	0.08	0.0	5.6	ssh
30	2304	0	0	0.0	1.2	0.0	92.16	0	0	0	0	0.0	0.0	0.0	0.0	ssh
3	238	0	0	0.0	0.11538461538461539	0.0	9.153846153846153	2	140	0	0	0.0	0.07692307692307693	0.0	5.384615384615385	ssh
3	238	0	0	0.0	0.11538461538461539	0.0	9.153846153846153	2	140	0	0	0.0	0.07692307692307693	0.0	5.384615384615385	ssh
3	238	0	0	0.0	0.11538461538461539	0.0	9.153846153846153	2	140	0	0	0.0	0.07692307692307693	0.0	5.384615384615385	ssh
30	2304	0	0	0.0	1.2	0.0	92.16	0	0	0	0	0.0	0.0	0.0	0.0	ssh
3	238	0	0	0.0	0.11538461538461539	0.0	9.153846153846153	2	140	0	0	0.0	0.07692307692307693	0.0	5.384615384615385	ssh
3	238	0	0	0.0	0.11538461538461539	0.0	9.153846153846153	2	140	0	0	0.0	0.07692307692307693	0.0	5.384615384615385	ssh
3	238	0	0	0.0	0.11538461538461539	0.0	9.153846153846153	2	140	0	0	0.0	0.07692307692307693	0.0	5.384615384615385	ssh
30	2304	0	0	0.0	1.1538461538461537	0.0	88.61538461538461	0	0	0	0	0.0	0.0	0.0	0.0	ssh
3	238	0	0	0.0	0.1111111111111111	0.0	8.814814814814815	2	140	0	0	0.0	0.07692307692307693	0.0	5.384615384615385	ssh
3	238	0	0	0.0	0.11538461538461539	0.0	9.153846153846153	2	140	0	0	0.0	0.07692307692307693	0.0	5.384615384615385	ssh
3	238	0	0	0.0	0.11538461538461539	0.0	9.153846153846153	2	140	0	0	0.0	0.07692307692307693	0.0	5.384615384615385	ssh
30	2304	0	0	0.0	1.1538461538461537	0.0	88.61538461538461	0	0	0	0	0.0	0.0	0.0	0.0	ssh
3	238	0	0	0.0	0.1111111111111111	0.0	8.814814814814815	2	140	0	0	0.0	0.07407407407407407	0.0	5.185185185185185	ssh
3	238	0	0	0.0	0.11538461538461539	0.0	9.153846153846153	2	140	0	0	0.0	0.07692307692307693	0.0	5.384615384615385	ssh
3	238	0	0	0.0	0.11538461538461539	0.0	9.153846153846153	2	140	0	0	0.0	0.07692307692307693	0.0	5.384615384615385	ssh
30	2304	0	0	0.0	1.1538461538461537	0.0	88.61538461538461	0	0	0	0	0.0	0.0	0.0	0.0	ssh
3	238	0	0	0.0	0.1111111111111111	0.0	8.814814814814815	2	140	0	0	0.0	0.07407407407407407	0.0	5.185185185185185	ssh
3	238	0	0	0.0	0.1111111111111111	0.0	8.814814814814815	2	140	0	0	0.0	0.07692307692307693	0.0	5.384615384615385	ssh
3	238	0	0	0.0	0.11538461538461539	0.0	9.153846153846153	2	140	0	0	0.0	0.07692307692307693	0.0	5.384615384615385	ssh
30	2304	0	0	0.0	1.1538461538461537	0.0	88.61538461538461	0	0	0	0	0.0	0.0	0.0	0.0	ssh
3	238	0	0	0.0	0.1111111111111111	0.0	8.814814814814815	2	140	0	0	0.0	0.07407407407407407	0.0	5.185185185185185	ssh
3	238	0	0	0.0	0.1111111111111111	0.0	8.814814814814815	2	140	0	0	0.0	0.07407407407407407	0.0	5.185185185185185	ssh
3	238	0	0	0.0	0.11538461538461539	0.0	9.153846153846153	2	140	0	0	0.0	0.07692307692307693	0.0	5.384615384615385	ssh
30	2304	0	0	0.0	1.1538461538461537	0.0	88.61538461538461	0	0	0	0	0.0	0.0	0.0	0.0	ssh
3	238	0	0	0.0	0.1111111111111111	0.0	8.814814814814815	2	140	0	0	0.0	0.07407407407407407	0.0	5.185185185185185	ssh
3	238	0	0	0.0	0.1111111111111111	0.0	8.814814814814815	2	140	0	0	0.0	0.07407407407407407	0.0	5.185185185185185	ssh
3	238	0	0	0.0	0.1111111111111111	0.0	8.814814814814815	2	140	0	0	0.0	0.07692307692307693	0.0	5.384615384615385	ssh
30	2304	0	0	0.0	1.1538461538461537	0.0	88.61538461538461	0	0	0	0	0.0	0.0	0.0	0.0	ssh
3	238	0	0	0.0	0.1111111111111111	0.0	8.814814814814815	2	140	0	0	0.0	0.07407407407407407	0.0	5.185185185185185	ssh
3	238	0	0	0.0	0.1111111111111111	0.0	8.814814814814815	2	140	0	0	0.0	0.07407407407407407	0.0	5.185185185185185	ssh
3	238	0	0	0.0	0.1111111111111111	0.0	8.814814814814815	2	140	0	0	0.0	0.07407407407407407	0.0	5.185185185185185	ssh
30	2304	0	0	0.0	1.1538461538461537	0.0	88.61538461538461	0	0	0	0	0.0	0.0	0.0	0.0	ssh
3	238	0	0	0.0	0.1111111111111111	0.0	8.814814814814815	2	140	0	0	0.0	0.07407407407407407	0.0	5.185185185185185	ssh
3	238	0	0	0.0	0.1111111111111111	0.0	8.814814814814815	2	140	0	0	0.0	0.07407407407407407	0.0	5.185185185185185	ssh
3	238	0	0	0.0	0.1111111111111111	0.0	8.814814814814815	2	140	0	0	0.0	0.07407407407407407	0.0	5.185185185185185	ssh
31	2374	1	70	1.0	1.1481481481481481	70.0	87.92592592592592	0	0	0	0	0.0	0.0	0.0	0.0	ssh
3	238	0	0	0.0	0.10714285714285714	0.0	8.5	2	140	0	0	0.0	0.07407407407407407	0.0	5.185185185185185	ssh
3	238	0	0	0.0	0.1111111111111111	0.0	8.814814814814815	2	140	0	0	0.0	0.07407407407407407	0.0	5.185185185185185	ssh
3	238	0	0	0.0	0.1111111111111111	0.0	8.814814814814815	2	140	0	0	0.0	0.07407407407407407	0.0	5.185185185185185	ssh
31	2374	1	70	1.0	1.1481481481481481	70.0	87.92592592592592	0	0	0	0	0.0	0.0	0.0	0.0	ssh
3	238	0	0	0.0	0.10714285714285714	0.0	8.5	2	140	0	0	0.0	0.07142857142857142	0.0	5.0	ssh
3	238	0	0	0.0	0.1111111111111111	0.0	8.814814814814815	2	140	0	0	0.0	0.07407407407407407	0.0	5.185185185185185	ssh
3	238	0	0	0.0	0.1111111111111111	0.0	8.814814814814815	2	140	0	0	0.0	0.07407407407407407	0.0	5.185185185185185	ssh
31	2374	1	70	1.0	1.1481481481481481	70.0	87.92592592592592	0	0	0	0	0.0	0.0	0.0	0.0	ssh
3	238	0	0	0.0	0.10714285714285714	0.0	8.5	2	140	0	0	0.0	0.07142857142857142	0.0	5.0	ssh
3	238	0	0	0.0	0.10714285714285714	0.0	8.5	2	140	0	0	0.0	0.07407407407407407	0.0	5.185185185185185	ssh
3	238	0	0	0.0	0.1111111111111111	0.0	8.814814814814815	2	140	0	0	0.0	0.07407407407407407	0.0	5.185185185185185	ssh
31	2374	1	70	1.0	1.1481481481481481	70.0	87.92592592592592	0	0	0	0	0.0	0.0	0.0	0.0	ssh
3	238	0	0	0.0	0.10714285714285714	0.0	8.5	2	140	0	0	0.0	0.07142857142857142	0.0	5.0	ssh
3	238	0	0	0.0	0.10714285714285714	0.0	8.5	2	140	0	0	0.0	0.07142857142857142	0.0	5.0	ssh
3	238	0	0	0.0	0.1111111111111111	0.0	8.814814814814815	2	140	0	0	0.0	0.07407407407407407	0.0	5.185185185185185	ssh
31	2374	1	70	1.0	1.1481481481481481	70.0	87.92592592592592	0	0	0	0	0.0	0.0	0.0	0.0	ssh
3	238	0	0	0.0	0.10714285714285714	0.0	8.5	2	140	0	0	0.0	0.07142857142857142	0.0	5.0	ssh
3	238	0	0	0.0	0.10714285714285714	0.0	8.5	2	140	0	0	0.0	0.07142857142857142	0.0	5.0	ssh
3	238	0	0	0.0	0.10714285714285714	0.0	8.5	2	140	0	0	0.0	0.07407407407407407	0.0	5.185185185185185	ssh
31	2374	1	70	1.0	1.1481481481481481	70.0	87.92592592592592	0	0	0	0	0.0	0.0	0.0	0.0	ssh
3	238	0	0	0.0	0.10714285714285714	0.0	8.5	2	140	0	0	0.0	0.07142857142857142	0.0	5.0	ssh
3	238	0	0	0.0	0.10714285714285714	0.0	8.5	2	140	0	0	0.0	0.07142857142857142	0.0	5.0	ssh
3	238	0	0	0.0	0.10714285714285714	0.0	8.5	2	140	0	0	0.0	0.07142857142857142	0.0	5.0	ssh
31	2374	1	70	1.0	1.1481481481481481	70.0	87.92592592592592	0	0	0	0	0.0	0.0	0.0	0.0	ssh
3	238	0	0	0.0	0.10714285714285714	0.0	8.5	2	140	0	0	0.0	0.07142857142857142	0.0	5.0	ssh
3	238	0	0	0.0	0.10714285714285714	0.0	8.5	2	140	0	0	0.0	0.07142857142857142	0.0	5.0	ssh
3	238	0	0	0.0	0.10714285714285714	0.0	8.5	2	140	0	0	0.0	0.07142857142857142	0.0	5.0	ssh
31	2374	0	0	0.0	1.1071428571428572	0.0	84.78571428571429	0	0	0	0	0.0	0.0	0.0	0.0	ssh
3	238	0	0	0.0	0.10344827586206896	0.0	8.206896551724139	2	140	0	0	0.0	0.07142857142857142	0.0	5.0	ssh
3	238	0	0	0.0	0.10714285714285714	0.0	8.5	2	140	0	0	0.0	0.07142857142857142	0.0	5.0	ssh
3	238	0	0	0.0	0.10714285714285714	0.0	8.5	2	140	0	0	0.0	0.07142857142857142	0.0	5.0	ssh
31	2374	0	0	0.0	1.1071428571428572	0.0	84.78571428571429	0	0	0	0	0.0	0.0	0.0	0.0	ssh
3	238	0	0	0.0	0.10344827586206896	0.0	8.206896551724139	2	140	0	0	0.0	0.06896551724137931	0.0	4.827586206896552	ssh
3	238	0	0	0.0	0.10714285714285714	0.0	8.5	2	140	0	0	0.0	0.07142857142857142	0.0	5.0	ssh
3	238	0	0	0.0	0.10714285714285714	0.0	8.5	2	140	0	0	0.0	0.07142857142857142	0.0	5.0	ssh
31	2374	0	0	0.0	1.1071428571428572	0.0	84.78571428571429	0	0	0	0	0.0	0.0	0.0	0.0	ssh
3	238	0	0	0.0	0.10344827586206896	0.0	8.206896551724139	2	140	0	0	0.0	0.06896551724137931	0.0	4.827586206896552	ssh
3	238	0	0	0.0	0.10344827586206896	0.0	8.206896551724139	2	140	0	0	0.0	0.07142857142857142	0.0	5.0	ssh
3	238	0	0	0.0	0.10714285714285714	0.0	8.5	2	140	0	0	0.0	0.07142857142857142	0.0	5.0	ssh
31	2374	0	0	0.0	1.1071428571428572	0.0	84.78571428571429	0	0	0	0	0.0	0.0	0.0	0.0	ssh
3	238	0	0	0.0	0.10344827586206896	0.0	8.206896551724139	2	140	0	0	0.0	0.06896551724137931	0.0	4.827586206896552	ssh
3	238	0	0	0.0	0.10344827586206896	0.0	8.206896551724139	2	140	0	0	0.0	0.06896551724137931	0.0	4.827586206896552	ssh
3	238	0	0	0.0	0.10714285714285714	0.0	8.5	2	140	0	0	0.0	0.07142857142857142	0.0	5.0	ssh
31	2374	0	0	0.0	1.1071428571428572	0.0	84.78571428571429	0	0	0	0	0.0	0.0	0.0	0.0	ssh
3	238	0	0	0.0	0.10344827586206896	0.0	8.206896551724139	2	140	0	0	0.0	0.06896551724137931	0.0	4.827586206896552	ssh
3	238	0	0	0.0	0.10344827586206896	0.0	8.206896551724139	2	140	0	0	0.0	0.06896551724137931	0.0	4.827586206896552	ssh
3	238	0	0	0.0	0.10344827586206896	0.0	8.206896551724139	2	140	0	0	0.0	0.07142857142857142	0.0	5.0	ssh
31	2374	0	0	0.0	1.1071428571428572	0.0	84.78571428571429	0	0	0	0	0.0	0.0	0.0	0.0	ssh
3	238	0	0	0.0	0.10344827586206896	0.0	8.206896551724139	2	140	0	0	0.0	0.06896551724137931	0.0	4.827586206896552	ssh
3	238	0	0	0.0	0.10344827586206896	0.0	8.206896551724139	2	140	0	0	0.0	0.06896551724137931	0.0	4.827586206896552	ssh
3	238	0	0	0.0	0.10344827586206896	0.0	8.206896551724139	2	140	0	0	0.0	0.06896551724137931	0.0	4.827586206896552	ssh
31	2374	0	0	0.0	1.1071428571428572	0.0	84.78571428571429	0	0	0	0	0.0	0.0	0.0	0.0	ssh
3	238	0	0	0.0	0.10344827586206896	0.0	8.206896551724139	2	140	0	0	0.0	0.06896551724137931	0.0	4.827586206896552	ssh
3	238	0	0	0.0	0.10344827586206896	0.0	8.206896551724139	2	140	0	0	0.0	0.06896551724137931	0.0	4.827586206896552	ssh
3	238	0	0	0.0	0.10344827586206896	0.0	8.206896551724139	2	140	0	0	0.0	0.06896551724137931	0.0	4.827586206896552	ssh
32	2444	1	70	1.0	1.103448275862069	70.0	84.27586206896552	0	0	0	0	0.0	0.0	0.0	0.0	ssh
3	238	0	0	0.0	0.1	0.0	7.933333333333334	2	140	0	0	0.0	0.06896551724137931	0.0	4.827586206896552	ssh
3	238	0	0	0.0	0.10344827586206896	0.0	8.206896551724139	2	140	0	0	0.0	0.06896551724137931	0.0	4.827586206896552	ssh
3	238	0	0	0.0	0.10344827586206896	0.0	8.206896551724139	2	140	0	0	0.0	0.06896551724137931	0.0	4.827586206896552	ssh
32	2444	1	70	1.0	1.103448275862069	70.0	84.27586206896552	0	0	0	0	0.0	0.0	0.0	0.0	ssh
3	238	0	0	0.0	0.1	0.0	7.933333333333334	2	140	0	0	0.0	0.06666666666666667	0.0	4.666666666666667	ssh
3	238	0	0	0.0	0.10344827586206896	0.0	8.206896551724139	2	140	0	0	0.0	0.06896551724137931	0.0	4.827586206896552	ssh
3	238	0	0	0.0	0.10344827586206896	0.0	8.206896551724139	2	140	0	0	0.0	0.06896551724137931	0.0	4.827586206896552	ssh
32	2444	1	70	1.0	1.103448275862069	70.0	84.27586206896552	0	0	0	0	0.0	0.0	0.0	0.0	ssh
3	238	0	0	0.0	0.1	0.0	7.933333333333334	2	140	0	0	0.0	0.06666666666666667	0.0	4.666666666666667	ssh
3	238	0	0	0.0	0.1	0.0	7.933333333333334	2	140	0	0	0.0	0.06896551724137931	0.0	4.827586206896552	ssh
3	238	0	0	0.0	0.10344827586206896	0.0	8.206896551724139	2	140	0	0	0.0	0.06896551724137931	0.0	4.827586206896552	ssh
32	2444	1	70	1.0	1.103448275862069	70.0	84.27586206896552	0	0	0	0	0.0	0.0	0.0	0.0	ssh
3	238	0	0	0.0	0.1	0.0	7.933333333333334	2	140	0	0	0.0	0.06666666666666667	0.0	4.666666666666667	ssh
3	238	0	0	0.0	0.1	0.0	7.933333333333334	2	140	0	0	0.0	0.06666666666666667	0.0	4.666666666666667	ssh
3	238	0	0	0.0	0.10344827586206896	0.0	8.206896551724139	2	140	0	0	0.0	0.06896551724137931	0.0	4.827586206896552	ssh
32	2444	1	70	1.0	1.103448275862069	70.0	84.27586206896552	0	0	0	0	0.0	0.0	0.0	0.0	ssh
3	238	0	0	0.0	0.1	0.0	7.933333333333334	2	140	0	0	0.0	0.06666666666666667	0.0	4.666666666666667	ssh
3	238	0	0	0.0	0.1	0.0	7.933333333333334	2	140	0	0	0.0	0.06666666666666667	0.0	4.666666666666667	ssh
3	238	0	0	0.0	0.1	0.0	7.933333333333334	2	140	0	0	0.0	0.06896551724137931	0.0	4.827586206896552	ssh
32	2444	1	70	1.0	1.103448275862069	70.0	84.27586206896552	0	0	0	0	0.0	0.0	0.0	0.0	ssh
3	238	0	0	0.0	0.1	0.0	7.933333333333334	2	140	0	0	0.0	0.06666666666666667	0.0	4.666666666666667	ssh
3	238	0	0	0.0	0.1	0.0	7.933333333333334	2	140	0	0	0.0	0.06666666666666667	0.0	4.666666666666667	ssh
3	238	0	0	0.0	0.1	0.0	7.933333333333334	2	140	0	0	0.0	0.06666666666666667	0.0	4.666666666666667	ssh
32	2444	1	70	1.0	1.103448275862069	70.0	84.27586206896552	0	0	0	0	0.0	0.0	0.0	0.0	ssh
3	238	0	0	0.0	0.1	0.0	7.933333333333334	2	140	0	0	0.0	0.06666666666666667	0.0	4.666666666666667	ssh
3	238	0	0	0.0	0.1	0.0	7.933333333333334	2	140	0	0	0.0	0.06666666666666667	0.0	4.666666666666667	ssh
3	238	0	0	0.0	0.1	0.0	7.933333333333334	2	140	0	0	0.0	0.06666666666666667	0.0	4.666666666666667	ssh
32	2444	0	0	0.0	1.0666666666666667	0.0	81.46666666666667	0	0	0	0	0.0	0.0	0.0	0.0	ssh
3	238	0	0	0.0	0.0967741935483871	0.0	7.67741935483871	2	140	0	0	0.0	0.06666666666666667	0.0	4.666666666666667	ssh
3	238	0	0	0.0	0.1	0.0	7.933333333333334	2	140	0	0	0.0	0.06666666666666667	0.0	4.666666666666667	ssh
3	238	0	0	0.0	0.1	0.0	7.933333333333334	2	140	0	0	0.0	0.06666666666666667	0.0	4.666666666666667	ssh
32	2444	0	0	0.0	1.0666666666666667	0.0	81.46666666666667	0	0	0	0	0.0	0.0	0.0	0.0	ssh
3	238	0	0	0.0	0.0967741935483871	0.0	7.67741935483871	2	140	0	0	0.0	0.06451612903225806	0.0	4.516129032258065	ssh
3	238	0	0	0.0	0.1	0.0	7.933333333333334	2	140	0	0	0.0	0.06666666666666667	0.0	4.666666666666667	ssh
3	238	0	0	0.0	0.1	0.0	7.933333333333334	2	140	0	0	0.0	0.06666666666666667	0.0	4.666666666666667	ssh
32	2444	0	0	0.0	1.0666666666666667	0.0	81.46666666666667	0	0	0	0	0.0	0.0	0.0	0.0	ssh
3	238	0	0	0.0	0.0967741935483871	0.0	7.67741935483871	2	140	0	0	0.0	0.06451612903225806	0.0	4.516129032258065	ssh
3	238	0	0	0.0	0.0967741935483871	0.0	7.67741935483871	2	140	0	0	0.0	0.06666666666666667	0.0	4.666666666666667	ssh
3	238	0	0	0.0	0.1	0.0	7.933333333333334	2	140	0	0	0.0	0.06666666666666667	0.0	4.666666666666667	ssh
32	2444	0	0	0.0	1.0666666666666667	0.0	81.46666666666667	0	0	0	0	0.0	0.0	0.0	0.0	ssh
3	238	0	0	0.0	0.0967741935483871	0.0	7.67741935483871	2	140	0	0	0.0	0.06451612903225806	0.0	4.516129032258065	ssh
3	238	0	0	0.0	0.0967741935483871	0.0	7.67741935483871	2	140	0	0	0.0	0.06451612903225806	0.0	4.516129032258065	ssh
3	238	0	0	0.0	0.1	0.0	7.933333333333334	2	140	0	0	0.0	0.06666666666666667	0.0	4.666666666666667	ssh
32	2444	0	0	0.0	1.0666666666666667	0.0	81.46666666666667	0	0	0	0	0.0	0.0	0.0	0.0	ssh
3	238	0	0	0.0	0.0967741935483871	0.0	7.67741935483871	2	140	0	0	0.0	0.06451612903225806	0.0	4.516129032258065	ssh
3	238	0	0	0.0	0.0967741935483871	0.0	7.67741935483871	2	140	0	0	0.0	0.06451612903225806	0.0	4.516129032258065	ssh
3	238	0	0	0.0	0.0967741935483871	0.0	7.67741935483871	2	140	0	0	0.0	0.06666666666666667	0.0	4.666666666666667	ssh
32	2444	0	0	0.0	1.0666666666666667	0.0	81.46666666666667	0	0	0	0	0.0	0.0	0.0	0.0	ssh
3	238	0	0	0.0	0.0967741935483871	0.0	7.67741935483871	2	140	0	0	0.0	0.06451612903225806	0.0	4.516129032258065	ssh
3	238	0	0	0.0	0.0967741935483871	0.0	7.67741935483871	2	140	0	0	0.0	0.06451612903225806	0.0	4.516129032258065	ssh
3	238	0	0	0.0	0.0967741935483871	0.0	7.67741935483871	2	140	0	0	0.0	0.06451612903225806	0.0	4.516129032258065	ssh
32	2444	0	0	0.0	1.0666666666666667	0.0	81.46666666666667	0	0	0	0	0.0	0.0	0.0	0.0	ssh
3	238	0	0	0.0	0.0967741935483871	0.0	7.67741935483871	2	140	0	0	0.0	0.06451612903225806	0.0	4.516129032258065	ssh
3	238	0	0	0.0	0.0967741935483871	0.0	7.67741935483871	2	140	0	0	0.0	0.06451612903225806	0.0	4.516129032258065	ssh
3	238	0	0	0.0	0.0967741935483871	0.0	7.67741935483871	2	140	0	0	0.0	0.06451612903225806	0.0	4.516129032258065	ssh
32	2444	0	0	0.0	1.032258064516129	0.0	78.83870967741936	0	0	0	0	0.0	0.0	0.0	0.0	ssh
3	238	0	0	0.0	0.09375	0.0	7.4375	2	140	0	0	0.0	0.06451612903225806	0.0	4.516129032258065	ssh
3	238	0	0	0.0	0.0967741935483871	0.0	7.67741935483871	2	140	0	0	0.0	0.06451612903225806	0.0	4.516129032258065	ssh
3	238	0	0	0.0	0.0967741935483871	0.0	7.67741935483871	2	140	0	0	0.0	0.06451612903225806	0.0	4.516129032258065	ssh
32	2444	0	0	0.0	1.032258064516129	0.0	78.83870967741936	0	0	0	0	0.0	0.0	0.0	0.0	ssh
3	238	0	0	0.0	0.09375	0.0	7.4375	2	140	0	0	0.0	0.0625	0.0	4.375	ssh
3	238	0	0	0.0	0.0967741935483871	0.0	7.67741935483871	2	140	0	0	0.0	0.06451612903225806	0.0	4.516129032258065	ssh
3	238	0	0	0.0	0.0967741935483871	0.0	7.67741935483871	2	140	0	0	0.0	0.06451612903225806	0.0	4.516129032258065	ssh
32	2444	0	0	0.0	1.032258064516129	0.0	78.83870967741936	0	0	0	0	0.0	0.0	0.0	0.0	ssh
3	238	0	0	0.0	0.09375	0.0	7.4375	2	140	0	0	0.0	0.0625	0.0	4.375	ssh
3	238	0	0	0.0	0.09375	0.0	7.4375	2	140	0	0	0.0	0.06451612903225806	0.0	4.516129032258065	ssh
3	238	0	0	0.0	0.0967741935483871	0.0	7.67741935483871	2	140	0	0	0.0	0.06451612903225806	0.0	4.516129032258065	ssh
32	2444	0	0	0.0	1.032258064516129	0.0	78.83870967741936	0	0	0	0	0.0	0.0	0.0	0.0	ssh
3	238	0	0	0.0	0.09375	0.0	7.4375	2	140	0	0	0.0	0.0625	0.0	4.375	ssh
3	238	0	0	0.0	0.09375	0.0	7.4375	2	140	0	0	0.0	0.0625	0.0	4.375	ssh
3	238	0	0	0.0	0.0967741935483871	0.0	7.67741935483871	2	140	0	0	0.0	0.06451612903225806	0.0	4.516129032258065	ssh
32	2444	0	0	0.0	1.032258064516129	0.0	78.83870967741936	0	0	0	0	0.0	0.0	0.0	0.0	ssh
3	238	0	0	0.0	0.09375	0.0	7.4375	2	140	0	0	0.0	0.0625	0.0	4.375	ssh
3	238	0	0	0.0	0.09375	0.0	7.4375	2	140	0	0	0.0	0.0625	0.0	4.375	ssh
3	238	0	0	0.0	0.09375	0.0	7.4375	2	140	0	0	0.0	0.06451612903225806	0.0	4.516129032258065	ssh
32	2444	0	0	0.0	1.032258064516129	0.0	78.83870967741936	0	0	0	0	0.0	0.0	0.0	0.0	ssh
3	238	0	0	0.0	0.09375	0.0	7.4375	2	140	0	0	0.0	0.0625	0.0	4.375	ssh
3	238	0	0	0.0	0.09375	0.0	7.4375	2	140	0	0	0.0	0.0625	0.0	4.375	ssh
3	238	0	0	0.0	0.09375	0.0	7.4375	2	140	0	0	0.0	0.0625	0.0	4.375	ssh
32	2444	0	0	0.0	1.032258064516129	0.0	78.83870967741936	0	0	0	0	0.0	0.0	0.0	0.0	ssh
3	238	0	0	0.0	0.09375	0.0	7.4375	2	140	0	0	0.0	0.0625	0.0	4.375	ssh
3	238	0	0	0.0	0.09375	0.0	7.4375	2	140	0	0	0.0	0.0625	0.0	4.375	ssh
3	238	0	0	0.0	0.09375	0.0	7.4375	2	140	0	0	0.0	0.0625	0.0	4.375	ssh
32	2444	0	0	0.0	1.0	0.0	76.375	0	0	0	0	0.0	0.0	0.0	0.0	ssh
3	238	0	0	0.0	0.09090909090909091	0.0	7.212121212121212	2	140	0	0	0.0	0.0625	0.0	4.375	ssh
3	238	0	0	0.0	0.09375	0.0	7.4375	2	140	0	0	0.0	0.0625	0.0	4.375	ssh
3	238	0	0	0.0	0.09375	0.0	7.4375	2	140	0	0	0.0	0.0625	0.0	4.375	ssh
32	2444	0	0	0.0	1.0	0.0	76.375	0	0	0	0	0.0	0.0	0.0	0.0	ssh
3	238	0	0	0.0	0.09090909090909091	0.0	7.212121212121212	2	140	0	0	0.0	0.06060606060606061	0.0	4.242424242424242	ssh
3	238	0	0	0.0	0.09375	0.0	7.4375	2	140	0	0	0.0	0.0625	0.0	4.375	ssh
3	238	0	0	0.0	0.09375	0.0	7.4375	2	140	0	0	0.0	0.0625	0.0	4.375	ssh
32	2444	0	0	0.0	1.0	0.0	76.375	0	0	0	0	0.0	0.0	0.0	0.0	ssh
3	238	0	0	0.0	0.09090909090909091	0.0	7.212121212121212	2	140	0	0	0.0	0.06060606060606061	0.0	4.242424242424242	ssh
3	238	0	0	0.0	0.09090909090909091	0.0	7.212121212121212	2	140	0	0	0.0	0.0625	0.0	4.375	ssh
3	238	0	0	0.0	0.09375	0.0	7.4375	2	140	0	0	0.0	0.0625	0.0	4.375	ssh
32	2444	0	0	0.0	1.0	0.0	76.375	0	0	0	0	0.0	0.0	0.0	0.0	ssh
3	238	0	0	0.0	0.09090909090909091	0.0	7.212121212121212	2	140	0	0	0.0	0.06060606060606061	0.0	4.242424242424242	ssh
3	238	0	0	0.0	0.09090909090909091	0.0	7.212121212121212	2	140	0	0	0.0	0.06060606060606061	0.0	4.242424242424242	ssh
3	238	0	0	0.0	0.09375	0.0	7.4375	2	140	0	0	0.0	0.0625	0.0	4.375	ssh
32	2444	0	0	0.0	1.0	0.0	76.375	0	0	0	0	0.0	0.0	0.0	0.0	ssh
3	238	0	0	0.0	0.09090909090909091	0.0	7.212121212121212	2	140	0	0	0.0	0.06060606060606061	0.0	4.242424242424242	ssh
3	238	0	0	0.0	0.09090909090909091	0.0	7.212121212121212	2	140	0	0	0.0	0.06060606060606061	0.0	4.242424242424242	ssh
3	238	0	0	0.0	0.09090909090909091	0.0	7.212121212121212	2	140	0	0	0.0	0.0625	0.0	4.375	ssh
32	2444	0	0	0.0	1.0	0.0	76.375	0	0	0	0	0.0	0.0	0.0	0.0	ssh
3	238	0	0	0.0	0.09090909090909091	0.0	7.212121212121212	2	140	0	0	0.0	0.06060606060606061	0.0	4.242424242424242	ssh
3	238	0	0	0.0	0.09090909090909091	0.0	7.212121212121212	2	140	0	0	0.0	0.06060606060606061	0.0	4.242424242424242	ssh
3	238	0	0	0.0	0.09090909090909091	0.0	7.212121212121212	2	140	0	0	0.0	0.06060606060606061	0.0	4.242424242424242	ssh
32	2444	0	0	0.0	1.0	0.0	76.375	0	0	0	0	0.0	0.0	0.0	0.0	ssh
3	238	0	0	0.0	0.09090909090909091	0.0	7.212121212121212	2	140	0	0	0.0	0.06060606060606061	0.0	4.242424242424242	ssh
3	238	0	0	0.0	0.09090909090909091	0.0	7.212121212121212	2	140	0	0	0.0	0.06060606060606061	0.0	4.242424242424242	ssh
3	238	0	0	0.0	0.09090909090909091	0.0	7.212121212121212	2	140	0	0	0.0	0.06060606060606061	0.0	4.242424242424242	ssh
33	2514	1	70	1.0	1.0	70.0	76.18181818181819	0	0	0	0	0.0	0.0	0.0	0.0	ssh
3	238	0	0	0.0	0.08823529411764706	0.0	7.0	2	140	0	0	0.0	0.06060606060606061	0.0	4.242424242424242	ssh
3	238	0	0	0.0	0.09090909090909091	0.0	7.212121212121212	2	140	0	0	0.0	0.06060606060606061	0.0	4.242424242424242	ssh
3	238	0	0	0.0	0.09090909090909091	0.0	7.212121212121212	2	140	0	0	0.0	0.06060606060606061	0.0	4.242424242424242	ssh
33	2514	1	70	1.0	1.0	70.0	76.18181818181819	0	0	0	0	0.0	0.0	0.0	0.0	ssh
3	238	0	0	0.0	0.08823529411764706	0.0	7.0	2	140	0	0	0.0	0.058823529411764705	0.0	4.117647058823529	ssh
3	238	0	0	0.0	0.09090909090909091	0.0	7.212121212121212	2	140	0	0	0.0	0.06060606060606061	0.0	4.242424242424242	ssh
3	238	0	0	0.0	0.09090909090909091	0.0	7.212121212121212	2	140	0	0	0.0	0.06060606060606061	0.0	4.242424242424242	ssh
33	2514	1	70	1.0	1.0	70.0	76.18181818181819	0	0	0	0	0.0	0.0	0.0	0.0	ssh
3	238	0	0	0.0	0.08823529411764706	0.0	7.0	2	140	0	0	0.0	0.058823529411764705	0.0	4.117647058823529	ssh
3	238	0	0	0.0	0.08823529411764706	0.0	7.0	2	140	0	0	0.0	0.06060606060606061	0.0	4.242424242424242	ssh
3	238	0	0	0.0	0.09090909090909091	0.0	7.212121212121212	2	140	0	0	0.0	0.06060606060606061	0.0	4.242424242424242	ssh
33	2514	1	70	1.0	1.0	70.0	76.18181818181819	0	0	0	0	0.0	0.0	0.0	0.0	ssh
3	238	0	0	0.0	0.08823529411764706	0.0	7.0	2	140	0	0	0.0	0.058823529411764705	0.0	4.117647058823529	ssh
3	238	0	0	0.0	0.08823529411764706	0.0	7.0	2	140	0	0	0.0	0.058823529411764705	0.0	4.117647058823529	ssh
3	238	0	0	0.0	0.09090909090909091	0.0	7.212121212121212	2	140	0	0	0.0	0.06060606060606061	0.0	4.242424242424242	ssh
33	2514	1	70	1.0	1.0	70.0	76.18181818181819	0	0	0	0	0.0	0.0	0.0	0.0	ssh
3	238	0	0	0.0	0.08823529411764706	0.0	7.0	2	140	0	0	0.0	0.058823529411764705	0.0	4.117647058823529	ssh
3	238	0	0	0.0	0.08823529411764706	0.0	7.0	2	140	0	0	0.0	0.058823529411764705	0.0	4.117647058823529	ssh
3	238	0	0	0.0	0.08823529411764706	0.0	7.0	2	140	0	0	0.0	0.06060606060606061	0.0	4.242424242424242	ssh
33	2514	1	70	1.0	1.0	70.0	76.18181818181819	0	0	0	0	0.0	0.0	0.0	0.0	ssh
3	238	0	0	0.0	0.08823529411764706	0.0	7.0	2	140	0	0	0.0	0.058823529411764705	0.0	4.117647058823529	ssh
3	238	0	0	0.0	0.08823529411764706	0.0	7.0	2	140	0	0	0.0	0.058823529411764705	0.0	4.117647058823529	ssh
3	238	0	0	0.0	0.08823529411764706	0.0	7.0	2	140	0	0	0.0	0.058823529411764705	0.0	4.117647058823529	ssh
33	2514	1	70	1.0	1.0	70.0	76.18181818181819	0	0	0	0	0.0	0.0	0.0	0.0	ssh
3	238	0	0	0.0	0.08823529411764706	0.0	7.0	2	140	0	0	0.0	0.058823529411764705	0.0	4.117647058823529	ssh
3	238	0	0	0.0	0.08823529411764706	0.0	7.0	2	140	0	0	0.0	0.058823529411764705	0.0	4.117647058823529	ssh
3	238	0	0	0.0	0.08823529411764706	0.0	7.0	2	140	0	0	0.0	0.058823529411764705	0.0	4.117647058823529	ssh
33	2514	0	0	0.0	0.9705882352941176	0.0	73.94117647058823	0	0	0	0	0.0	0.0	0.0	0.0	ssh
3	238	0	0	0.0	0.08571428571428572	0.0	6.8	2	140	0	0	0.0	0.058823529411764705	0.0	4.117647058823529	ssh
3	238	0	0	0.0	0.08823529411764706	0.0	7.0	2	140	0	0	0.0	0.058823529411764705	0.0	4.117647058823529	ssh
3	238	0	0	0.0	0.08823529411764706	0.0	7.0	2	140	0	0	0.0	0.058823529411764705	0.0	4.117647058823529	ssh
33	2514	0	0	0.0	0.9705882352941176	0.0	73.94117647058823	0	0	0	0	0.0	0.0	0.0	0.0	ssh
3	238	0	0	0.0	0.08571428571428572	0.0	6.8	2	140	0	0	0.0	0.05714285714285714	0.0	4.0	ssh
3	238	0	0	0.0	0.08823529411764706	0.0	7.0	2	140	0	0	0.0	0.058823529411764705	0.0	4.117647058823529	ssh
3	238	0	0	0.0	0.08823529411764706	0.0	7.0	2	140	0	0	0.0	0.058823529411764705	0.0	4.117647058823529	ssh
33	2514	0	0	0.0	0.9705882352941176	0.0	73.94117647058823	0	0	0	0	0.0	0.0	0.0	0.0	ssh
3	238	0	0	0.0	0.08571428571428572	0.0	6.8	2	140	0	0	0.0	0.05714285714285714	0.0	4.0	ssh
3	238	0	0	0.0	0.08571428571428572	0.0	6.8	2	140	0	0	0.0	0.058823529411764705	0.0	4.117647058823529	ssh
3	238	0	0	0.0	0.08823529411764706	0.0	7.0	2	140	0	0	0.0	0.058823529411764705	0.0	4.117647058823529	ssh
33	2514	0	0	0.0	0.9705882352941176	0.0	73.94117647058823	0	0	0	0	0.0	0.0	0.0	0.0	ssh
3	238	0	0	0.0	0.08571428571428572	0.0	6.8	2	140	0	0	0.0	0.05714285714285714	0.0	4.0	ssh
3	238	0	0	0.0	0.08571428571428572	0.0	6.8	2	140	0	0	0.0	0.05714285714285714	0.0	4.0	ssh
3	238	0	0	0.0	0.08823529411764706	0.0	7.0	2	140	0	0	0.0	0.058823529411764705	0.0	4.117647058823529	ssh
33	2514	0	0	0.0	0.9705882352941176	0.0	73.94117647058823	0	0	0	0	0.0	0.0	0.0	0.0	ssh
3	238	0	0	0.0	0.08571428571428572	0.0	6.8	2	140	0	0	0.0	0.05714285714285714	0.0	4.0	ssh
3	238	0	0	0.0	0.08571428571428572	0.0	6.8	2	140	0	0	0.0	0.05714285714285714	0.0	4.0	ssh
3	238	0	0	0.0	0.08571428571428572	0.0	6.8	2	140	0	0	0.0	0.058823529411764705	0.0	4.117647058823529	ssh
33	2514	0	0	0.0	0.9705882352941176	0.0	73.94117647058823	0	0	0	0	0.0	0.0	0.0	0.0	ssh
3	238	0	0	0.0	0.08571428571428572	0.0	6.8	2	140	0	0	0.0	0.05714285714285714	0.0	4.0	ssh
3	238	0	0	0.0	0.08571428571428572	0.0	6.8	2	140	0	0	0.0	0.05714285714285714	0.0	4.0	ssh
3	238	0	0	0.0	0.08571428571428572	0.0	6.8	2	140	0	0	0.0	0.05714285714285714	0.0	4.0	ssh
33	2514	0	0	0.0	0.9705882352941176	0.0	73.94117647058823	0	0	0	0	0.0	0.0	0.0	0.0	ssh
3	238	0	0	0.0	0.08571428571428572	0.0	6.8	2	140	0	0	0.0	0.05714285714285714	0.0	4.0	ssh
3	238	0	0	0.0	0.08571428571428572	0.0	6.8	2	140	0	0	0.0	0.05714285714285714	0.0	4.0	ssh
3	238	0	0	0.0	0.08571428571428572	0.0	6.8	2	140	0	0	0.0	0.05714285714285714	0.0	4.0	ssh
33	2514	0	0	0.0	0.9428571428571428	0.0	71.82857142857142	0	0	0	0	0.0	0.0	0.0	0.0	ssh
3	238	0	0	0.0	0.08333333333333333	0.0	6.611111111111111	2	140	0	0	0.0	0.05714285714285714	0.0	4.0	ssh
3	238	0	0	0.0	0.08571428571428572	0.0	6.8	2	140	0	0	0.0	0.05714285714285714	0.0	4.0	ssh
3	238	0	0	0.0	0.08571428571428572	0.0	6.8	2	140	0	0	0.0	0.05714285714285714	0.0	4.0	ssh
33	2514	0	0	0.0	0.9428571428571428	0.0	71.82857142857142	0	0	0	0	0.0	0.0	0.0	0.0	ssh
3	238	0	0	0.0	0.08333333333333333	0.0	6.611111111111111	2	140	0	0	0.0	0.05555555555555555	0.0	3.888888888888889	ssh
3	238	0	0	0.0	0.08571428571428572	0.0	6.8	2	140	0	0	0.0	0.05714285714285714	0.0	4.0	ssh
3	238	0	0	0.0	0.08571428571428572	0.0	6.8	2	140	0	0	0.0	0.05714285714285714	0.0	4.0	ssh
33	2514	0	0	0.0	0.9428571428571428	0.0	71.82857142857142	0	0	0	0	0.0	0.0	0.0	0.0	ssh
3	238	0	0	0.0	0.08333333333333333	0.0	6.611111111111111	2	140	0	0	0.0	0.05555555555555555	0.0	3.888888888888889	ssh
3	238	0	0	0.0	0.08333333333333333	0.0	6.611111111111111	2	140	0	0	0.0	0.05714285714285714	0.0	4.0	ssh
3	238	0	0	0.0	0.08571428571428572	0.0	6.8	2	140	0	0	0.0	0.05714285714285714	0.0	4.0	ssh
33	2514	0	0	0.0	0.9428571428571428	0.0	71.82857142857142	0	0	0	0	0.0	0.0	0.0	0.0	ssh
3	238	0	0	0.0	0.08333333333333333	0.0	6.611111111111111	2	140	0	0	0.0	0.05555555555555555	0.0	3.888888888888889	ssh
3	238	0	0	0.0	0.08333333333333333	0.0	6.611111111111111	2	140	0	0	0.0	0.05555555555555555	0.0	3.888888888888889	ssh
3	238	0	0	0.0	0.08571428571428572	0.0	6.8	2	140	0	0	0.0	0.05714285714285714	0.0	4.0	ssh
33	2514	0	0	0.0	0.9428571428571428	0.0	71.82857142857142	0	0	0	0	0.0	0.0	0.0	0.0	ssh
3	238	0	0	0.0	0.08333333333333333	0.0	6.611111111111111	2	140	0	0	0.0	0.05555555555555555	0.0	3.888888888888889	ssh
3	238	0	0	0.0	0.08333333333333333	0.0	6.611111111111111	2	140	0	0	0.0	0.05555555555555555	0.0	3.888888888888889	ssh
3	238	0	0	0.0	0.08333333333333333	0.0	6.611111111111111	2	140	0	0	0.0	0.05714285714285714	0.0	4.0	ssh
33	2514	0	0	0.0	0.9428571428571428	0.0	71.82857142857142	0	0	0	0	0.0	0.0	0.0	0.0	ssh
3	238	0	0	0.0	0.08333333333333333	0.0	6.611111111111111	2	140	0	0	0.0	0.05555555555555555	0.0	3.888888888888889	ssh
3	238	0	0	0.0	0.08333333333333333	0.0	6.611111111111111	2	140	0	0	0.0	0.05555555555555555	0.0	3.888888888888889	ssh
3	238	0	0	0.0	0.08333333333333333	0.0	6.611111111111111	2	140	0	0	0.0	0.05555555555555555	0.0	3.888888888888889	ssh
33	2514	0	0	0.0	0.9428571428571428	0.0	71.82857142857142	0	0	0	0	0.0	0.0	0.0	0.0	ssh
3	238	0	0	0.0	0.08333333333333333	0.0	6.611111111111111	2	140	0	0	0.0	0.05555555555555555	0.0	3.888888888888889	ssh
3	238	0	0	0.0	0.08333333333333333	0.0	6.611111111111111	2	140	0	0	0.0	0.05555555555555555	0.0	3.888888888888889	ssh
3	238	0	0	0.0	0.08333333333333333	0.0	6.611111111111111	2	140	0	0	0.0	0.05555555555555555	0.0	3.888888888888889	ssh
33	2514	0	0	0.0	0.9166666666666666	0.0	69.83333333333333	0	0	0	0	0.0	0.0	0.0	0.0	ssh
3	238	0	0	0.0	0.08108108108108109	0.0	6.4324324324324325	2	140	0	0	0.0	0.05555555555555555	0.0	3.888888888888889	ssh
3	238	0	0	0.0	0.08333333333333333	0.0	6.611111111111111	2	140	0	0	0.0	0.05555555555555555	0.0	3.888888888888889	ssh
3	238	0	0	0.0	0.08333333333333333	0.0	6.611111111111111	2	140	0	0	0.0	0.05555555555555555	0.0	3.888888888888889	ssh
33	2514	0	0	0.0	0.9166666666666666	0.0	69.83333333333333	0	0	0	0	0.0	0.0	0.0	0.0	ssh
3	238	0	0	0.0	0.08108108108108109	0.0	6.4324324324324325	2	140	0	0	0.0	0.05405405405405406	0.0	3.7837837837837838	ssh
3	238	0	0	0.0	0.08333333333333333	0.0	6.611111111111111	2	140	0	0	0.0	0.05555555555555555	0.0	3.888888888888889	ssh
3	238	0	0	0.0	0.08333333333333333	0.0	6.611111111111111	2	140	0	0	0.0	0.05555555555555555	0.0	3.888888888888889	ssh
33	2514	0	0	0.0	0.9166666666666666	0.0	69.83333333333333	0	0	0	0	0.0	0.0	0.0	0.0	ssh
3	238	0	0	0.0	0.08108108108108109	0.0	6.4324324324324325	2	140	0	0	0.0	0.05405405405405406	0.0	3.7837837837837838	ssh
3	238	0	0	0.0	0.08108108108108109	0.0	6.4324324324324325	2	140	0	0	0.0	0.05555555555555555	0.0	3.888888888888889	ssh
3	238	0	0	0.0	0.08333333333333333	0.0	6.611111111111111	2	140	0	0	0.0	0.05555555555555555	0.0	3.888888888888889	ssh
33	2514	0	0	0.0	0.9166666666666666	0.0	69.83333333333333	0	0	0	0	0.0	0.0	0.0	0.0	ssh
3	238	0	0	0.0	0.08108108108108109	0.0	6.4324324324324325	2	140	0	0	0.0	0.05405405405405406	0.0	3.7837837837837838	ssh
3	238	0	0	0.0	0.08108108108108109	0.0	6.4324324324324325	2	140	0	0	0.0	0.05405405405405406	0.0	3.7837837837837838	ssh
3	238	0	0	0.0	0.08333333333333333	0.0	6.611111111111111	2	140	0	0	0.0	0.05555555555555555	0.0	3.888888888888889	ssh
33	2514	0	0	0.0	0.9166666666666666	0.0	69.83333333333333	0	0	0	0	0.0	0.0	0.0	0.0	ssh
3	238	0	0	0.0	0.08108108108108109	0.0	6.4324324324324325	2	140	0	0	0.0	0.05405405405405406	0.0	3.7837837837837838	ssh
3	238	0	0	0.0	0.08108108108108109	0.0	6.4324324324324325	2	140	0	0	0.0	0.05405405405405406	0.0	3.7837837837837838	ssh
3	238	0	0	0.0	0.08108108108108109	0.0	6.4324324324324325	2	140	0	0	0.0	0.05555555555555555	0.0	3.888888888888889	ssh
33	2514	0	0	0.0	0.9166666666666666	0.0	69.83333333333333	0	0	0	0	0.0	0.0	0.0	0.0	ssh
3	238	0	0	0.0	0.08108108108108109	0.0	6.4324324324324325	2	140	0	0	0.0	0.05405405405405406	0.0	3.7837837837837838	ssh
3	238	0	0	0.0	0.08108108108108109	0.0	6.4324324324324325	2	140	0	0	0.0	0.05405405405405406	0.0	3.7837837837837838	ssh
3	238	0	0	0.0	0.08108108108108109	0.0	6.4324324324324325	2	140	0	0	0.0	0.05405405405405406	0.0	3.7837837837837838	ssh
33	2514	0	0	0.0	0.9166666666666666	0.0	69.83333333333333	0	0	0	0	0.0	0.0	0.0	0.0	ssh
3	238	0	0	0.0	0.08108108108108109	0.0	6.4324324324324325	2	140	0	0	0.0	0.05405405405405406	0.0	3.7837837837837838	ssh
3	238	0	0	0.0	0.08108108108108109	0.0	6.4324324324324325	2	140	0	0	0.0	0.05405405405405406	0.0	3.7837837837837838	ssh
3	238	0	0	0.0	0.08108108108108109	0.0	6.4324324324324325	2	140	0	0	0.0	0.05405405405405406	0.0	3.7837837837837838	ssh
33	2514	0	0	0.0	0.8918918918918919	0.0	67.94594594594595	0	0	0	0	0.0	0.0	0.0	0.0	ssh
3	238	0	0	0.0	0.07894736842105263	0.0	6.2631578947368425	2	140	0	0	0.0	0.05405405405405406	0.0	3.7837837837837838	ssh
3	238	0	0	0.0	0.08108108108108109	0.0	6.4324324324324325	2	140	0	0	0.0	0.05405405405405406	0.0	3.7837837837837838	ssh
3	238	0	0	0.0	0.08108108108108109	0.0	6.4324324324324325	2	140	0	0	0.0	0.05405405405405406	0.0	3.7837837837837838	ssh
33	2514	0	0	0.0	0.8918918918918919	0.0	67.94594594594595	0	0	0	0	0.0	0.0	0.0	0.0	ssh
3	238	0	0	0.0	0.07894736842105263	0.0	6.2631578947368425	2	140	0	0	0.0	0.05263157894736842	0.0	3.6842105263157894	ssh
3	238	0	0	0.0	0.08108108108108109	0.0	6.4324324324324325	2	140	0	0	0.0	0.05405405405405406	0.0	3.7837837837837838	ssh
3	238	0	0	0.0	0.08108108108108109	0.0	6.4324324324324325	2	140	0	0	0.0	0.05405405405405406	0.0	3.7837837837837838	ssh
33	2514	0	0	0.0	0.8918918918918919	0.0	67.94594594594595	0	0	0	0	0.0	0.0	0.0	0.0	ssh
3	238	0	0	0.0	0.07894736842105263	0.0	6.2631578947368425	2	140	0	0	0.0	0.05263157894736842	0.0	3.6842105263157894	ssh
3	238	0	0	0.0	0.07894736842105263	0.0	6.2631578947368425	2	140	0	0	0.0	0.05405405405405406	0.0	3.7837837837837838	ssh
3	238	0	0	0.0	0.08108108108108109	0.0	6.4324324324324325	2	140	0	0	0.0	0.05405405405405406	0.0	3.7837837837837838	ssh
33	2514	0	0	0.0	0.8918918918918919	0.0	67.94594594594595	0	0	0	0	0.0	0.0	0.0	0.0	ssh
3	238	0	0	0.0	0.07894736842105263	0.0	6.2631578947368425	2	140	0	0	0.0	0.05263157894736842	0.0	3.6842105263157894	ssh
3	238	0	0	0.0	0.07894736842105263	0.0	6.2631578947368425	2	140	0	0	0.0	0.05263157894736842	0.0	3.6842105263157894	ssh
3	238	0	0	0.0	0.08108108108108109	0.0	6.4324324324324325	2	140	0	0	0.0	0.05405405405405406	0.0	3.7837837837837838	ssh
33	2514	0	0	0.0	0.8918918918918919	0.0	67.94594594594595	0	0	0	0	0.0	0.0	0.0	0.0	ssh
3	238	0	0	0.0	0.07894736842105263	0.0	6.2631578947368425	2	140	0	0	0.0	0.05263157894736842	0.0	3.6842105263157894	ssh
3	238	0	0	0.0	0.07894736842105263	0.0	6.2631578947368425	2	140	0	0	0.0	0.05263157894736842	0.0	3.6842105263157894	ssh
3	238	0	0	0.0	0.07894736842105263	0.0	6.2631578947368425	2	140	0	0	0.0	0.05405405405405406	0.0	3.7837837837837838	ssh
33	2514	0	0	0.0	0.8918918918918919	0.0	67.94594594594595	0	0	0	0	0.0	0.0	0.0	0.0	ssh
3	238	0	0	0.0	0.07894736842105263	0.0	6.2631578947368425	2	140	0	0	0.0	0.05263157894736842	0.0	3.6842105263157894	ssh
3	238	0	0	0.0	0.07894736842105263	0.0	6.2631578947368425	2	140	0	0	0.0	0.05263157894736842	0.0	3.6842105263157894	ssh
3	238	0	0	0.0	0.07894736842105263	0.0	6.2631578947368425	2	140	0	0	0.0	0.05263157894736842	0.0	3.6842105263157894	ssh
33	2514	0	0	0.0	0.8918918918918919	0.0	67.94594594594595	0	0	0	0	0.0	0.0	0.0	0.0	ssh
3	238	0	0	0.0	0.07894736842105263	0.0	6.2631578947368425	2	140	0	0	0.0	0.05263157894736842	0.0	3.6842105263157894	ssh
3	238	0	0	0.0	0.07894736842105263	0.0	6.2631578947368425	2	140	0	0	0.0	0.05263157894736842	0.0	3.6842105263157894	ssh
3	238	0	0	0.0	0.07894736842105263	0.0	6.2631578947368425	2	140	0	0	0.0	0.05263157894736842	0.0	3.6842105263157894	ssh
33	2514	0	0	0.0	0.868421052631579	0.0	66.15789473684211	0	0	0	0	0.0	0.0	0.0	0.0	ssh
3	238	0	0	0.0	0.07692307692307693	0.0	6.102564102564102	2	140	0	0	0.0	0.05263157894736842	0.0	3.6842105263157894	ssh
3	238	0	0	0.0	0.07894736842105263	0.0	6.2631578947368425	2	140	0	0	0.0	0.05263157894736842	0.0	3.6842105263157894	ssh
3	238	0	0	0.0	0.07894736842105263	0.0	6.2631578947368425	2	140	0	0	0.0	0.05263157894736842	0.0	3.6842105263157894	ssh
33	2514	0	0	0.0	0.868421052631579	0.0	66.15789473684211	0	0	0	0	0.0	0.0	0.0	0.0	ssh
3	238	0	0	0.0	0.07692307692307693	0.0	6.102564102564102	2	140	0	0	0.0	0.05128205128205128	0.0	3.58974358974359	ssh
3	238	0	0	0.0	0.07894736842105263	0.0	6.2631578947368425	2	140	0	0	0.0	0.05263157894736842	0.0	3.6842105263157894	ssh
3	238	0	0	0.0	0.07894736842105263	0.0	6.2631578947368425	2	140	0	0	0.0	0.05263157894736842	0.0	3.6842105263157894	ssh
33	2514	0	0	0.0	0.868421052631579	0.0	66.15789473684211	0	0	0	0	0.0	0.0	0.0	0.0	ssh
3	238	0	0	0.0	0.07692307692307693	0.0	6.102564102564102	2	140	0	0	0.0	0.05128205128205128	0.0	3.58974358974359	ssh
3	238	0	0	0.0	0.07692307692307693	0.0	6.102564102564102	2	140	0	0	0.0	0.05263157894736842	0.0	3.6842105263157894	ssh
3	238	0	0	0.0	0.07894736842105263	0.0	6.2631578947368425	2	140	0	0	0.0	0.05263157894736842	0.0	3.6842105263157894	ssh
33	2514	0	0	0.0	0.868421052631579	0.0	66.15789473684211	0	0	0	0	0.0	0.0	0.0	0.0	ssh
3	238	0	0	0.0	0.07692307692307693	0.0	6.102564102564102	2	140	0	0	0.0	0.05128205128205128	0.0	3.58974358974359	ssh
3	238	0	0	0.0	0.07692307692307693	0.0	6.102564102564102	2	140	0	0	0.0	0.05128205128205128	0.0	3.58974358974359	ssh
3	238	0	0	0.0	0.07894736842105263	0.0	6.2631578947368425	2	140	0	0	0.0	0.05263157894736842	0.0	3.6842105263157894	ssh
33	2514	0	0	0.0	0.868421052631579	0.0	66.15789473684211	0	0	0	0	0.0	0.0	0.0	0.0	ssh
3	238	0	0	0.0	0.07692307692307693	0.0	6.102564102564102	2	140	0	0	0.0	0.05128205128205128	0.0	3.58974358974359	ssh
3	238	0	0	0.0	0.07692307692307693	0.0	6.102564102564102	2	140	0	0	0.0	0.05128205128205128	0.0	3.58974358974359	ssh
3	238	0	0	0.0	0.07692307692307693	0.0	6.102564102564102	2	140	0	0	0.0	0.05263157894736842	0.0	3.6842105263157894	ssh
33	2514	0	0	0.0	0.868421052631579	0.0	66.15789473684211	0	0	0	0	0.0	0.0	0.0	0.0	ssh
3	238	0	0	0.0	0.07692307692307693	0.0	6.102564102564102	2	140	0	0	0.0	0.05128205128205128	0.0	3.58974358974359	ssh
3	238	0	0	0.0	0.07692307692307693	0.0	6.102564102564102	2	140	0	0	0.0	0.05128205128205128	0.0	3.58974358974359	ssh
3	238	0	0	0.0	0.07692307692307693	0.0	6.102564102564102	2	140	0	0	0.0	0.05128205128205128	0.0	3.58974358974359	ssh
33	2514	0	0	0.0	0.868421052631579	0.0	66.15789473684211	0	0	0	0	0.0	0.0	0.0	0.0	ssh
3	238	0	0	0.0	0.07692307692307693	0.0	6.102564102564102	2	140	0	0	0.0	0.05128205128205128	0.0	3.58974358974359	ssh
3	238	0	0	0.0	0.07692307692307693	0.0	6.102564102564102	2	140	0	0	0.0	0.05128205128205128	0.0	3.58974358974359	ssh
3	238	0	0	0.0	0.07692307692307693	0.0	6.102564102564102	2	140	0	0	0.0	0.05128205128205128	0.0	3.58974358974359	ssh
33	2514	0	0	0.0	0.8461538461538461	0.0	64.46153846153847	0	0	0	0	0.0	0.0	0.0	0.0	ssh
3	238	0	0	0.0	0.075	0.0	5.95	2	140	0	0	0.0	0.05128205128205128	0.0	3.58974358974359	ssh
3	238	0	0	0.0	0.07692307692307693	0.0	6.102564102564102	2	140	0	0	0.0	0.05128205128205128	0.0	3.58974358974359	ssh
3	238	0	0	0.0	0.07692307692307693	0.0	6.102564102564102	2	140	0	0	0.0	0.05128205128205128	0.0	3.58974358974359	ssh
33	2514	0	0	0.0	0.8461538461538461	0.0	64.46153846153847	0	0	0	0	0.0	0.0	0.0	0.0	ssh
3	238	0	0	0.0	0.075	0.0	5.95	2	140	0	0	0.0	0.05	0.0	3.5	ssh
3	238	0	0	0.0	0.07692307692307693	0.0	6.102564102564102	2	140	0	0	0.0	0.05128205128205128	0.0	3.58974358974359	ssh
3	238	0	0	0.0	0.07692307692307693	0.0	6.102564102564102	2	140	0	0	0.0	0.05128205128205128	0.0	3.58974358974359	ssh
33	2514	0	0	0.0	0.8461538461538461	0.0	64.46153846153847	0	0	0	0	0.0	0.0	0.0	0.0	ssh
3	238	0	0	0.0	0.075	0.0	5.95	2	140	0	0	0.0	0.05	0.0	3.5	ssh
3	238	0	0	0.0	0.075	0.0	5.95	2	140	0	0	0.0	0.05128205128205128	0.0	3.58974358974359	ssh
3	238	0	0	0.0	0.07692307692307693	0.0	6.102564102564102	2	140	0	0	0.0	0.05128205128205128	0.0	3.58974358974359	ssh
33	2514	0	0	0.0	0.8461538461538461	0.0	64.46153846153847	0	0	0	0	0.0	0.0	0.0	0.0	ssh
3	238	0	0	0.0	0.075	0.0	5.95	2	140	0	0	0.0	0.05	0.0	3.5	ssh
3	238	0	0	0.0	0.075	0.0	5.95	2	140	0	0	0.0	0.05	0.0	3.5	ssh
3	238	0	0	0.0	0.07692307692307693	0.0	6.102564102564102	2	140	0	0	0.0	0.05128205128205128	0.0	3.58974358974359	ssh
33	2514	0	0	0.0	0.8461538461538461	0.0	64.46153846153847	0	0	0	0	0.0	0.0	0.0	0.0	ssh
3	238	0	0	0.0	0.075	0.0	5.95	2	140	0	0	0.0	0.05	0.0	3.5	ssh
3	238	0	0	0.0	0.075	0.0	5.95	2	140	0	0	0.0	0.05	0.0	3.5	ssh
3	238	0	0	0.0	0.075	0.0	5.95	2	140	0	0	0.0	0.05128205128205128	0.0	3.58974358974359	ssh
33	2514	0	0	0.0	0.8461538461538461	0.0	64.46153846153847	0	0	0	0	0.0	0.0	0.0	0.0	ssh
3	238	0	0	0.0	0.075	0.0	5.95	2	140	0	0	0.0	0.05	0.0	3.5	ssh
3	238	0	0	0.0	0.075	0.0	5.95	2	140	0	0	0.0	0.05	0.0	3.5	ssh
3	238	0	0	0.0	0.075	0.0	5.95	2	140	0	0	0.0	0.05	0.0	3.5	ssh
33	2514	0	0	0.0	0.8461538461538461	0.0	64.46153846153847	0	0	0	0	0.0	0.0	0.0	0.0	ssh
3	238	0	0	0.0	0.075	0.0	5.95	2	140	0	0	0.0	0.05	0.0	3.5	ssh
3	238	0	0	0.0	0.075	0.0	5.95	2	140	0	0	0.0	0.05	0.0	3.5	ssh
3	238	0	0	0.0	0.075	0.0	5.95	2	140	0	0	0.0	0.05	0.0	3.5	ssh
33	2514	0	0	0.0	0.825	0.0	62.85	0	0	0	0	0.0	0.0	0.0	0.0	ssh
3	238	0	0	0.0	0.07317073170731707	0.0	5.804878048780488	2	140	0	0	0.0	0.05	0.0	3.5	ssh
3	238	0	0	0.0	0.075	0.0	5.95	2	140	0	0	0.0	0.05	0.0	3.5	ssh
3	238	0	0	0.0	0.075	0.0	5.95	2	140	0	0	0.0	0.05	0.0	3.5	ssh
33	2514	0	0	0.0	0.825	0.0	62.85	0	0	0	0	0.0	0.0	0.0	0.0	ssh
3	238	0	0	0.0	0.07317073170731707	0.0	5.804878048780488	2	140	0	0	0.0	0.04878048780487805	0.0	3.4146341463414633	ssh
3	238	0	0	0.0	0.075	0.0	5.95	2	140	0	0	0.0	0.05	0.0	3.5	ssh
3	238	0	0	0.0	0.075	0.0	5.95	2	140	0	0	0.0	0.05	0.0	3.5	ssh
33	2514	0	0	0.0	0.825	0.0	62.85	0	0	0	0	0.0	0.0	0.0	0.0	ssh
3	238	0	0	0.0	0.07317073170731707	0.0	5.804878048780488	2	140	0	0	0.0	0.04878048780487805	0.0	3.4146341463414633	ssh
3	238	0	0	0.0	0.07317073170731707	0.0	5.804878048780488	2	140	0	0	0.0	0.05	0.0	3.5	ssh
3	238	0	0	0.0	0.075	0.0	5.95	2	140	0	0	0.0	0.05	0.0	3.5	ssh
33	2514	0	0	0.0	0.825	0.0	62.85	0	0	0	0	0.0	0.0	0.0	0.0	ssh
3	238	0	0	0.0	0.07317073170731707	0.0	5.804878048780488	2	140	0	0	0.0	0.04878048780487805	0.0	3.4146341463414633	ssh
3	238	0	0	0.0	0.07317073170731707	0.0	5.804878048780488	2	140	0	0	0.0	0.04878048780487805	0.0	3.4146341463414633	ssh
3	238	0	0	0.0	0.075	0.0	5.95	2	140	0	0	0.0	0.05	0.0	3.5	ssh
33	2514	0	0	0.0	0.825	0.0	62.85	0	0	0	0	0.0	0.0	0.0	0.0	ssh
3	238	0	0	0.0	0.07317073170731707	0.0	5.804878048780488	2	140	0	0	0.0	0.04878048780487805	0.0	3.4146341463414633	ssh
3	238	0	0	0.0	0.07317073170731707	0.0	5.804878048780488	2	140	0	0	0.0	0.04878048780487805	0.0	3.4146341463414633	ssh
3	238	0	0	0.0	0.07317073170731707	0.0	5.804878048780488	2	140	0	0	0.0	0.05	0.0	3.5	ssh
33	2514	0	0	0.0	0.825	0.0	62.85	0	0	0	0	0.0	0.0	0.0	0.0	ssh
3	238	0	0	0.0	0.07317073170731707	0.0	5.804878048780488	2	140	0	0	0.0	0.04878048780487805	0.0	3.4146341463414633	ssh
3	238	0	0	0.0	0.07317073170731707	0.0	5.804878048780488	2	140	0	0	0.0	0.04878048780487805	0.0	3.4146341463414633	ssh
3	238	0	0	0.0	0.07317073170731707	0.0	5.804878048780488	2	140	0	0	0.0	0.04878048780487805	0.0	3.4146341463414633	ssh
33	2514	0	0	0.0	0.825	0.0	62.85	0	0	0	0	0.0	0.0	0.0	0.0	ssh
3	238	0	0	0.0	0.07317073170731707	0.0	5.804878048780488	2	140	0	0	0.0	0.04878048780487805	0.0	3.4146341463414633	ssh
3	238	0	0	0.0	0.07317073170731707	0.0	5.804878048780488	2	140	0	0	0.0	0.04878048780487805	0.0	3.4146341463414633	ssh
3	238	0	0	0.0	0.07317073170731707	0.0	5.804878048780488	2	140	0	0	0.0	0.04878048780487805	0.0	3.4146341463414633	ssh
33	2514	0	0	0.0	0.8048780487804879	0.0	61.31707317073171	0	0	0	0	0.0	0.0	0.0	0.0	ssh
3	238	0	0	0.0	0.07142857142857142	0.0	5.666666666666667	2	140	0	0	0.0	0.04878048780487805	0.0	3.4146341463414633	ssh
3	238	0	0	0.0	0.07317073170731707	0.0	5.804878048780488	2	140	0	0	0.0	0.04878048780487805	0.0	3.4146341463414633	ssh
3	238	0	0	0.0	0.07317073170731707	0.0	5.804878048780488	2	140	0	0	0.0	0.04878048780487805	0.0	3.4146341463414633	ssh
33	2514	0	0	0.0	0.8048780487804879	0.0	61.31707317073171	0	0	0	0	0.0	0.0	0.0	0.0	ssh
3	238	0	0	0.0	0.07142857142857142	0.0	5.666666666666667	2	140	0	0	0.0	0.047619047619047616	0.0	3.3333333333333335	ssh
3	238	0	0	0.0	0.07317073170731707	0.0	5.804878048780488	2	140	0	0	0.0	0.04878048780487805	0.0	3.4146341463414633	ssh
3	238	0	0	0.0	0.07317073170731707	0.0	5.804878048780488	2	140	0	0	0.0	0.04878048780487805	0.0	3.4146341463414633	ssh
33	2514	0	0	0.0	0.8048780487804879	0.0	61.31707317073171	0	0	0	0	0.0	0.0	0.0	0.0	ssh
3	238	0	0	0.0	0.07142857142857142	0.0	5.666666666666667	2	140	0	0	0.0	0.047619047619047616	0.0	3.3333333333333335	ssh
3	238	0	0	0.0	0.07142857142857142	0.0	5.666666666666667	2	140	0	0	0.0	0.04878048780487805	0.0	3.4146341463414633	ssh
3	238	0	0	0.0	0.07317073170731707	0.0	5.804878048780488	2	140	0	0	0.0	0.04878048780487805	0.0	3.4146341463414633	ssh
33	2514	0	0	0.0	0.8048780487804879	0.0	61.31707317073171	0	0	0	0	0.0	0.0	0.0	0.0	ssh
3	238	0	0	0.0	0.07142857142857142	0.0	5.666666666666667	2	140	0	0	0.0	0.047619047619047616	0.0	3.3333333333333335	ssh
3	238	0	0	0.0	0.07142857142857142	0.0	5.666666666666667	2	140	0	0	0.0	0.047619047619047616	0.0	3.3333333333333335	ssh
3	238	0	0	0.0	0.07317073170731707	0.0	5.804878048780488	2	140	0	0	0.0	0.04878048780487805	0.0	3.4146341463414633	ssh
33	2514	0	0	0.0	0.8048780487804879	0.0	61.31707317073171	0	0	0	0	0.0	0.0	0.0	0.0	ssh
3	238	0	0	0.0	0.07142857142857142	0.0	5.666666666666667	2	140	0	0	0.0	0.047619047619047616	0.0	3.3333333333333335	ssh
3	238	0	0	0.0	0.07142857142857142	0.0	5.666666666666667	2	140	0	0	0.0	0.047619047619047616	0.0	3.3333333333333335	ssh
3	238	0	0	0.0	0.07142857142857142	0.0	5.666666666666667	2	140	0	0	0.0	0.04878048780487805	0.0	3.4146341463414633	ssh
33	2514	0	0	0.0	0.8048780487804879	0.0	61.31707317073171	0	0	0	0	0.0	0.0	0.0	0.0	ssh
3	238	0	0	0.0	0.07142857142857142	0.0	5.666666666666667	2	140	0	0	0.0	0.047619047619047616	0.0	3.3333333333333335	ssh
3	238	0	0	0.0	0.07142857142857142	0.0	5.666666666666667	2	140	0	0	0.0	0.047619047619047616	0.0	3.3333333333333335	ssh
3	238	0	0	0.0	0.07142857142857142	0.0	5.666666666666667	2	140	0	0	0.0	0.047619047619047616	0.0	3.3333333333333335	ssh
33	2514	0	0	0.0	0.8048780487804879	0.0	61.31707317073171	0	0	0	0	0.0	0.0	0.0	0.0	ssh
3	238	0	0	0.0	0.07142857142857142	0.0	5.666666666666667	2	140	0	0	0.0	0.047619047619047616	0.0	3.3333333333333335	ssh
3	238	0	0	0.0	0.07142857142857142	0.0	5.666666666666667	2	140	0	0	0.0	0.047619047619047616	0.0	3.3333333333333335	ssh
3	238	0	0	0.0	0.07142857142857142	0.0	5.666666666666667	2	140	0	0	0.0	0.047619047619047616	0.0	3.3333333333333335	ssh
33	2514	0	0	0.0	0.7857142857142857	0.0	59.857142857142854	0	0	0	0	0.0	0.0	0.0	0.0	ssh
3	238	0	0	0.0	0.06976744186046512	0.0	5.534883720930233	2	140	0	0	0.0	0.047619047619047616	0.0	3.3333333333333335	ssh
3	238	0	0	0.0	0.07142857142857142	0.0	5.666666666666667	2	140	0	0	0.0	0.047619047619047616	0.0	3.3333333333333335	ssh
3	238	0	0	0.0	0.07142857142857142	0.0	5.666666666666667	2	140	0	0	0.0	0.047619047619047616	0.0	3.3333333333333335	ssh
33	2514	0	0	0.0	0.7857142857142857	0.0	59.857142857142854	0	0	0	0	0.0	0.0	0.0	0.0	ssh
3	238	0	0	0.0	0.06976744186046512	0.0	5.534883720930233	2	140	0	0	0.0	0.046511627906976744	0.0	3.255813953488372	ssh
3	238	0	0	0.0	0.07142857142857142	0.0	5.666666666666667	2	140	0	0	0.0	0.047619047619047616	0.0	3.3333333333333335	ssh
3	238	0	0	0.0	0.07142857142857142	0.0	5.666666666666667	2	140	0	0	0.0	0.047619047619047616	0.0	3.3333333333333335	ssh
33	2514	0	0	0.0	0.7857142857142857	0.0	59.857142857142854	0	0	0	0	0.0	0.0	0.0	0.0	ssh
3	238	0	0	0.0	0.06976744186046512	0.0	5.534883720930233	2	140	0	0	0.0	0.046511627906976744	0.0	3.255813953488372	ssh
3	238	0	0	0.0	0.06976744186046512	0.0	5.534883720930233	2	140	0	0	0.0	0.047619047619047616	0.0	3.3333333333333335	ssh
3	238	0	0	0.0	0.07142857142857142	0.0	5.666666666666667	2	140	0	0	0.0	0.047619047619047616	0.0	3.3333333333333335	ssh
33	2514	0	0	0.0	0.7857142857142857	0.0	59.857142857142854	0	0	0	0	0.0	0.0	0.0	0.0	ssh
3	238	0	0	0.0	0.06976744186046512	0.0	5.534883720930233	2	140	0	0	0.0	0.046511627906976744	0.0	3.255813953488372	ssh
3	238	0	0	0.0	0.06976744186046512	0.0	5.534883720930233	2	140	0	0	0.0	0.046511627906976744	0.0	3.255813953488372	ssh
3	238	0	0	0.0	0.07142857142857142	0.0	5.666666666666667	2	140	0	0	0.0	0.047619047619047616	0.0	3.3333333333333335	ssh
33	2514	0	0	0.0	0.7857142857142857	0.0	59.857142857142854	0	0	0	0	0.0	0.0	0.0	0.0	ssh
3	238	0	0	0.0	0.06976744186046512	0.0	5.534883720930233	2	140	0	0	0.0	0.046511627906976744	0.0	3.255813953488372	ssh
3	238	0	0	0.0	0.06976744186046512	0.0	5.534883720930233	2	140	0	0	0.0	0.046511627906976744	0.0	3.255813953488372	ssh
3	238	0	0	0.0	0.06976744186046512	0.0	5.534883720930233	2	140	0	0	0.0	0.047619047619047616	0.0	3.3333333333333335	ssh
33	2514	0	0	0.0	0.7857142857142857	0.0	59.857142857142854	0	0	0	0	0.0	0.0	0.0	0.0	ssh
3	238	0	0	0.0	0.06976744186046512	0.0	5.534883720930233	2	140	0	0	0.0	0.046511627906976744	0.0	3.255813953488372	ssh
3	238	0	0	0.0	0.06976744186046512	0.0	5.534883720930233	2	140	0	0	0.0	0.046511627906976744	0.0	3.255813953488372	ssh
3	238	0	0	0.0	0.06976744186046512	0.0	5.534883720930233	2	140	0	0	0.0	0.046511627906976744	0.0	3.255813953488372	ssh
33	2514	0	0	0.0	0.7857142857142857	0.0	59.857142857142854	0	0	0	0	0.0	0.0	0.0	0.0	ssh
3	238	0	0	0.0	0.06976744186046512	0.0	5.534883720930233	2	140	0	0	0.0	0.046511627906976744	0.0	3.255813953488372	ssh
3	238	0	0	0.0	0.06976744186046512	0.0	5.534883720930233	2	140	0	0	0.0	0.046511627906976744	0.0	3.255813953488372	ssh
3	238	0	0	0.0	0.06976744186046512	0.0	5.534883720930233	2	140	0	0	0.0	0.046511627906976744	0.0	3.255813953488372	ssh
33	2514	0	0	0.0	0.7674418604651163	0.0	58.46511627906977	0	0	0	0	0.0	0.0	0.0	0.0	ssh
3	238	0	0	0.0	0.06818181818181818	0.0	5.409090909090909	2	140	0	0	0.0	0.046511627906976744	0.0	3.255813953488372	ssh
3	238	0	0	0.0	0.06976744186046512	0.0	5.534883720930233	2	140	0	0	0.0	0.046511627906976744	0.0	3.255813953488372	ssh
3	238	0	0	0.0	0.06976744186046512	0.0	5.534883720930233	2	140	0	0	0.0	0.046511627906976744	0.0	3.255813953488372	ssh
33	2514	0	0	0.0	0.7674418604651163	0.0	58.46511627906977	0	0	0	0	0.0	0.0	0.0	0.0	ssh
3	238	0	0	0.0	0.06818181818181818	0.0	5.409090909090909	2	140	0	0	0.0	0.045454545454545456	0.0	3.1818181818181817	ssh
3	238	0	0	0.0	0.06976744186046512	0.0	5.534883720930233	2	140	0	0	0.0	0.046511627906976744	0.0	3.255813953488372	ssh
3	238	0	0	0.0	0.06976744186046512	0.0	5.534883720930233	2	140	0	0	0.0	0.046511627906976744	0.0	3.255813953488372	ssh
33	2514	0	0	0.0	0.7674418604651163	0.0	58.46511627906977	0	0	0	0	0.0	0.0	0.0	0.0	ssh
3	238	0	0	0.0	0.06818181818181818	0.0	5.409090909090909	2	140	0	0	0.0	0.045454545454545456	0.0	3.1818181818181817	ssh
3	238	0	0	0.0	0.06818181818181818	0.0	5.409090909090909	2	140	0	0	0.0	0.046511627906976744	0.0	3.255813953488372	ssh
3	238	0	0	0.0	0.06976744186046512	0.0	5.534883720930233	2	140	0	0	0.0	0.046511627906976744	0.0	3.255813953488372	ssh
33	2514	0	0	0.0	0.7674418604651163	0.0	58.46511627906977	0	0	0	0	0.0	0.0	0.0	0.0	ssh
3	238	0	0	0.0	0.06818181818181818	0.0	5.409090909090909	2	140	0	0	0.0	0.045454545454545456	0.0	3.1818181818181817	ssh
3	238	0	0	0.0	0.06818181818181818	0.0	5.409090909090909	2	140	0	0	0.0	0.045454545454545456	0.0	3.1818181818181817	ssh
3	238	0	0	0.0	0.06976744186046512	0.0	5.534883720930233	2	140	0	0	0.0	0.046511627906976744	0.0	3.255813953488372	ssh
33	2514	0	0	0.0	0.7674418604651163	0.0	58.46511627906977	0	0	0	0	0.0	0.0	0.0	0.0	ssh
3	238	0	0	0.0	0.06818181818181818	0.0	5.409090909090909	2	140	0	0	0.0	0.045454545454545456	0.0	3.1818181818181817	ssh
3	238	0	0	0.0	0.06818181818181818	0.0	5.409090909090909	2	140	0	0	0.0	0.045454545454545456	0.0	3.1818181818181817	ssh
3	238	0	0	0.0	0.06818181818181818	0.0	5.409090909090909	2	140	0	0	0.0	0.046511627906976744	0.0	3.255813953488372	ssh
33	2514	0	0	0.0	0.7674418604651163	0.0	58.46511627906977	0	0	0	0	0.0	0.0	0.0	0.0	ssh
3	238	0	0	0.0	0.06818181818181818	0.0	5.409090909090909	2	140	0	0	0.0	0.045454545454545456	0.0	3.1818181818181817	ssh
3	238	0	0	0.0	0.06818181818181818	0.0	5.409090909090909	2	140	0	0	0.0	0.045454545454545456	0.0	3.1818181818181817	ssh
3	238	0	0	0.0	0.06818181818181818	0.0	5.409090909090909	2	140	0	0	0.0	0.045454545454545456	0.0	3.1818181818181817	ssh
33	2514	0	0	0.0	0.7674418604651163	0.0	58.46511627906977	0	0	0	0	0.0	0.0	0.0	0.0	ssh
3	238	0	0	0.0	0.06818181818181818	0.0	5.409090909090909	2	140	0	0	0.0	0.045454545454545456	0.0	3.1818181818181817	ssh
3	238	0	0	0.0	0.06818181818181818	0.0	5.409090909090909	2	140	0	0	0.0	0.045454545454545456	0.0	3.1818181818181817	ssh
3	238	0	0	0.0	0.06818181818181818	0.0	5.409090909090909	2	140	0	0	0.0	0.045454545454545456	0.0	3.1818181818181817	ssh
33	2514	0	0	0.0	0.75	0.0	57.13636363636363	0	0	0	0	0.0	0.0	0.0	0.0	ssh
