Forward Packets	Forward Bytes	Delta Forward Packets	Delta Forward Bytes	Forward Instantaneous Packets per Second	Forward Average Packets per second	Forward Instantaneous Bytes per Second	Forward Average Bytes per second	Reverse Packets	Reverse Bytes	Delta Reverse Packets	Delta Reverse Bytes	DeltaReverse Instantaneous Packets per Second	Reverse Average Packets per second	Reverse Instantaneous Bytes per Second	Reverse Average Bytes per second	Traffic Type
2	196	0	0	0.0	0.0	0.0	0.0	0	0	0	0	0.0	0.0	0.0	0.0	video
2	196	0	0	0.0	0.0	0.0	0.0	1	98	1	98	0.0	0.0	0.0	0.0	video
2	196	0	0	0.0	0.0	0.0	0.0	1	98	1	98	0.0	0.0	0.0	0.0	video
2	196	0	0	0.0	0.0	0.0	0.0	0	0	0	0	0.0	0.0	0.0	0.0	video
2	196	0	0	0.0	0.0	0.0	0.0	1	98	1	98	0.0	0.0	0.0	0.0	video
2	196	0	0	0.0	0.0	0.0	0.0	1	98	1	98	0.0	0.0	0.0	0.0	video
2	196	0	0	0.0	0.0	0.0	0.0	1	98	1	98	0.0	0.0	0.0	0.0	video
2	196	0	0	0.0	0.0	0.0	0.0	1	98	1	98	0.0	0.0	0.0	0.0	video
1	98	0	0	0.0	0.0	0.0	0.0	0	0	0	0	0.0	0.0	0.0	0.0	video
2	196	0	0	0.0	0.0	0.0	0.0	1	98	1	98	0.0	0.0	0.0	0.0	video
2	196	0	0	0.0	0.0	0.0	0.0	1	98	1	98	0.0	0.0	0.0	0.0	video
1	98	0	0	0.0	0.0	0.0	0.0	0	0	0	0	0.0	0.0	0.0	0.0	video
2	196	0	0	0.0	0.0	0.0	0.0	1	98	1	98	0.0	0.0	0.0	0.0	video
2	196	0	0	0.0	0.0	0.0	0.0	1	98	1	98	0.0	0.0	0.0	0.0	video
1	98	0	0	0.0	0.0	0.0	0.0	0	0	0	0	0.0	0.0	0.0	0.0	video
10	632	0	0	0.0	0.0	0.0	0.0	0	0	0	0	0.0	0.0	0.0	0.0	video
2	196	0	0	0.0	2.0	0.0	196.0	1	98	1	98	0.0	0.0	0.0	0.0	video
2	196	0	0	0.0	0.0	0.0	0.0	1	98	1	98	0.0	0.0	0.0	0.0	video
1	98	0	0	0.0	0.0	0.0	0.0	0	0	0	0	0.0	0.0	0.0	0.0	video
10	632	0	0	0.0	0.0	0.0	0.0	0	0	0	0	0.0	0.0	0.0	0.0	video
2	196	0	0	0.0	2.0	0.0	196.0	1	98	0	0	0.0	1.0	0.0	98.0	video
2	196	0	0	0.0	0.0	0.0	0.0	1	98	1	98	0.0	0.0	0.0	0.0	video
1	98	0	0	0.0	0.0	0.0	0.0	0	0	0	0	0.0	0.0	0.0	0.0	video
10	632	0	0	0.0	0.0	0.0	0.0	0	0	0	0	0.0	0.0	0.0	0.0	video
2	196	0	0	0.0	2.0	0.0	196.0	1	98	0	0	0.0	1.0	0.0	98.0	video
2	196	0	0	0.0	2.0	0.0	196.0	1	98	1	98	0.0	0.0	0.0	0.0	video
1	98	0	0	0.0	0.0	0.0	0.0	0	0	0	0	0.0	0.0	0.0	0.0	video
10	632	0	0	0.0	0.0	0.0	0.0	0	0	0	0	0.0	0.0	0.0	0.0	video
2	196	0	0	0.0	2.0	0.0	196.0	1	98	0	0	0.0	1.0	0.0	98.0	video
2	196	0	0	0.0	2.0	0.0	196.0	1	98	0	0	0.0	1.0	0.0	98.0	video
1	98	0	0	0.0	0.0	0.0	0.0	0	0	0	0	0.0	0.0	0.0	0.0	video
10	632	0	0	0.0	0.0	0.0	0.0	0	0	0	0	0.0	0.0	0.0	0.0	video
2	196	0	0	0.0	2.0	0.0	196.0	1	98	0	0	0.0	1.0	0.0	98.0	video
2	196	0	0	0.0	2.0	0.0	196.0	1	98	0	0	0.0	1.0	0.0	98.0	video
2	196	1	98	1.0	2.0	98.0	196.0	0	0	0	0	0.0	0.0	0.0	0.0	video
10	632	0	0	0.0	0.0	0.0	0.0	0	0	0	0	0.0	0.0	0.0	0.0	video
2	196	0	0	0.0	2.0	0.0	196.0	1	98	0	0	0.0	1.0	0.0	98.0	video
2	196	0	0	0.0	2.0	0.0	196.0	1	98	0	0	0.0	1.0	0.0	98.0	video
2	196	1	98	1.0	2.0	98.0	196.0	1	98	1	98	1.0	1.0	98.0	98.0	video
10	632	0	0	0.0	0.0	0.0	0.0	0	0	0	0	0.0	0.0	0.0	0.0	video
2	196	0	0	0.0	2.0	0.0	196.0	1	98	0	0	0.0	1.0	0.0	98.0	video
2	196	0	0	0.0	2.0	0.0	196.0	1	98	0	0	0.0	1.0	0.0	98.0	video
2	196	1	98	1.0	2.0	98.0	196.0	1	98	1	98	1.0	1.0	98.0	98.0	video
16	1148	6	516	6.0	16.0	516.0	1148.0	0	0	0	0	0.0	0.0	0.0	0.0	video
2	196	0	0	0.0	1.0	0.0	98.0	1	98	0	0	0.0	1.0	0.0	98.0	video
2	196	0	0	0.0	2.0	0.0	196.0	1	98	0	0	0.0	1.0	0.0	98.0	video
2	196	1	98	1.0	2.0	98.0	196.0	1	98	1	98	1.0	1.0	98.0	98.0	video
16	1148	6	516	6.0	16.0	516.0	1148.0	0	0	0	0	0.0	0.0	0.0	0.0	video
2	196	0	0	0.0	1.0	0.0	98.0	1	98	0	0	0.0	0.5	0.0	49.0	video
2	196	0	0	0.0	2.0	0.0	196.0	1	98	0	0	0.0	1.0	0.0	98.0	video
2	196	1	98	1.0	2.0	98.0	196.0	1	98	1	98	1.0	1.0	98.0	98.0	video
16	1148	6	516	6.0	16.0	516.0	1148.0	0	0	0	0	0.0	0.0	0.0	0.0	video
2	196	0	0	0.0	1.0	0.0	98.0	1	98	0	0	0.0	0.5	0.0	49.0	video
2	196	0	0	0.0	1.0	0.0	98.0	1	98	0	0	0.0	1.0	0.0	98.0	video
2	196	1	98	1.0	2.0	98.0	196.0	1	98	1	98	1.0	1.0	98.0	98.0	video
16	1148	6	516	6.0	16.0	516.0	1148.0	0	0	0	0	0.0	0.0	0.0	0.0	video
2	196	0	0	0.0	1.0	0.0	98.0	1	98	0	0	0.0	0.5	0.0	49.0	video
2	196	0	0	0.0	1.0	0.0	98.0	1	98	0	0	0.0	0.5	0.0	49.0	video
2	196	1	98	1.0	2.0	98.0	196.0	1	98	1	98	1.0	1.0	98.0	98.0	video
16	1148	6	516	6.0	16.0	516.0	1148.0	0	0	0	0	0.0	0.0	0.0	0.0	video
2	196	0	0	0.0	1.0	0.0	98.0	1	98	0	0	0.0	0.5	0.0	49.0	video
2	196	0	0	0.0	1.0	0.0	98.0	1	98	0	0	0.0	0.5	0.0	49.0	video
2	196	0	0	0.0	1.0	0.0	98.0	1	98	1	98	1.0	1.0	98.0	98.0	video
16	1148	6	516	6.0	16.0	516.0	1148.0	0	0	0	0	0.0	0.0	0.0	0.0	video
2	196	0	0	0.0	1.0	0.0	98.0	1	98	0	0	0.0	0.5	0.0	49.0	video
2	196	0	0	0.0	1.0	0.0	98.0	1	98	0	0	0.0	0.5	0.0	49.0	video
2	196	0	0	0.0	1.0	0.0	98.0	1	98	0	0	0.0	0.5	0.0	49.0	video
16	1148	6	516	6.0	16.0	516.0	1148.0	0	0	0	0	0.0	0.0	0.0	0.0	video
2	196	0	0	0.0	1.0	0.0	98.0	1	98	0	0	0.0	0.5	0.0	49.0	video
2	196	0	0	0.0	1.0	0.0	98.0	1	98	0	0	0.0	0.5	0.0	49.0	video
2	196	0	0	0.0	1.0	0.0	98.0	1	98	0	0	0.0	0.5	0.0	49.0	video
20	1488	4	340	4.0	10.0	340.0	744.0	0	0	0	0	0.0	0.0	0.0	0.0	video
2	196	0	0	0.0	0.6666666666666666	0.0	65.33333333333333	1	98	0	0	0.0	0.5	0.0	49.0	video
2	196	0	0	0.0	1.0	0.0	98.0	1	98	0	0	0.0	0.5	0.0	49.0	video
2	196	0	0	0.0	1.0	0.0	98.0	1	98	0	0	0.0	0.5	0.0	49.0	video
20	1488	4	340	4.0	10.0	340.0	744.0	0	0	0	0	0.0	0.0	0.0	0.0	video
2	196	0	0	0.0	0.6666666666666666	0.0	65.33333333333333	1	98	0	0	0.0	0.3333333333333333	0.0	32.666666666666664	video
2	196	0	0	0.0	1.0	0.0	98.0	1	98	0	0	0.0	0.5	0.0	49.0	video
2	196	0	0	0.0	1.0	0.0	98.0	1	98	0	0	0.0	0.5	0.0	49.0	video
20	1488	4	340	4.0	10.0	340.0	744.0	0	0	0	0	0.0	0.0	0.0	0.0	video
2	196	0	0	0.0	0.6666666666666666	0.0	65.33333333333333	1	98	0	0	0.0	0.3333333333333333	0.0	32.666666666666664	video
2	196	0	0	0.0	0.6666666666666666	0.0	65.33333333333333	1	98	0	0	0.0	0.5	0.0	49.0	video
2	196	0	0	0.0	1.0	0.0	98.0	1	98	0	0	0.0	0.5	0.0	49.0	video
20	1488	4	340	4.0	10.0	340.0	744.0	0	0	0	0	0.0	0.0	0.0	0.0	video
2	196	0	0	0.0	0.6666666666666666	0.0	65.33333333333333	1	98	0	0	0.0	0.3333333333333333	0.0	32.666666666666664	video
2	196	0	0	0.0	0.6666666666666666	0.0	65.33333333333333	1	98	0	0	0.0	0.3333333333333333	0.0	32.666666666666664	video
2	196	0	0	0.0	1.0	0.0	98.0	1	98	0	0	0.0	0.5	0.0	49.0	video
20	1488	4	340	4.0	10.0	340.0	744.0	0	0	0	0	0.0	0.0	0.0	0.0	video
2	196	0	0	0.0	0.6666666666666666	0.0	65.33333333333333	1	98	0	0	0.0	0.3333333333333333	0.0	32.666666666666664	video
2	196	0	0	0.0	0.6666666666666666	0.0	65.33333333333333	1	98	0	0	0.0	0.3333333333333333	0.0	32.666666666666664	video
2	196	0	0	0.0	0.6666666666666666	0.0	65.33333333333333	1	98	0	0	0.0	0.5	0.0	49.0	video
20	1488	4	340	4.0	10.0	340.0	744.0	0	0	0	0	0.0	0.0	0.0	0.0	video
2	196	0	0	0.0	0.6666666666666666	0.0	65.33333333333333	1	98	0	0	0.0	0.3333333333333333	0.0	32.666666666666664	video
2	196	0	0	0.0	0.6666666666666666	0.0	65.33333333333333	1	98	0	0	0.0	0.3333333333333333	0.0	32.666666666666664	video
2	196	0	0	0.0	0.6666666666666666	0.0	65.33333333333333	1	98	0	0	0.0	0.3333333333333333	0.0	32.666666666666664	video
20	1488	4	340	4.0	10.0	340.0	744.0	0	0	0	0	0.0	0.0	0.0	0.0	video
2	196	0	0	0.0	0.6666666666666666	0.0	65.33333333333333	1	98	0	0	0.0	0.3333333333333333	0.0	32.666666666666664	video
2	196	0	0	0.0	0.6666666666666666	0.0	65.33333333333333	1	98	0	0	0.0	0.3333333333333333	0.0	32.666666666666664	video
2	196	0	0	0.0	0.6666666666666666	0.0	65.33333333333333	1	98	0	0	0.0	0.3333333333333333	0.0	32.666666666666664	video
21	1578	1	90	1.0	7.0	90.0	526.0	0	0	0	0	0.0	0.0	0.0	0.0	video
2	196	0	0	0.0	0.5	0.0	49.0	1	98	0	0	0.0	0.3333333333333333	0.0	32.666666666666664	video
2	196	0	0	0.0	0.6666666666666666	0.0	65.33333333333333	1	98	0	0	0.0	0.3333333333333333	0.0	32.666666666666664	video
2	196	0	0	0.0	0.6666666666666666	0.0	65.33333333333333	1	98	0	0	0.0	0.3333333333333333	0.0	32.666666666666664	video
21	1578	1	90	1.0	7.0	90.0	526.0	0	0	0	0	0.0	0.0	0.0	0.0	video
2	196	0	0	0.0	0.5	0.0	49.0	1	98	0	0	0.0	0.25	0.0	24.5	video
2	196	0	0	0.0	0.6666666666666666	0.0	65.33333333333333	1	98	0	0	0.0	0.3333333333333333	0.0	32.666666666666664	video
2	196	0	0	0.0	0.6666666666666666	0.0	65.33333333333333	1	98	0	0	0.0	0.3333333333333333	0.0	32.666666666666664	video
21	1578	1	90	1.0	7.0	90.0	526.0	0	0	0	0	0.0	0.0	0.0	0.0	video
2	196	0	0	0.0	0.5	0.0	49.0	1	98	0	0	0.0	0.25	0.0	24.5	video
2	196	0	0	0.0	0.5	0.0	49.0	1	98	0	0	0.0	0.3333333333333333	0.0	32.666666666666664	video
2	196	0	0	0.0	0.6666666666666666	0.0	65.33333333333333	1	98	0	0	0.0	0.3333333333333333	0.0	32.666666666666664	video
21	1578	1	90	1.0	7.0	90.0	526.0	0	0	0	0	0.0	0.0	0.0	0.0	video
2	196	0	0	0.0	0.5	0.0	49.0	1	98	0	0	0.0	0.25	0.0	24.5	video
2	196	0	0	0.0	0.5	0.0	49.0	1	98	0	0	0.0	0.25	0.0	24.5	video
2	196	0	0	0.0	0.6666666666666666	0.0	65.33333333333333	1	98	0	0	0.0	0.3333333333333333	0.0	32.666666666666664	video
21	1578	1	90	1.0	7.0	90.0	526.0	0	0	0	0	0.0	0.0	0.0	0.0	video
2	196	0	0	0.0	0.5	0.0	49.0	1	98	0	0	0.0	0.25	0.0	24.5	video
2	196	0	0	0.0	0.5	0.0	49.0	1	98	0	0	0.0	0.25	0.0	24.5	video
2	196	0	0	0.0	0.5	0.0	49.0	1	98	0	0	0.0	0.3333333333333333	0.0	32.666666666666664	video
21	1578	1	90	1.0	7.0	90.0	526.0	0	0	0	0	0.0	0.0	0.0	0.0	video
2	196	0	0	0.0	0.5	0.0	49.0	1	98	0	0	0.0	0.25	0.0	24.5	video
2	196	0	0	0.0	0.5	0.0	49.0	1	98	0	0	0.0	0.25	0.0	24.5	video
2	196	0	0	0.0	0.5	0.0	49.0	1	98	0	0	0.0	0.25	0.0	24.5	video
21	1578	1	90	1.0	7.0	90.0	526.0	0	0	0	0	0.0	0.0	0.0	0.0	video
2	196	0	0	0.0	0.5	0.0	49.0	1	98	0	0	0.0	0.25	0.0	24.5	video
2	196	0	0	0.0	0.5	0.0	49.0	1	98	0	0	0.0	0.25	0.0	24.5	video
2	196	0	0	0.0	0.5	0.0	49.0	1	98	0	0	0.0	0.25	0.0	24.5	video
21	1578	0	0	0.0	5.25	0.0	394.5	0	0	0	0	0.0	0.0	0.0	0.0	video
4	292	2	96	2.0	0.8	96.0	58.4	1	98	0	0	0.0	0.25	0.0	24.5	video
2	196	0	0	0.0	0.5	0.0	49.0	1	98	0	0	0.0	0.25	0.0	24.5	video
2	196	0	0	0.0	0.5	0.0	49.0	1	98	0	0	0.0	0.25	0.0	24.5	video
21	1578	0	0	0.0	5.25	0.0	394.5	0	0	0	0	0.0	0.0	0.0	0.0	video
4	292	2	96	2.0	0.8	96.0	58.4	3	214	2	116	2.0	0.6	116.0	42.8	video
2	196	0	0	0.0	0.5	0.0	49.0	1	98	0	0	0.0	0.25	0.0	24.5	video
2	196	0	0	0.0	0.5	0.0	49.0	1	98	0	0	0.0	0.25	0.0	24.5	video
21	1578	0	0	0.0	5.25	0.0	394.5	0	0	0	0	0.0	0.0	0.0	0.0	video
4	292	2	96	2.0	0.8	96.0	58.4	3	214	2	116	2.0	0.6	116.0	42.8	video
3	238	1	42	1.0	0.6	42.0	47.6	1	98	0	0	0.0	0.25	0.0	24.5	video
2	196	0	0	0.0	0.5	0.0	49.0	1	98	0	0	0.0	0.25	0.0	24.5	video
21	1578	0	0	0.0	5.25	0.0	394.5	0	0	0	0	0.0	0.0	0.0	0.0	video
4	292	2	96	2.0	0.8	96.0	58.4	3	214	2	116	2.0	0.6	116.0	42.8	video
3	238	1	42	1.0	0.6	42.0	47.6	2	140	1	42	1.0	0.4	42.0	28.0	video
2	196	0	0	0.0	0.5	0.0	49.0	1	98	0	0	0.0	0.25	0.0	24.5	video
21	1578	0	0	0.0	5.25	0.0	394.5	0	0	0	0	0.0	0.0	0.0	0.0	video
4	292	2	96	2.0	0.8	96.0	58.4	3	214	2	116	2.0	0.6	116.0	42.8	video
3	238	1	42	1.0	0.6	42.0	47.6	2	140	1	42	1.0	0.4	42.0	28.0	video
2	196	0	0	0.0	0.4	0.0	39.2	1	98	0	0	0.0	0.25	0.0	24.5	video
21	1578	0	0	0.0	5.25	0.0	394.5	0	0	0	0	0.0	0.0	0.0	0.0	video
4	292	2	96	2.0	0.8	96.0	58.4	3	214	2	116	2.0	0.6	116.0	42.8	video
3	238	1	42	1.0	0.6	42.0	47.6	2	140	1	42	1.0	0.4	42.0	28.0	video
2	196	0	0	0.0	0.4	0.0	39.2	2	140	1	42	1.0	0.4	42.0	28.0	video
21	1578	0	0	0.0	5.25	0.0	394.5	0	0	0	0	0.0	0.0	0.0	0.0	video
4	292	2	96	2.0	0.8	96.0	58.4	3	214	2	116	2.0	0.6	116.0	42.8	video
3	238	1	42	1.0	0.6	42.0	47.6	2	140	1	42	1.0	0.4	42.0	28.0	video
2	196	0	0	0.0	0.4	0.0	39.2	2	140	1	42	1.0	0.4	42.0	28.0	video
21	1578	0	0	0.0	4.2	0.0	315.6	0	0	0	0	0.0	0.0	0.0	0.0	video
4	292	0	0	0.0	0.6666666666666666	0.0	48.666666666666664	3	214	2	116	2.0	0.6	116.0	42.8	video
3	238	1	42	1.0	0.6	42.0	47.6	2	140	1	42	1.0	0.4	42.0	28.0	video
2	196	0	0	0.0	0.4	0.0	39.2	2	140	1	42	1.0	0.4	42.0	28.0	video
21	1578	0	0	0.0	4.2	0.0	315.6	0	0	0	0	0.0	0.0	0.0	0.0	video
4	292	0	0	0.0	0.6666666666666666	0.0	48.666666666666664	3	214	0	0	0.0	0.5	0.0	35.666666666666664	video
3	238	1	42	1.0	0.6	42.0	47.6	2	140	1	42	1.0	0.4	42.0	28.0	video
2	196	0	0	0.0	0.4	0.0	39.2	2	140	1	42	1.0	0.4	42.0	28.0	video
21	1578	0	0	0.0	4.2	0.0	315.6	0	0	0	0	0.0	0.0	0.0	0.0	video
4	292	0	0	0.0	0.6666666666666666	0.0	48.666666666666664	3	214	0	0	0.0	0.5	0.0	35.666666666666664	video
3	238	0	0	0.0	0.5	0.0	39.666666666666664	2	140	1	42	1.0	0.4	42.0	28.0	video
2	196	0	0	0.0	0.4	0.0	39.2	2	140	1	42	1.0	0.4	42.0	28.0	video
21	1578	0	0	0.0	4.2	0.0	315.6	0	0	0	0	0.0	0.0	0.0	0.0	video
4	292	0	0	0.0	0.6666666666666666	0.0	48.666666666666664	3	214	0	0	0.0	0.5	0.0	35.666666666666664	video
3	238	0	0	0.0	0.5	0.0	39.666666666666664	2	140	0	0	0.0	0.3333333333333333	0.0	23.333333333333332	video
2	196	0	0	0.0	0.4	0.0	39.2	2	140	1	42	1.0	0.4	42.0	28.0	video
21	1578	0	0	0.0	4.2	0.0	315.6	0	0	0	0	0.0	0.0	0.0	0.0	video
4	292	0	0	0.0	0.6666666666666666	0.0	48.666666666666664	3	214	0	0	0.0	0.5	0.0	35.666666666666664	video
3	238	0	0	0.0	0.5	0.0	39.666666666666664	2	140	0	0	0.0	0.3333333333333333	0.0	23.333333333333332	video
3	238	1	42	1.0	0.5	42.0	39.666666666666664	2	140	1	42	1.0	0.4	42.0	28.0	video
21	1578	0	0	0.0	4.2	0.0	315.6	0	0	0	0	0.0	0.0	0.0	0.0	video
4	292	0	0	0.0	0.6666666666666666	0.0	48.666666666666664	3	214	0	0	0.0	0.5	0.0	35.666666666666664	video
3	238	0	0	0.0	0.5	0.0	39.666666666666664	2	140	0	0	0.0	0.3333333333333333	0.0	23.333333333333332	video
3	238	1	42	1.0	0.5	42.0	39.666666666666664	2	140	0	0	0.0	0.3333333333333333	0.0	23.333333333333332	video
21	1578	0	0	0.0	4.2	0.0	315.6	0	0	0	0	0.0	0.0	0.0	0.0	video
4	292	0	0	0.0	0.6666666666666666	0.0	48.666666666666664	3	214	0	0	0.0	0.5	0.0	35.666666666666664	video
3	238	0	0	0.0	0.5	0.0	39.666666666666664	2	140	0	0	0.0	0.3333333333333333	0.0	23.333333333333332	video
3	238	1	42	1.0	0.5	42.0	39.666666666666664	2	140	0	0	0.0	0.3333333333333333	0.0	23.333333333333332	video
24	1788	3	210	3.0	4.0	210.0	298.0	0	0	0	0	0.0	0.0	0.0	0.0	video
4	292	0	0	0.0	0.5714285714285714	0.0	41.714285714285715	3	214	0	0	0.0	0.5	0.0	35.666666666666664	video
3	238	0	0	0.0	0.5	0.0	39.666666666666664	2	140	0	0	0.0	0.3333333333333333	0.0	23.333333333333332	video
3	238	1	42	1.0	0.5	42.0	39.666666666666664	2	140	0	0	0.0	0.3333333333333333	0.0	23.333333333333332	video
24	1788	3	210	3.0	4.0	210.0	298.0	0	0	0	0	0.0	0.0	0.0	0.0	video
4	292	0	0	0.0	0.5714285714285714	0.0	41.714285714285715	3	214	0	0	0.0	0.42857142857142855	0.0	30.571428571428573	video
3	238	0	0	0.0	0.5	0.0	39.666666666666664	2	140	0	0	0.0	0.3333333333333333	0.0	23.333333333333332	video
3	238	1	42	1.0	0.5	42.0	39.666666666666664	2	140	0	0	0.0	0.3333333333333333	0.0	23.333333333333332	video
24	1788	3	210	3.0	4.0	210.0	298.0	0	0	0	0	0.0	0.0	0.0	0.0	video
4	292	0	0	0.0	0.5714285714285714	0.0	41.714285714285715	3	214	0	0	0.0	0.42857142857142855	0.0	30.571428571428573	video
3	238	0	0	0.0	0.42857142857142855	0.0	34.0	2	140	0	0	0.0	0.3333333333333333	0.0	23.333333333333332	video
3	238	1	42	1.0	0.5	42.0	39.666666666666664	2	140	0	0	0.0	0.3333333333333333	0.0	23.333333333333332	video
24	1788	3	210	3.0	4.0	210.0	298.0	0	0	0	0	0.0	0.0	0.0	0.0	video
4	292	0	0	0.0	0.5714285714285714	0.0	41.714285714285715	3	214	0	0	0.0	0.42857142857142855	0.0	30.571428571428573	video
3	238	0	0	0.0	0.42857142857142855	0.0	34.0	2	140	0	0	0.0	0.2857142857142857	0.0	20.0	video
3	238	1	42	1.0	0.5	42.0	39.666666666666664	2	140	0	0	0.0	0.3333333333333333	0.0	23.333333333333332	video
24	1788	3	210	3.0	4.0	210.0	298.0	0	0	0	0	0.0	0.0	0.0	0.0	video
4	292	0	0	0.0	0.5714285714285714	0.0	41.714285714285715	3	214	0	0	0.0	0.42857142857142855	0.0	30.571428571428573	video
3	238	0	0	0.0	0.42857142857142855	0.0	34.0	2	140	0	0	0.0	0.2857142857142857	0.0	20.0	video
3	238	0	0	0.0	0.42857142857142855	0.0	34.0	2	140	0	0	0.0	0.3333333333333333	0.0	23.333333333333332	video
24	1788	3	210	3.0	4.0	210.0	298.0	0	0	0	0	0.0	0.0	0.0	0.0	video
4	292	0	0	0.0	0.5714285714285714	0.0	41.714285714285715	3	214	0	0	0.0	0.42857142857142855	0.0	30.571428571428573	video
3	238	0	0	0.0	0.42857142857142855	0.0	34.0	2	140	0	0	0.0	0.2857142857142857	0.0	20.0	video
3	238	0	0	0.0	0.42857142857142855	0.0	34.0	2	140	0	0	0.0	0.2857142857142857	0.0	20.0	video
24	1788	3	210	3.0	4.0	210.0	298.0	0	0	0	0	0.0	0.0	0.0	0.0	video
4	292	0	0	0.0	0.5714285714285714	0.0	41.714285714285715	3	214	0	0	0.0	0.42857142857142855	0.0	30.571428571428573	video
3	238	0	0	0.0	0.42857142857142855	0.0	34.0	2	140	0	0	0.0	0.2857142857142857	0.0	20.0	video
3	238	0	0	0.0	0.42857142857142855	0.0	34.0	2	140	0	0	0.0	0.2857142857142857	0.0	20.0	video
24	1788	0	0	0.0	3.4285714285714284	0.0	255.42857142857142	0	0	0	0	0.0	0.0	0.0	0.0	video
4	292	0	0	0.0	0.5	0.0	36.5	3	214	0	0	0.0	0.42857142857142855	0.0	30.571428571428573	video
3	238	0	0	0.0	0.42857142857142855	0.0	34.0	2	140	0	0	0.0	0.2857142857142857	0.0	20.0	video
3	238	0	0	0.0	0.42857142857142855	0.0	34.0	2	140	0	0	0.0	0.2857142857142857	0.0	20.0	video
24	1788	0	0	0.0	3.4285714285714284	0.0	255.42857142857142	0	0	0	0	0.0	0.0	0.0	0.0	video
4	292	0	0	0.0	0.5	0.0	36.5	3	214	0	0	0.0	0.375	0.0	26.75	video
3	238	0	0	0.0	0.42857142857142855	0.0	34.0	2	140	0	0	0.0	0.2857142857142857	0.0	20.0	video
3	238	0	0	0.0	0.42857142857142855	0.0	34.0	2	140	0	0	0.0	0.2857142857142857	0.0	20.0	video
24	1788	0	0	0.0	3.4285714285714284	0.0	255.42857142857142	0	0	0	0	0.0	0.0	0.0	0.0	video
4	292	0	0	0.0	0.5	0.0	36.5	3	214	0	0	0.0	0.375	0.0	26.75	video
3	238	0	0	0.0	0.375	0.0	29.75	2	140	0	0	0.0	0.2857142857142857	0.0	20.0	video
3	238	0	0	0.0	0.42857142857142855	0.0	34.0	2	140	0	0	0.0	0.2857142857142857	0.0	20.0	video
24	1788	0	0	0.0	3.4285714285714284	0.0	255.42857142857142	0	0	0	0	0.0	0.0	0.0	0.0	video
4	292	0	0	0.0	0.5	0.0	36.5	3	214	0	0	0.0	0.375	0.0	26.75	video
3	238	0	0	0.0	0.375	0.0	29.75	2	140	0	0	0.0	0.25	0.0	17.5	video
3	238	0	0	0.0	0.42857142857142855	0.0	34.0	2	140	0	0	0.0	0.2857142857142857	0.0	20.0	video
24	1788	0	0	0.0	3.4285714285714284	0.0	255.42857142857142	0	0	0	0	0.0	0.0	0.0	0.0	video
4	292	0	0	0.0	0.5	0.0	36.5	3	214	0	0	0.0	0.375	0.0	26.75	video
3	238	0	0	0.0	0.375	0.0	29.75	2	140	0	0	0.0	0.25	0.0	17.5	video
3	238	0	0	0.0	0.375	0.0	29.75	2	140	0	0	0.0	0.2857142857142857	0.0	20.0	video
24	1788	0	0	0.0	3.4285714285714284	0.0	255.42857142857142	0	0	0	0	0.0	0.0	0.0	0.0	video
4	292	0	0	0.0	0.5	0.0	36.5	3	214	0	0	0.0	0.375	0.0	26.75	video
3	238	0	0	0.0	0.375	0.0	29.75	2	140	0	0	0.0	0.25	0.0	17.5	video
3	238	0	0	0.0	0.375	0.0	29.75	2	140	0	0	0.0	0.25	0.0	17.5	video
24	1788	0	0	0.0	3.4285714285714284	0.0	255.42857142857142	0	0	0	0	0.0	0.0	0.0	0.0	video
4	292	0	0	0.0	0.5	0.0	36.5	3	214	0	0	0.0	0.375	0.0	26.75	video
3	238	0	0	0.0	0.375	0.0	29.75	2	140	0	0	0.0	0.25	0.0	17.5	video
3	238	0	0	0.0	0.375	0.0	29.75	2	140	0	0	0.0	0.25	0.0	17.5	video
24	1788	0	0	0.0	3.0	0.0	223.5	0	0	0	0	0.0	0.0	0.0	0.0	video
4	292	0	0	0.0	0.4444444444444444	0.0	32.44444444444444	3	214	0	0	0.0	0.375	0.0	26.75	video
3	238	0	0	0.0	0.375	0.0	29.75	2	140	0	0	0.0	0.25	0.0	17.5	video
3	238	0	0	0.0	0.375	0.0	29.75	2	140	0	0	0.0	0.25	0.0	17.5	video
24	1788	0	0	0.0	3.0	0.0	223.5	0	0	0	0	0.0	0.0	0.0	0.0	video
4	292	0	0	0.0	0.4444444444444444	0.0	32.44444444444444	3	214	0	0	0.0	0.3333333333333333	0.0	23.77777777777778	video
3	238	0	0	0.0	0.375	0.0	29.75	2	140	0	0	0.0	0.25	0.0	17.5	video
3	238	0	0	0.0	0.375	0.0	29.75	2	140	0	0	0.0	0.25	0.0	17.5	video
24	1788	0	0	0.0	3.0	0.0	223.5	0	0	0	0	0.0	0.0	0.0	0.0	video
4	292	0	0	0.0	0.4444444444444444	0.0	32.44444444444444	3	214	0	0	0.0	0.3333333333333333	0.0	23.77777777777778	video
3	238	0	0	0.0	0.3333333333333333	0.0	26.444444444444443	2	140	0	0	0.0	0.25	0.0	17.5	video
3	238	0	0	0.0	0.375	0.0	29.75	2	140	0	0	0.0	0.25	0.0	17.5	video
24	1788	0	0	0.0	3.0	0.0	223.5	0	0	0	0	0.0	0.0	0.0	0.0	video
4	292	0	0	0.0	0.4444444444444444	0.0	32.44444444444444	3	214	0	0	0.0	0.3333333333333333	0.0	23.77777777777778	video
3	238	0	0	0.0	0.3333333333333333	0.0	26.444444444444443	2	140	0	0	0.0	0.2222222222222222	0.0	15.555555555555555	video
3	238	0	0	0.0	0.375	0.0	29.75	2	140	0	0	0.0	0.25	0.0	17.5	video
24	1788	0	0	0.0	3.0	0.0	223.5	0	0	0	0	0.0	0.0	0.0	0.0	video
4	292	0	0	0.0	0.4444444444444444	0.0	32.44444444444444	3	214	0	0	0.0	0.3333333333333333	0.0	23.77777777777778	video
3	238	0	0	0.0	0.3333333333333333	0.0	26.444444444444443	2	140	0	0	0.0	0.2222222222222222	0.0	15.555555555555555	video
3	238	0	0	0.0	0.3333333333333333	0.0	26.444444444444443	2	140	0	0	0.0	0.25	0.0	17.5	video
24	1788	0	0	0.0	3.0	0.0	223.5	0	0	0	0	0.0	0.0	0.0	0.0	video
4	292	0	0	0.0	0.4444444444444444	0.0	32.44444444444444	3	214	0	0	0.0	0.3333333333333333	0.0	23.77777777777778	video
3	238	0	0	0.0	0.3333333333333333	0.0	26.444444444444443	2	140	0	0	0.0	0.2222222222222222	0.0	15.555555555555555	video
3	238	0	0	0.0	0.3333333333333333	0.0	26.444444444444443	2	140	0	0	0.0	0.2222222222222222	0.0	15.555555555555555	video
24	1788	0	0	0.0	3.0	0.0	223.5	0	0	0	0	0.0	0.0	0.0	0.0	video
4	292	0	0	0.0	0.4444444444444444	0.0	32.44444444444444	3	214	0	0	0.0	0.3333333333333333	0.0	23.77777777777778	video
3	238	0	0	0.0	0.3333333333333333	0.0	26.444444444444443	2	140	0	0	0.0	0.2222222222222222	0.0	15.555555555555555	video
3	238	0	0	0.0	0.3333333333333333	0.0	26.444444444444443	2	140	0	0	0.0	0.2222222222222222	0.0	15.555555555555555	video
24	1788	0	0	0.0	2.6666666666666665	0.0	198.66666666666666	0	0	0	0	0.0	0.0	0.0	0.0	video
4	292	0	0	0.0	0.4	0.0	29.2	3	214	0	0	0.0	0.3333333333333333	0.0	23.77777777777778	video
3	238	0	0	0.0	0.3333333333333333	0.0	26.444444444444443	2	140	0	0	0.0	0.2222222222222222	0.0	15.555555555555555	video
3	238	0	0	0.0	0.3333333333333333	0.0	26.444444444444443	2	140	0	0	0.0	0.2222222222222222	0.0	15.555555555555555	video
24	1788	0	0	0.0	2.6666666666666665	0.0	198.66666666666666	0	0	0	0	0.0	0.0	0.0	0.0	video
4	292	0	0	0.0	0.4	0.0	29.2	3	214	0	0	0.0	0.3	0.0	21.4	video
3	238	0	0	0.0	0.3333333333333333	0.0	26.444444444444443	2	140	0	0	0.0	0.2222222222222222	0.0	15.555555555555555	video
3	238	0	0	0.0	0.3333333333333333	0.0	26.444444444444443	2	140	0	0	0.0	0.2222222222222222	0.0	15.555555555555555	video
24	1788	0	0	0.0	2.6666666666666665	0.0	198.66666666666666	0	0	0	0	0.0	0.0	0.0	0.0	video
4	292	0	0	0.0	0.4	0.0	29.2	3	214	0	0	0.0	0.3	0.0	21.4	video
3	238	0	0	0.0	0.3	0.0	23.8	2	140	0	0	0.0	0.2222222222222222	0.0	15.555555555555555	video
3	238	0	0	0.0	0.3333333333333333	0.0	26.444444444444443	2	140	0	0	0.0	0.2222222222222222	0.0	15.555555555555555	video
24	1788	0	0	0.0	2.6666666666666665	0.0	198.66666666666666	0	0	0	0	0.0	0.0	0.0	0.0	video
4	292	0	0	0.0	0.4	0.0	29.2	3	214	0	0	0.0	0.3	0.0	21.4	video
3	238	0	0	0.0	0.3	0.0	23.8	2	140	0	0	0.0	0.2	0.0	14.0	video
3	238	0	0	0.0	0.3333333333333333	0.0	26.444444444444443	2	140	0	0	0.0	0.2222222222222222	0.0	15.555555555555555	video
24	1788	0	0	0.0	2.6666666666666665	0.0	198.66666666666666	0	0	0	0	0.0	0.0	0.0	0.0	video
4	292	0	0	0.0	0.4	0.0	29.2	3	214	0	0	0.0	0.3	0.0	21.4	video
3	238	0	0	0.0	0.3	0.0	23.8	2	140	0	0	0.0	0.2	0.0	14.0	video
3	238	0	0	0.0	0.3	0.0	23.8	2	140	0	0	0.0	0.2222222222222222	0.0	15.555555555555555	video
24	1788	0	0	0.0	2.6666666666666665	0.0	198.66666666666666	0	0	0	0	0.0	0.0	0.0	0.0	video
4	292	0	0	0.0	0.4	0.0	29.2	3	214	0	0	0.0	0.3	0.0	21.4	video
3	238	0	0	0.0	0.3	0.0	23.8	2	140	0	0	0.0	0.2	0.0	14.0	video
3	238	0	0	0.0	0.3	0.0	23.8	2	140	0	0	0.0	0.2	0.0	14.0	video
24	1788	0	0	0.0	2.6666666666666665	0.0	198.66666666666666	0	0	0	0	0.0	0.0	0.0	0.0	video
4	292	0	0	0.0	0.4	0.0	29.2	3	214	0	0	0.0	0.3	0.0	21.4	video
3	238	0	0	0.0	0.3	0.0	23.8	2	140	0	0	0.0	0.2	0.0	14.0	video
3	238	0	0	0.0	0.3	0.0	23.8	2	140	0	0	0.0	0.2	0.0	14.0	video
24	1788	0	0	0.0	2.4	0.0	178.8	0	0	0	0	0.0	0.0	0.0	0.0	video
4	292	0	0	0.0	0.36363636363636365	0.0	26.545454545454547	3	214	0	0	0.0	0.3	0.0	21.4	video
3	238	0	0	0.0	0.3	0.0	23.8	2	140	0	0	0.0	0.2	0.0	14.0	video
3	238	0	0	0.0	0.3	0.0	23.8	2	140	0	0	0.0	0.2	0.0	14.0	video
24	1788	0	0	0.0	2.4	0.0	178.8	0	0	0	0	0.0	0.0	0.0	0.0	video
4	292	0	0	0.0	0.36363636363636365	0.0	26.545454545454547	3	214	0	0	0.0	0.2727272727272727	0.0	19.454545454545453	video
3	238	0	0	0.0	0.3	0.0	23.8	2	140	0	0	0.0	0.2	0.0	14.0	video
3	238	0	0	0.0	0.3	0.0	23.8	2	140	0	0	0.0	0.2	0.0	14.0	video
24	1788	0	0	0.0	2.4	0.0	178.8	0	0	0	0	0.0	0.0	0.0	0.0	video
4	292	0	0	0.0	0.36363636363636365	0.0	26.545454545454547	3	214	0	0	0.0	0.2727272727272727	0.0	19.454545454545453	video
3	238	0	0	0.0	0.2727272727272727	0.0	21.636363636363637	2	140	0	0	0.0	0.2	0.0	14.0	video
3	238	0	0	0.0	0.3	0.0	23.8	2	140	0	0	0.0	0.2	0.0	14.0	video
24	1788	0	0	0.0	2.4	0.0	178.8	0	0	0	0	0.0	0.0	0.0	0.0	video
4	292	0	0	0.0	0.36363636363636365	0.0	26.545454545454547	3	214	0	0	0.0	0.2727272727272727	0.0	19.454545454545453	video
3	238	0	0	0.0	0.2727272727272727	0.0	21.636363636363637	2	140	0	0	0.0	0.18181818181818182	0.0	12.727272727272727	video
3	238	0	0	0.0	0.3	0.0	23.8	2	140	0	0	0.0	0.2	0.0	14.0	video
24	1788	0	0	0.0	2.4	0.0	178.8	0	0	0	0	0.0	0.0	0.0	0.0	video
4	292	0	0	0.0	0.36363636363636365	0.0	26.545454545454547	3	214	0	0	0.0	0.2727272727272727	0.0	19.454545454545453	video
3	238	0	0	0.0	0.2727272727272727	0.0	21.636363636363637	2	140	0	0	0.0	0.18181818181818182	0.0	12.727272727272727	video
3	238	0	0	0.0	0.2727272727272727	0.0	21.636363636363637	2	140	0	0	0.0	0.2	0.0	14.0	video
24	1788	0	0	0.0	2.4	0.0	178.8	0	0	0	0	0.0	0.0	0.0	0.0	video
4	292	0	0	0.0	0.36363636363636365	0.0	26.545454545454547	3	214	0	0	0.0	0.2727272727272727	0.0	19.454545454545453	video
3	238	0	0	0.0	0.2727272727272727	0.0	21.636363636363637	2	140	0	0	0.0	0.18181818181818182	0.0	12.727272727272727	video
3	238	0	0	0.0	0.2727272727272727	0.0	21.636363636363637	2	140	0	0	0.0	0.18181818181818182	0.0	12.727272727272727	video
24	1788	0	0	0.0	2.4	0.0	178.8	0	0	0	0	0.0	0.0	0.0	0.0	video
4	292	0	0	0.0	0.36363636363636365	0.0	26.545454545454547	3	214	0	0	0.0	0.2727272727272727	0.0	19.454545454545453	video
3	238	0	0	0.0	0.2727272727272727	0.0	21.636363636363637	2	140	0	0	0.0	0.18181818181818182	0.0	12.727272727272727	video
3	238	0	0	0.0	0.2727272727272727	0.0	21.636363636363637	2	140	0	0	0.0	0.18181818181818182	0.0	12.727272727272727	video
24	1788	0	0	0.0	2.1818181818181817	0.0	162.54545454545453	0	0	0	0	0.0	0.0	0.0	0.0	video
4	292	0	0	0.0	0.3333333333333333	0.0	24.333333333333332	3	214	0	0	0.0	0.2727272727272727	0.0	19.454545454545453	video
3	238	0	0	0.0	0.2727272727272727	0.0	21.636363636363637	2	140	0	0	0.0	0.18181818181818182	0.0	12.727272727272727	video
3	238	0	0	0.0	0.2727272727272727	0.0	21.636363636363637	2	140	0	0	0.0	0.18181818181818182	0.0	12.727272727272727	video
24	1788	0	0	0.0	2.1818181818181817	0.0	162.54545454545453	0	0	0	0	0.0	0.0	0.0	0.0	video
4	292	0	0	0.0	0.3333333333333333	0.0	24.333333333333332	3	214	0	0	0.0	0.25	0.0	17.833333333333332	video
3	238	0	0	0.0	0.2727272727272727	0.0	21.636363636363637	2	140	0	0	0.0	0.18181818181818182	0.0	12.727272727272727	video
3	238	0	0	0.0	0.2727272727272727	0.0	21.636363636363637	2	140	0	0	0.0	0.18181818181818182	0.0	12.727272727272727	video
24	1788	0	0	0.0	2.1818181818181817	0.0	162.54545454545453	0	0	0	0	0.0	0.0	0.0	0.0	video
4	292	0	0	0.0	0.3333333333333333	0.0	24.333333333333332	3	214	0	0	0.0	0.25	0.0	17.833333333333332	video
3	238	0	0	0.0	0.25	0.0	19.833333333333332	2	140	0	0	0.0	0.18181818181818182	0.0	12.727272727272727	video
3	238	0	0	0.0	0.2727272727272727	0.0	21.636363636363637	2	140	0	0	0.0	0.18181818181818182	0.0	12.727272727272727	video
24	1788	0	0	0.0	2.1818181818181817	0.0	162.54545454545453	0	0	0	0	0.0	0.0	0.0	0.0	video
4	292	0	0	0.0	0.3333333333333333	0.0	24.333333333333332	3	214	0	0	0.0	0.25	0.0	17.833333333333332	video
3	238	0	0	0.0	0.25	0.0	19.833333333333332	2	140	0	0	0.0	0.16666666666666666	0.0	11.666666666666666	video
3	238	0	0	0.0	0.2727272727272727	0.0	21.636363636363637	2	140	0	0	0.0	0.18181818181818182	0.0	12.727272727272727	video
24	1788	0	0	0.0	2.1818181818181817	0.0	162.54545454545453	0	0	0	0	0.0	0.0	0.0	0.0	video
4	292	0	0	0.0	0.3333333333333333	0.0	24.333333333333332	3	214	0	0	0.0	0.25	0.0	17.833333333333332	video
3	238	0	0	0.0	0.25	0.0	19.833333333333332	2	140	0	0	0.0	0.16666666666666666	0.0	11.666666666666666	video
3	238	0	0	0.0	0.25	0.0	19.833333333333332	2	140	0	0	0.0	0.18181818181818182	0.0	12.727272727272727	video
24	1788	0	0	0.0	2.1818181818181817	0.0	162.54545454545453	0	0	0	0	0.0	0.0	0.0	0.0	video
4	292	0	0	0.0	0.3333333333333333	0.0	24.333333333333332	3	214	0	0	0.0	0.25	0.0	17.833333333333332	video
3	238	0	0	0.0	0.25	0.0	19.833333333333332	2	140	0	0	0.0	0.16666666666666666	0.0	11.666666666666666	video
3	238	0	0	0.0	0.25	0.0	19.833333333333332	2	140	0	0	0.0	0.16666666666666666	0.0	11.666666666666666	video
24	1788	0	0	0.0	2.1818181818181817	0.0	162.54545454545453	0	0	0	0	0.0	0.0	0.0	0.0	video
4	292	0	0	0.0	0.3333333333333333	0.0	24.333333333333332	3	214	0	0	0.0	0.25	0.0	17.833333333333332	video
3	238	0	0	0.0	0.25	0.0	19.833333333333332	2	140	0	0	0.0	0.16666666666666666	0.0	11.666666666666666	video
3	238	0	0	0.0	0.25	0.0	19.833333333333332	2	140	0	0	0.0	0.16666666666666666	0.0	11.666666666666666	video
24	1788	0	0	0.0	2.0	0.0	149.0	0	0	0	0	0.0	0.0	0.0	0.0	video
4	292	0	0	0.0	0.3076923076923077	0.0	22.46153846153846	3	214	0	0	0.0	0.25	0.0	17.833333333333332	video
3	238	0	0	0.0	0.25	0.0	19.833333333333332	2	140	0	0	0.0	0.16666666666666666	0.0	11.666666666666666	video
3	238	0	0	0.0	0.25	0.0	19.833333333333332	2	140	0	0	0.0	0.16666666666666666	0.0	11.666666666666666	video
24	1788	0	0	0.0	2.0	0.0	149.0	0	0	0	0	0.0	0.0	0.0	0.0	video
4	292	0	0	0.0	0.3076923076923077	0.0	22.46153846153846	3	214	0	0	0.0	0.23076923076923078	0.0	16.46153846153846	video
3	238	0	0	0.0	0.25	0.0	19.833333333333332	2	140	0	0	0.0	0.16666666666666666	0.0	11.666666666666666	video
3	238	0	0	0.0	0.25	0.0	19.833333333333332	2	140	0	0	0.0	0.16666666666666666	0.0	11.666666666666666	video
24	1788	0	0	0.0	2.0	0.0	149.0	0	0	0	0	0.0	0.0	0.0	0.0	video
4	292	0	0	0.0	0.3076923076923077	0.0	22.46153846153846	3	214	0	0	0.0	0.23076923076923078	0.0	16.46153846153846	video
3	238	0	0	0.0	0.23076923076923078	0.0	18.307692307692307	2	140	0	0	0.0	0.16666666666666666	0.0	11.666666666666666	video
3	238	0	0	0.0	0.25	0.0	19.833333333333332	2	140	0	0	0.0	0.16666666666666666	0.0	11.666666666666666	video
24	1788	0	0	0.0	2.0	0.0	149.0	0	0	0	0	0.0	0.0	0.0	0.0	video
4	292	0	0	0.0	0.3076923076923077	0.0	22.46153846153846	3	214	0	0	0.0	0.23076923076923078	0.0	16.46153846153846	video
3	238	0	0	0.0	0.23076923076923078	0.0	18.307692307692307	2	140	0	0	0.0	0.15384615384615385	0.0	10.76923076923077	video
3	238	0	0	0.0	0.25	0.0	19.833333333333332	2	140	0	0	0.0	0.16666666666666666	0.0	11.666666666666666	video
24	1788	0	0	0.0	2.0	0.0	149.0	0	0	0	0	0.0	0.0	0.0	0.0	video
4	292	0	0	0.0	0.3076923076923077	0.0	22.46153846153846	3	214	0	0	0.0	0.23076923076923078	0.0	16.46153846153846	video
3	238	0	0	0.0	0.23076923076923078	0.0	18.307692307692307	2	140	0	0	0.0	0.15384615384615385	0.0	10.76923076923077	video
3	238	0	0	0.0	0.23076923076923078	0.0	18.307692307692307	2	140	0	0	0.0	0.16666666666666666	0.0	11.666666666666666	video
24	1788	0	0	0.0	2.0	0.0	149.0	0	0	0	0	0.0	0.0	0.0	0.0	video
4	292	0	0	0.0	0.3076923076923077	0.0	22.46153846153846	3	214	0	0	0.0	0.23076923076923078	0.0	16.46153846153846	video
3	238	0	0	0.0	0.23076923076923078	0.0	18.307692307692307	2	140	0	0	0.0	0.15384615384615385	0.0	10.76923076923077	video
3	238	0	0	0.0	0.23076923076923078	0.0	18.307692307692307	2	140	0	0	0.0	0.15384615384615385	0.0	10.76923076923077	video
24	1788	0	0	0.0	2.0	0.0	149.0	0	0	0	0	0.0	0.0	0.0	0.0	video
4	292	0	0	0.0	0.3076923076923077	0.0	22.46153846153846	3	214	0	0	0.0	0.23076923076923078	0.0	16.46153846153846	video
3	238	0	0	0.0	0.23076923076923078	0.0	18.307692307692307	2	140	0	0	0.0	0.15384615384615385	0.0	10.76923076923077	video
3	238	0	0	0.0	0.23076923076923078	0.0	18.307692307692307	2	140	0	0	0.0	0.15384615384615385	0.0	10.76923076923077	video
25	1858	1	70	1.0	1.9230769230769231	70.0	142.92307692307693	0	0	0	0	0.0	0.0	0.0	0.0	video
4	292	0	0	0.0	0.2857142857142857	0.0	20.857142857142858	3	214	0	0	0.0	0.23076923076923078	0.0	16.46153846153846	video
3	238	0	0	0.0	0.23076923076923078	0.0	18.307692307692307	2	140	0	0	0.0	0.15384615384615385	0.0	10.76923076923077	video
3	238	0	0	0.0	0.23076923076923078	0.0	18.307692307692307	2	140	0	0	0.0	0.15384615384615385	0.0	10.76923076923077	video
25	1858	1	70	1.0	1.9230769230769231	70.0	142.92307692307693	0	0	0	0	0.0	0.0	0.0	0.0	video
4	292	0	0	0.0	0.2857142857142857	0.0	20.857142857142858	3	214	0	0	0.0	0.21428571428571427	0.0	15.285714285714286	video
3	238	0	0	0.0	0.23076923076923078	0.0	18.307692307692307	2	140	0	0	0.0	0.15384615384615385	0.0	10.76923076923077	video
3	238	0	0	0.0	0.23076923076923078	0.0	18.307692307692307	2	140	0	0	0.0	0.15384615384615385	0.0	10.76923076923077	video
25	1858	1	70	1.0	1.9230769230769231	70.0	142.92307692307693	0	0	0	0	0.0	0.0	0.0	0.0	video
4	292	0	0	0.0	0.2857142857142857	0.0	20.857142857142858	3	214	0	0	0.0	0.21428571428571427	0.0	15.285714285714286	video
3	238	0	0	0.0	0.21428571428571427	0.0	17.0	2	140	0	0	0.0	0.15384615384615385	0.0	10.76923076923077	video
3	238	0	0	0.0	0.23076923076923078	0.0	18.307692307692307	2	140	0	0	0.0	0.15384615384615385	0.0	10.76923076923077	video
25	1858	1	70	1.0	1.9230769230769231	70.0	142.92307692307693	0	0	0	0	0.0	0.0	0.0	0.0	video
4	292	0	0	0.0	0.2857142857142857	0.0	20.857142857142858	3	214	0	0	0.0	0.21428571428571427	0.0	15.285714285714286	video
3	238	0	0	0.0	0.21428571428571427	0.0	17.0	2	140	0	0	0.0	0.14285714285714285	0.0	10.0	video
3	238	0	0	0.0	0.23076923076923078	0.0	18.307692307692307	2	140	0	0	0.0	0.15384615384615385	0.0	10.76923076923077	video
25	1858	1	70	1.0	1.9230769230769231	70.0	142.92307692307693	0	0	0	0	0.0	0.0	0.0	0.0	video
4	292	0	0	0.0	0.2857142857142857	0.0	20.857142857142858	3	214	0	0	0.0	0.21428571428571427	0.0	15.285714285714286	video
3	238	0	0	0.0	0.21428571428571427	0.0	17.0	2	140	0	0	0.0	0.14285714285714285	0.0	10.0	video
3	238	0	0	0.0	0.21428571428571427	0.0	17.0	2	140	0	0	0.0	0.15384615384615385	0.0	10.76923076923077	video
25	1858	1	70	1.0	1.9230769230769231	70.0	142.92307692307693	0	0	0	0	0.0	0.0	0.0	0.0	video
4	292	0	0	0.0	0.2857142857142857	0.0	20.857142857142858	3	214	0	0	0.0	0.21428571428571427	0.0	15.285714285714286	video
3	238	0	0	0.0	0.21428571428571427	0.0	17.0	2	140	0	0	0.0	0.14285714285714285	0.0	10.0	video
3	238	0	0	0.0	0.21428571428571427	0.0	17.0	2	140	0	0	0.0	0.14285714285714285	0.0	10.0	video
25	1858	1	70	1.0	1.9230769230769231	70.0	142.92307692307693	0	0	0	0	0.0	0.0	0.0	0.0	video
4	292	0	0	0.0	0.2857142857142857	0.0	20.857142857142858	3	214	0	0	0.0	0.21428571428571427	0.0	15.285714285714286	video
3	238	0	0	0.0	0.21428571428571427	0.0	17.0	2	140	0	0	0.0	0.14285714285714285	0.0	10.0	video
3	238	0	0	0.0	0.21428571428571427	0.0	17.0	2	140	0	0	0.0	0.14285714285714285	0.0	10.0	video
26	1928	1	70	1.0	1.8571428571428572	70.0	137.71428571428572	0	0	0	0	0.0	0.0	0.0	0.0	video
4	292	0	0	0.0	0.26666666666666666	0.0	19.466666666666665	3	214	0	0	0.0	0.21428571428571427	0.0	15.285714285714286	video
3	238	0	0	0.0	0.21428571428571427	0.0	17.0	2	140	0	0	0.0	0.14285714285714285	0.0	10.0	video
3	238	0	0	0.0	0.21428571428571427	0.0	17.0	2	140	0	0	0.0	0.14285714285714285	0.0	10.0	video
26	1928	1	70	1.0	1.8571428571428572	70.0	137.71428571428572	0	0	0	0	0.0	0.0	0.0	0.0	video
4	292	0	0	0.0	0.26666666666666666	0.0	19.466666666666665	3	214	0	0	0.0	0.2	0.0	14.266666666666667	video
3	238	0	0	0.0	0.21428571428571427	0.0	17.0	2	140	0	0	0.0	0.14285714285714285	0.0	10.0	video
3	238	0	0	0.0	0.21428571428571427	0.0	17.0	2	140	0	0	0.0	0.14285714285714285	0.0	10.0	video
26	1928	1	70	1.0	1.8571428571428572	70.0	137.71428571428572	0	0	0	0	0.0	0.0	0.0	0.0	video
4	292	0	0	0.0	0.26666666666666666	0.0	19.466666666666665	3	214	0	0	0.0	0.2	0.0	14.266666666666667	video
3	238	0	0	0.0	0.2	0.0	15.866666666666667	2	140	0	0	0.0	0.14285714285714285	0.0	10.0	video
3	238	0	0	0.0	0.21428571428571427	0.0	17.0	2	140	0	0	0.0	0.14285714285714285	0.0	10.0	video
26	1928	1	70	1.0	1.8571428571428572	70.0	137.71428571428572	0	0	0	0	0.0	0.0	0.0	0.0	video
4	292	0	0	0.0	0.26666666666666666	0.0	19.466666666666665	3	214	0	0	0.0	0.2	0.0	14.266666666666667	video
3	238	0	0	0.0	0.2	0.0	15.866666666666667	2	140	0	0	0.0	0.13333333333333333	0.0	9.333333333333334	video
3	238	0	0	0.0	0.21428571428571427	0.0	17.0	2	140	0	0	0.0	0.14285714285714285	0.0	10.0	video
26	1928	1	70	1.0	1.8571428571428572	70.0	137.71428571428572	0	0	0	0	0.0	0.0	0.0	0.0	video
4	292	0	0	0.0	0.26666666666666666	0.0	19.466666666666665	3	214	0	0	0.0	0.2	0.0	14.266666666666667	video
3	238	0	0	0.0	0.2	0.0	15.866666666666667	2	140	0	0	0.0	0.13333333333333333	0.0	9.333333333333334	video
3	238	0	0	0.0	0.2	0.0	15.866666666666667	2	140	0	0	0.0	0.14285714285714285	0.0	10.0	video
26	1928	1	70	1.0	1.8571428571428572	70.0	137.71428571428572	0	0	0	0	0.0	0.0	0.0	0.0	video
4	292	0	0	0.0	0.26666666666666666	0.0	19.466666666666665	3	214	0	0	0.0	0.2	0.0	14.266666666666667	video
3	238	0	0	0.0	0.2	0.0	15.866666666666667	2	140	0	0	0.0	0.13333333333333333	0.0	9.333333333333334	video
3	238	0	0	0.0	0.2	0.0	15.866666666666667	2	140	0	0	0.0	0.13333333333333333	0.0	9.333333333333334	video
26	1928	1	70	1.0	1.8571428571428572	70.0	137.71428571428572	0	0	0	0	0.0	0.0	0.0	0.0	video
4	292	0	0	0.0	0.26666666666666666	0.0	19.466666666666665	3	214	0	0	0.0	0.2	0.0	14.266666666666667	video
3	238	0	0	0.0	0.2	0.0	15.866666666666667	2	140	0	0	0.0	0.13333333333333333	0.0	9.333333333333334	video
3	238	0	0	0.0	0.2	0.0	15.866666666666667	2	140	0	0	0.0	0.13333333333333333	0.0	9.333333333333334	video
27	1998	1	70	1.0	1.8	70.0	133.2	0	0	0	0	0.0	0.0	0.0	0.0	video
4	292	0	0	0.0	0.25	0.0	18.25	3	214	0	0	0.0	0.2	0.0	14.266666666666667	video
3	238	0	0	0.0	0.2	0.0	15.866666666666667	2	140	0	0	0.0	0.13333333333333333	0.0	9.333333333333334	video
3	238	0	0	0.0	0.2	0.0	15.866666666666667	2	140	0	0	0.0	0.13333333333333333	0.0	9.333333333333334	video
27	1998	1	70	1.0	1.8	70.0	133.2	0	0	0	0	0.0	0.0	0.0	0.0	video
4	292	0	0	0.0	0.25	0.0	18.25	3	214	0	0	0.0	0.1875	0.0	13.375	video
3	238	0	0	0.0	0.2	0.0	15.866666666666667	2	140	0	0	0.0	0.13333333333333333	0.0	9.333333333333334	video
3	238	0	0	0.0	0.2	0.0	15.866666666666667	2	140	0	0	0.0	0.13333333333333333	0.0	9.333333333333334	video
27	1998	1	70	1.0	1.8	70.0	133.2	0	0	0	0	0.0	0.0	0.0	0.0	video
4	292	0	0	0.0	0.25	0.0	18.25	3	214	0	0	0.0	0.1875	0.0	13.375	video
3	238	0	0	0.0	0.1875	0.0	14.875	2	140	0	0	0.0	0.13333333333333333	0.0	9.333333333333334	video
3	238	0	0	0.0	0.2	0.0	15.866666666666667	2	140	0	0	0.0	0.13333333333333333	0.0	9.333333333333334	video
27	1998	1	70	1.0	1.8	70.0	133.2	0	0	0	0	0.0	0.0	0.0	0.0	video
4	292	0	0	0.0	0.25	0.0	18.25	3	214	0	0	0.0	0.1875	0.0	13.375	video
3	238	0	0	0.0	0.1875	0.0	14.875	2	140	0	0	0.0	0.125	0.0	8.75	video
3	238	0	0	0.0	0.2	0.0	15.866666666666667	2	140	0	0	0.0	0.13333333333333333	0.0	9.333333333333334	video
27	1998	1	70	1.0	1.8	70.0	133.2	0	0	0	0	0.0	0.0	0.0	0.0	video
4	292	0	0	0.0	0.25	0.0	18.25	3	214	0	0	0.0	0.1875	0.0	13.375	video
3	238	0	0	0.0	0.1875	0.0	14.875	2	140	0	0	0.0	0.125	0.0	8.75	video
3	238	0	0	0.0	0.1875	0.0	14.875	2	140	0	0	0.0	0.13333333333333333	0.0	9.333333333333334	video
27	1998	1	70	1.0	1.8	70.0	133.2	0	0	0	0	0.0	0.0	0.0	0.0	video
4	292	0	0	0.0	0.25	0.0	18.25	3	214	0	0	0.0	0.1875	0.0	13.375	video
3	238	0	0	0.0	0.1875	0.0	14.875	2	140	0	0	0.0	0.125	0.0	8.75	video
3	238	0	0	0.0	0.1875	0.0	14.875	2	140	0	0	0.0	0.125	0.0	8.75	video
27	1998	1	70	1.0	1.8	70.0	133.2	0	0	0	0	0.0	0.0	0.0	0.0	video
4	292	0	0	0.0	0.25	0.0	18.25	3	214	0	0	0.0	0.1875	0.0	13.375	video
3	238	0	0	0.0	0.1875	0.0	14.875	2	140	0	0	0.0	0.125	0.0	8.75	video
3	238	0	0	0.0	0.1875	0.0	14.875	2	140	0	0	0.0	0.125	0.0	8.75	video
27	1998	0	0	0.0	1.6875	0.0	124.875	0	0	0	0	0.0	0.0	0.0	0.0	video
4	292	0	0	0.0	0.23529411764705882	0.0	17.176470588235293	3	214	0	0	0.0	0.1875	0.0	13.375	video
3	238	0	0	0.0	0.1875	0.0	14.875	2	140	0	0	0.0	0.125	0.0	8.75	video
3	238	0	0	0.0	0.1875	0.0	14.875	2	140	0	0	0.0	0.125	0.0	8.75	video
27	1998	0	0	0.0	1.6875	0.0	124.875	0	0	0	0	0.0	0.0	0.0	0.0	video
4	292	0	0	0.0	0.23529411764705882	0.0	17.176470588235293	3	214	0	0	0.0	0.17647058823529413	0.0	12.588235294117647	video
3	238	0	0	0.0	0.1875	0.0	14.875	2	140	0	0	0.0	0.125	0.0	8.75	video
3	238	0	0	0.0	0.1875	0.0	14.875	2	140	0	0	0.0	0.125	0.0	8.75	video
27	1998	0	0	0.0	1.6875	0.0	124.875	0	0	0	0	0.0	0.0	0.0	0.0	video
4	292	0	0	0.0	0.23529411764705882	0.0	17.176470588235293	3	214	0	0	0.0	0.17647058823529413	0.0	12.588235294117647	video
3	238	0	0	0.0	0.17647058823529413	0.0	14.0	2	140	0	0	0.0	0.125	0.0	8.75	video
3	238	0	0	0.0	0.1875	0.0	14.875	2	140	0	0	0.0	0.125	0.0	8.75	video
27	1998	0	0	0.0	1.6875	0.0	124.875	0	0	0	0	0.0	0.0	0.0	0.0	video
4	292	0	0	0.0	0.23529411764705882	0.0	17.176470588235293	3	214	0	0	0.0	0.17647058823529413	0.0	12.588235294117647	video
3	238	0	0	0.0	0.17647058823529413	0.0	14.0	2	140	0	0	0.0	0.11764705882352941	0.0	8.235294117647058	video
3	238	0	0	0.0	0.1875	0.0	14.875	2	140	0	0	0.0	0.125	0.0	8.75	video
27	1998	0	0	0.0	1.6875	0.0	124.875	0	0	0	0	0.0	0.0	0.0	0.0	video
4	292	0	0	0.0	0.23529411764705882	0.0	17.176470588235293	3	214	0	0	0.0	0.17647058823529413	0.0	12.588235294117647	video
3	238	0	0	0.0	0.17647058823529413	0.0	14.0	2	140	0	0	0.0	0.11764705882352941	0.0	8.235294117647058	video
3	238	0	0	0.0	0.17647058823529413	0.0	14.0	2	140	0	0	0.0	0.125	0.0	8.75	video
27	1998	0	0	0.0	1.6875	0.0	124.875	0	0	0	0	0.0	0.0	0.0	0.0	video
4	292	0	0	0.0	0.23529411764705882	0.0	17.176470588235293	3	214	0	0	0.0	0.17647058823529413	0.0	12.588235294117647	video
3	238	0	0	0.0	0.17647058823529413	0.0	14.0	2	140	0	0	0.0	0.11764705882352941	0.0	8.235294117647058	video
3	238	0	0	0.0	0.17647058823529413	0.0	14.0	2	140	0	0	0.0	0.11764705882352941	0.0	8.235294117647058	video
27	1998	0	0	0.0	1.6875	0.0	124.875	0	0	0	0	0.0	0.0	0.0	0.0	video
4	292	0	0	0.0	0.23529411764705882	0.0	17.176470588235293	3	214	0	0	0.0	0.17647058823529413	0.0	12.588235294117647	video
3	238	0	0	0.0	0.17647058823529413	0.0	14.0	2	140	0	0	0.0	0.11764705882352941	0.0	8.235294117647058	video
3	238	0	0	0.0	0.17647058823529413	0.0	14.0	2	140	0	0	0.0	0.11764705882352941	0.0	8.235294117647058	video
27	1998	0	0	0.0	1.588235294117647	0.0	117.52941176470588	0	0	0	0	0.0	0.0	0.0	0.0	video
4	292	0	0	0.0	0.2222222222222222	0.0	16.22222222222222	3	214	0	0	0.0	0.17647058823529413	0.0	12.588235294117647	video
3	238	0	0	0.0	0.17647058823529413	0.0	14.0	2	140	0	0	0.0	0.11764705882352941	0.0	8.235294117647058	video
3	238	0	0	0.0	0.17647058823529413	0.0	14.0	2	140	0	0	0.0	0.11764705882352941	0.0	8.235294117647058	video
27	1998	0	0	0.0	1.588235294117647	0.0	117.52941176470588	0	0	0	0	0.0	0.0	0.0	0.0	video
4	292	0	0	0.0	0.2222222222222222	0.0	16.22222222222222	3	214	0	0	0.0	0.16666666666666666	0.0	11.88888888888889	video
3	238	0	0	0.0	0.17647058823529413	0.0	14.0	2	140	0	0	0.0	0.11764705882352941	0.0	8.235294117647058	video
3	238	0	0	0.0	0.17647058823529413	0.0	14.0	2	140	0	0	0.0	0.11764705882352941	0.0	8.235294117647058	video
27	1998	0	0	0.0	1.588235294117647	0.0	117.52941176470588	0	0	0	0	0.0	0.0	0.0	0.0	video
4	292	0	0	0.0	0.2222222222222222	0.0	16.22222222222222	3	214	0	0	0.0	0.16666666666666666	0.0	11.88888888888889	video
3	238	0	0	0.0	0.16666666666666666	0.0	13.222222222222221	2	140	0	0	0.0	0.11764705882352941	0.0	8.235294117647058	video
3	238	0	0	0.0	0.17647058823529413	0.0	14.0	2	140	0	0	0.0	0.11764705882352941	0.0	8.235294117647058	video
27	1998	0	0	0.0	1.588235294117647	0.0	117.52941176470588	0	0	0	0	0.0	0.0	0.0	0.0	video
4	292	0	0	0.0	0.2222222222222222	0.0	16.22222222222222	3	214	0	0	0.0	0.16666666666666666	0.0	11.88888888888889	video
3	238	0	0	0.0	0.16666666666666666	0.0	13.222222222222221	2	140	0	0	0.0	0.1111111111111111	0.0	7.777777777777778	video
3	238	0	0	0.0	0.17647058823529413	0.0	14.0	2	140	0	0	0.0	0.11764705882352941	0.0	8.235294117647058	video
27	1998	0	0	0.0	1.588235294117647	0.0	117.52941176470588	0	0	0	0	0.0	0.0	0.0	0.0	video
4	292	0	0	0.0	0.2222222222222222	0.0	16.22222222222222	3	214	0	0	0.0	0.16666666666666666	0.0	11.88888888888889	video
3	238	0	0	0.0	0.16666666666666666	0.0	13.222222222222221	2	140	0	0	0.0	0.1111111111111111	0.0	7.777777777777778	video
3	238	0	0	0.0	0.16666666666666666	0.0	13.222222222222221	2	140	0	0	0.0	0.11764705882352941	0.0	8.235294117647058	video
27	1998	0	0	0.0	1.588235294117647	0.0	117.52941176470588	0	0	0	0	0.0	0.0	0.0	0.0	video
4	292	0	0	0.0	0.2222222222222222	0.0	16.22222222222222	3	214	0	0	0.0	0.16666666666666666	0.0	11.88888888888889	video
3	238	0	0	0.0	0.16666666666666666	0.0	13.222222222222221	2	140	0	0	0.0	0.1111111111111111	0.0	7.777777777777778	video
3	238	0	0	0.0	0.16666666666666666	0.0	13.222222222222221	2	140	0	0	0.0	0.1111111111111111	0.0	7.777777777777778	video
27	1998	0	0	0.0	1.588235294117647	0.0	117.52941176470588	0	0	0	0	0.0	0.0	0.0	0.0	video
4	292	0	0	0.0	0.2222222222222222	0.0	16.22222222222222	3	214	0	0	0.0	0.16666666666666666	0.0	11.88888888888889	video
3	238	0	0	0.0	0.16666666666666666	0.0	13.222222222222221	2	140	0	0	0.0	0.1111111111111111	0.0	7.777777777777778	video
3	238	0	0	0.0	0.16666666666666666	0.0	13.222222222222221	2	140	0	0	0.0	0.1111111111111111	0.0	7.777777777777778	video
27	1998	0	0	0.0	1.5	0.0	111.0	0	0	0	0	0.0	0.0	0.0	0.0	video
4	292	0	0	0.0	0.21052631578947367	0.0	15.368421052631579	3	214	0	0	0.0	0.16666666666666666	0.0	11.88888888888889	video
3	238	0	0	0.0	0.16666666666666666	0.0	13.222222222222221	2	140	0	0	0.0	0.1111111111111111	0.0	7.777777777777778	video
3	238	0	0	0.0	0.16666666666666666	0.0	13.222222222222221	2	140	0	0	0.0	0.1111111111111111	0.0	7.777777777777778	video
27	1998	0	0	0.0	1.5	0.0	111.0	0	0	0	0	0.0	0.0	0.0	0.0	video
4	292	0	0	0.0	0.21052631578947367	0.0	15.368421052631579	3	214	0	0	0.0	0.15789473684210525	0.0	11.263157894736842	video
3	238	0	0	0.0	0.16666666666666666	0.0	13.222222222222221	2	140	0	0	0.0	0.1111111111111111	0.0	7.777777777777778	video
3	238	0	0	0.0	0.16666666666666666	0.0	13.222222222222221	2	140	0	0	0.0	0.1111111111111111	0.0	7.777777777777778	video
27	1998	0	0	0.0	1.5	0.0	111.0	0	0	0	0	0.0	0.0	0.0	0.0	video
4	292	0	0	0.0	0.21052631578947367	0.0	15.368421052631579	3	214	0	0	0.0	0.15789473684210525	0.0	11.263157894736842	video
3	238	0	0	0.0	0.15789473684210525	0.0	12.526315789473685	2	140	0	0	0.0	0.1111111111111111	0.0	7.777777777777778	video
3	238	0	0	0.0	0.16666666666666666	0.0	13.222222222222221	2	140	0	0	0.0	0.1111111111111111	0.0	7.777777777777778	video
27	1998	0	0	0.0	1.5	0.0	111.0	0	0	0	0	0.0	0.0	0.0	0.0	video
4	292	0	0	0.0	0.21052631578947367	0.0	15.368421052631579	3	214	0	0	0.0	0.15789473684210525	0.0	11.263157894736842	video
3	238	0	0	0.0	0.15789473684210525	0.0	12.526315789473685	2	140	0	0	0.0	0.10526315789473684	0.0	7.368421052631579	video
3	238	0	0	0.0	0.16666666666666666	0.0	13.222222222222221	2	140	0	0	0.0	0.1111111111111111	0.0	7.777777777777778	video
27	1998	0	0	0.0	1.5	0.0	111.0	0	0	0	0	0.0	0.0	0.0	0.0	video
4	292	0	0	0.0	0.21052631578947367	0.0	15.368421052631579	3	214	0	0	0.0	0.15789473684210525	0.0	11.263157894736842	video
3	238	0	0	0.0	0.15789473684210525	0.0	12.526315789473685	2	140	0	0	0.0	0.10526315789473684	0.0	7.368421052631579	video
3	238	0	0	0.0	0.15789473684210525	0.0	12.526315789473685	2	140	0	0	0.0	0.1111111111111111	0.0	7.777777777777778	video
27	1998	0	0	0.0	1.5	0.0	111.0	0	0	0	0	0.0	0.0	0.0	0.0	video
4	292	0	0	0.0	0.21052631578947367	0.0	15.368421052631579	3	214	0	0	0.0	0.15789473684210525	0.0	11.263157894736842	video
3	238	0	0	0.0	0.15789473684210525	0.0	12.526315789473685	2	140	0	0	0.0	0.10526315789473684	0.0	7.368421052631579	video
3	238	0	0	0.0	0.15789473684210525	0.0	12.526315789473685	2	140	0	0	0.0	0.10526315789473684	0.0	7.368421052631579	video
27	1998	0	0	0.0	1.5	0.0	111.0	0	0	0	0	0.0	0.0	0.0	0.0	video
4	292	0	0	0.0	0.21052631578947367	0.0	15.368421052631579	3	214	0	0	0.0	0.15789473684210525	0.0	11.263157894736842	video
3	238	0	0	0.0	0.15789473684210525	0.0	12.526315789473685	2	140	0	0	0.0	0.10526315789473684	0.0	7.368421052631579	video
3	238	0	0	0.0	0.15789473684210525	0.0	12.526315789473685	2	140	0	0	0.0	0.10526315789473684	0.0	7.368421052631579	video
27	1998	0	0	0.0	1.4210526315789473	0.0	105.15789473684211	0	0	0	0	0.0	0.0	0.0	0.0	video
4	292	0	0	0.0	0.2	0.0	14.6	3	214	0	0	0.0	0.15789473684210525	0.0	11.263157894736842	video
3	238	0	0	0.0	0.15789473684210525	0.0	12.526315789473685	2	140	0	0	0.0	0.10526315789473684	0.0	7.368421052631579	video
3	238	0	0	0.0	0.15789473684210525	0.0	12.526315789473685	2	140	0	0	0.0	0.10526315789473684	0.0	7.368421052631579	video
27	1998	0	0	0.0	1.4210526315789473	0.0	105.15789473684211	0	0	0	0	0.0	0.0	0.0	0.0	video
4	292	0	0	0.0	0.2	0.0	14.6	3	214	0	0	0.0	0.15	0.0	10.7	video
3	238	0	0	0.0	0.15789473684210525	0.0	12.526315789473685	2	140	0	0	0.0	0.10526315789473684	0.0	7.368421052631579	video
3	238	0	0	0.0	0.15789473684210525	0.0	12.526315789473685	2	140	0	0	0.0	0.10526315789473684	0.0	7.368421052631579	video
27	1998	0	0	0.0	1.4210526315789473	0.0	105.15789473684211	0	0	0	0	0.0	0.0	0.0	0.0	video
4	292	0	0	0.0	0.2	0.0	14.6	3	214	0	0	0.0	0.15	0.0	10.7	video
3	238	0	0	0.0	0.15	0.0	11.9	2	140	0	0	0.0	0.10526315789473684	0.0	7.368421052631579	video
3	238	0	0	0.0	0.15789473684210525	0.0	12.526315789473685	2	140	0	0	0.0	0.10526315789473684	0.0	7.368421052631579	video
27	1998	0	0	0.0	1.4210526315789473	0.0	105.15789473684211	0	0	0	0	0.0	0.0	0.0	0.0	video
4	292	0	0	0.0	0.2	0.0	14.6	3	214	0	0	0.0	0.15	0.0	10.7	video
3	238	0	0	0.0	0.15	0.0	11.9	2	140	0	0	0.0	0.1	0.0	7.0	video
3	238	0	0	0.0	0.15789473684210525	0.0	12.526315789473685	2	140	0	0	0.0	0.10526315789473684	0.0	7.368421052631579	video
27	1998	0	0	0.0	1.4210526315789473	0.0	105.15789473684211	0	0	0	0	0.0	0.0	0.0	0.0	video
4	292	0	0	0.0	0.2	0.0	14.6	3	214	0	0	0.0	0.15	0.0	10.7	video
3	238	0	0	0.0	0.15	0.0	11.9	2	140	0	0	0.0	0.1	0.0	7.0	video
3	238	0	0	0.0	0.15	0.0	11.9	2	140	0	0	0.0	0.10526315789473684	0.0	7.368421052631579	video
27	1998	0	0	0.0	1.4210526315789473	0.0	105.15789473684211	0	0	0	0	0.0	0.0	0.0	0.0	video
4	292	0	0	0.0	0.2	0.0	14.6	3	214	0	0	0.0	0.15	0.0	10.7	video
3	238	0	0	0.0	0.15	0.0	11.9	2	140	0	0	0.0	0.1	0.0	7.0	video
3	238	0	0	0.0	0.15	0.0	11.9	2	140	0	0	0.0	0.1	0.0	7.0	video
27	1998	0	0	0.0	1.4210526315789473	0.0	105.15789473684211	0	0	0	0	0.0	0.0	0.0	0.0	video
4	292	0	0	0.0	0.2	0.0	14.6	3	214	0	0	0.0	0.15	0.0	10.7	video
3	238	0	0	0.0	0.15	0.0	11.9	2	140	0	0	0.0	0.1	0.0	7.0	video
3	238	0	0	0.0	0.15	0.0	11.9	2	140	0	0	0.0	0.1	0.0	7.0	video
27	1998	0	0	0.0	1.35	0.0	99.9	0	0	0	0	0.0	0.0	0.0	0.0	video
4	292	0	0	0.0	0.19047619047619047	0.0	13.904761904761905	3	214	0	0	0.0	0.15	0.0	10.7	video
3	238	0	0	0.0	0.15	0.0	11.9	2	140	0	0	0.0	0.1	0.0	7.0	video
3	238	0	0	0.0	0.15	0.0	11.9	2	140	0	0	0.0	0.1	0.0	7.0	video
27	1998	0	0	0.0	1.35	0.0	99.9	0	0	0	0	0.0	0.0	0.0	0.0	video
4	292	0	0	0.0	0.19047619047619047	0.0	13.904761904761905	3	214	0	0	0.0	0.14285714285714285	0.0	10.19047619047619	video
3	238	0	0	0.0	0.15	0.0	11.9	2	140	0	0	0.0	0.1	0.0	7.0	video
3	238	0	0	0.0	0.15	0.0	11.9	2	140	0	0	0.0	0.1	0.0	7.0	video
27	1998	0	0	0.0	1.35	0.0	99.9	0	0	0	0	0.0	0.0	0.0	0.0	video
4	292	0	0	0.0	0.19047619047619047	0.0	13.904761904761905	3	214	0	0	0.0	0.14285714285714285	0.0	10.19047619047619	video
3	238	0	0	0.0	0.14285714285714285	0.0	11.333333333333334	2	140	0	0	0.0	0.1	0.0	7.0	video
3	238	0	0	0.0	0.15	0.0	11.9	2	140	0	0	0.0	0.1	0.0	7.0	video
27	1998	0	0	0.0	1.35	0.0	99.9	0	0	0	0	0.0	0.0	0.0	0.0	video
4	292	0	0	0.0	0.19047619047619047	0.0	13.904761904761905	3	214	0	0	0.0	0.14285714285714285	0.0	10.19047619047619	video
3	238	0	0	0.0	0.14285714285714285	0.0	11.333333333333334	2	140	0	0	0.0	0.09523809523809523	0.0	6.666666666666667	video
3	238	0	0	0.0	0.15	0.0	11.9	2	140	0	0	0.0	0.1	0.0	7.0	video
27	1998	0	0	0.0	1.35	0.0	99.9	0	0	0	0	0.0	0.0	0.0	0.0	video
4	292	0	0	0.0	0.19047619047619047	0.0	13.904761904761905	3	214	0	0	0.0	0.14285714285714285	0.0	10.19047619047619	video
3	238	0	0	0.0	0.14285714285714285	0.0	11.333333333333334	2	140	0	0	0.0	0.09523809523809523	0.0	6.666666666666667	video
3	238	0	0	0.0	0.14285714285714285	0.0	11.333333333333334	2	140	0	0	0.0	0.1	0.0	7.0	video
27	1998	0	0	0.0	1.35	0.0	99.9	0	0	0	0	0.0	0.0	0.0	0.0	video
4	292	0	0	0.0	0.19047619047619047	0.0	13.904761904761905	3	214	0	0	0.0	0.14285714285714285	0.0	10.19047619047619	video
3	238	0	0	0.0	0.14285714285714285	0.0	11.333333333333334	2	140	0	0	0.0	0.09523809523809523	0.0	6.666666666666667	video
3	238	0	0	0.0	0.14285714285714285	0.0	11.333333333333334	2	140	0	0	0.0	0.09523809523809523	0.0	6.666666666666667	video
27	1998	0	0	0.0	1.35	0.0	99.9	0	0	0	0	0.0	0.0	0.0	0.0	video
4	292	0	0	0.0	0.19047619047619047	0.0	13.904761904761905	3	214	0	0	0.0	0.14285714285714285	0.0	10.19047619047619	video
3	238	0	0	0.0	0.14285714285714285	0.0	11.333333333333334	2	140	0	0	0.0	0.09523809523809523	0.0	6.666666666666667	video
3	238	0	0	0.0	0.14285714285714285	0.0	11.333333333333334	2	140	0	0	0.0	0.09523809523809523	0.0	6.666666666666667	video
27	1998	0	0	0.0	1.2857142857142858	0.0	95.14285714285714	0	0	0	0	0.0	0.0	0.0	0.0	video
4	292	0	0	0.0	0.18181818181818182	0.0	13.272727272727273	3	214	0	0	0.0	0.14285714285714285	0.0	10.19047619047619	video
3	238	0	0	0.0	0.14285714285714285	0.0	11.333333333333334	2	140	0	0	0.0	0.09523809523809523	0.0	6.666666666666667	video
3	238	0	0	0.0	0.14285714285714285	0.0	11.333333333333334	2	140	0	0	0.0	0.09523809523809523	0.0	6.666666666666667	video
27	1998	0	0	0.0	1.2857142857142858	0.0	95.14285714285714	0	0	0	0	0.0	0.0	0.0	0.0	video
4	292	0	0	0.0	0.18181818181818182	0.0	13.272727272727273	3	214	0	0	0.0	0.13636363636363635	0.0	9.727272727272727	video
3	238	0	0	0.0	0.14285714285714285	0.0	11.333333333333334	2	140	0	0	0.0	0.09523809523809523	0.0	6.666666666666667	video
3	238	0	0	0.0	0.14285714285714285	0.0	11.333333333333334	2	140	0	0	0.0	0.09523809523809523	0.0	6.666666666666667	video
27	1998	0	0	0.0	1.2857142857142858	0.0	95.14285714285714	0	0	0	0	0.0	0.0	0.0	0.0	video
4	292	0	0	0.0	0.18181818181818182	0.0	13.272727272727273	3	214	0	0	0.0	0.13636363636363635	0.0	9.727272727272727	video
3	238	0	0	0.0	0.13636363636363635	0.0	10.818181818181818	2	140	0	0	0.0	0.09523809523809523	0.0	6.666666666666667	video
3	238	0	0	0.0	0.14285714285714285	0.0	11.333333333333334	2	140	0	0	0.0	0.09523809523809523	0.0	6.666666666666667	video
27	1998	0	0	0.0	1.2857142857142858	0.0	95.14285714285714	0	0	0	0	0.0	0.0	0.0	0.0	video
4	292	0	0	0.0	0.18181818181818182	0.0	13.272727272727273	3	214	0	0	0.0	0.13636363636363635	0.0	9.727272727272727	video
3	238	0	0	0.0	0.13636363636363635	0.0	10.818181818181818	2	140	0	0	0.0	0.09090909090909091	0.0	6.363636363636363	video
3	238	0	0	0.0	0.14285714285714285	0.0	11.333333333333334	2	140	0	0	0.0	0.09523809523809523	0.0	6.666666666666667	video
27	1998	0	0	0.0	1.2857142857142858	0.0	95.14285714285714	0	0	0	0	0.0	0.0	0.0	0.0	video
4	292	0	0	0.0	0.18181818181818182	0.0	13.272727272727273	3	214	0	0	0.0	0.13636363636363635	0.0	9.727272727272727	video
3	238	0	0	0.0	0.13636363636363635	0.0	10.818181818181818	2	140	0	0	0.0	0.09090909090909091	0.0	6.363636363636363	video
3	238	0	0	0.0	0.13636363636363635	0.0	10.818181818181818	2	140	0	0	0.0	0.09523809523809523	0.0	6.666666666666667	video
27	1998	0	0	0.0	1.2857142857142858	0.0	95.14285714285714	0	0	0	0	0.0	0.0	0.0	0.0	video
4	292	0	0	0.0	0.18181818181818182	0.0	13.272727272727273	3	214	0	0	0.0	0.13636363636363635	0.0	9.727272727272727	video
3	238	0	0	0.0	0.13636363636363635	0.0	10.818181818181818	2	140	0	0	0.0	0.09090909090909091	0.0	6.363636363636363	video
3	238	0	0	0.0	0.13636363636363635	0.0	10.818181818181818	2	140	0	0	0.0	0.09090909090909091	0.0	6.363636363636363	video
27	1998	0	0	0.0	1.2857142857142858	0.0	95.14285714285714	0	0	0	0	0.0	0.0	0.0	0.0	video
4	292	0	0	0.0	0.18181818181818182	0.0	13.272727272727273	3	214	0	0	0.0	0.13636363636363635	0.0	9.727272727272727	video
3	238	0	0	0.0	0.13636363636363635	0.0	10.818181818181818	2	140	0	0	0.0	0.09090909090909091	0.0	6.363636363636363	video
3	238	0	0	0.0	0.13636363636363635	0.0	10.818181818181818	2	140	0	0	0.0	0.09090909090909091	0.0	6.363636363636363	video
27	1998	0	0	0.0	1.2272727272727273	0.0	90.81818181818181	0	0	0	0	0.0	0.0	0.0	0.0	video
4	292	0	0	0.0	0.17391304347826086	0.0	12.695652173913043	3	214	0	0	0.0	0.13636363636363635	0.0	9.727272727272727	video
3	238	0	0	0.0	0.13636363636363635	0.0	10.818181818181818	2	140	0	0	0.0	0.09090909090909091	0.0	6.363636363636363	video
3	238	0	0	0.0	0.13636363636363635	0.0	10.818181818181818	2	140	0	0	0.0	0.09090909090909091	0.0	6.363636363636363	video
27	1998	0	0	0.0	1.2272727272727273	0.0	90.81818181818181	0	0	0	0	0.0	0.0	0.0	0.0	video
4	292	0	0	0.0	0.17391304347826086	0.0	12.695652173913043	3	214	0	0	0.0	0.13043478260869565	0.0	9.304347826086957	video
3	238	0	0	0.0	0.13636363636363635	0.0	10.818181818181818	2	140	0	0	0.0	0.09090909090909091	0.0	6.363636363636363	video
3	238	0	0	0.0	0.13636363636363635	0.0	10.818181818181818	2	140	0	0	0.0	0.09090909090909091	0.0	6.363636363636363	video
27	1998	0	0	0.0	1.2272727272727273	0.0	90.81818181818181	0	0	0	0	0.0	0.0	0.0	0.0	video
4	292	0	0	0.0	0.17391304347826086	0.0	12.695652173913043	3	214	0	0	0.0	0.13043478260869565	0.0	9.304347826086957	video
3	238	0	0	0.0	0.13043478260869565	0.0	10.347826086956522	2	140	0	0	0.0	0.09090909090909091	0.0	6.363636363636363	video
3	238	0	0	0.0	0.13636363636363635	0.0	10.818181818181818	2	140	0	0	0.0	0.09090909090909091	0.0	6.363636363636363	video
27	1998	0	0	0.0	1.2272727272727273	0.0	90.81818181818181	0	0	0	0	0.0	0.0	0.0	0.0	video
4	292	0	0	0.0	0.17391304347826086	0.0	12.695652173913043	3	214	0	0	0.0	0.13043478260869565	0.0	9.304347826086957	video
3	238	0	0	0.0	0.13043478260869565	0.0	10.347826086956522	2	140	0	0	0.0	0.08695652173913043	0.0	6.086956521739131	video
3	238	0	0	0.0	0.13636363636363635	0.0	10.818181818181818	2	140	0	0	0.0	0.09090909090909091	0.0	6.363636363636363	video
27	1998	0	0	0.0	1.2272727272727273	0.0	90.81818181818181	0	0	0	0	0.0	0.0	0.0	0.0	video
4	292	0	0	0.0	0.17391304347826086	0.0	12.695652173913043	3	214	0	0	0.0	0.13043478260869565	0.0	9.304347826086957	video
3	238	0	0	0.0	0.13043478260869565	0.0	10.347826086956522	2	140	0	0	0.0	0.08695652173913043	0.0	6.086956521739131	video
3	238	0	0	0.0	0.13043478260869565	0.0	10.347826086956522	2	140	0	0	0.0	0.09090909090909091	0.0	6.363636363636363	video
27	1998	0	0	0.0	1.2272727272727273	0.0	90.81818181818181	0	0	0	0	0.0	0.0	0.0	0.0	video
4	292	0	0	0.0	0.17391304347826086	0.0	12.695652173913043	3	214	0	0	0.0	0.13043478260869565	0.0	9.304347826086957	video
3	238	0	0	0.0	0.13043478260869565	0.0	10.347826086956522	2	140	0	0	0.0	0.08695652173913043	0.0	6.086956521739131	video
3	238	0	0	0.0	0.13043478260869565	0.0	10.347826086956522	2	140	0	0	0.0	0.08695652173913043	0.0	6.086956521739131	video
27	1998	0	0	0.0	1.2272727272727273	0.0	90.81818181818181	0	0	0	0	0.0	0.0	0.0	0.0	video
4	292	0	0	0.0	0.17391304347826086	0.0	12.695652173913043	3	214	0	0	0.0	0.13043478260869565	0.0	9.304347826086957	video
3	238	0	0	0.0	0.13043478260869565	0.0	10.347826086956522	2	140	0	0	0.0	0.08695652173913043	0.0	6.086956521739131	video
3	238	0	0	0.0	0.13043478260869565	0.0	10.347826086956522	2	140	0	0	0.0	0.08695652173913043	0.0	6.086956521739131	video
27	1998	0	0	0.0	1.173913043478261	0.0	86.8695652173913	0	0	0	0	0.0	0.0	0.0	0.0	video
4	292	0	0	0.0	0.16666666666666666	0.0	12.166666666666666	3	214	0	0	0.0	0.13043478260869565	0.0	9.304347826086957	video
3	238	0	0	0.0	0.13043478260869565	0.0	10.347826086956522	2	140	0	0	0.0	0.08695652173913043	0.0	6.086956521739131	video
3	238	0	0	0.0	0.13043478260869565	0.0	10.347826086956522	2	140	0	0	0.0	0.08695652173913043	0.0	6.086956521739131	video
27	1998	0	0	0.0	1.173913043478261	0.0	86.8695652173913	0	0	0	0	0.0	0.0	0.0	0.0	video
4	292	0	0	0.0	0.16666666666666666	0.0	12.166666666666666	3	214	0	0	0.0	0.125	0.0	8.916666666666666	video
3	238	0	0	0.0	0.13043478260869565	0.0	10.347826086956522	2	140	0	0	0.0	0.08695652173913043	0.0	6.086956521739131	video
3	238	0	0	0.0	0.13043478260869565	0.0	10.347826086956522	2	140	0	0	0.0	0.08695652173913043	0.0	6.086956521739131	video
27	1998	0	0	0.0	1.173913043478261	0.0	86.8695652173913	0	0	0	0	0.0	0.0	0.0	0.0	video
4	292	0	0	0.0	0.16666666666666666	0.0	12.166666666666666	3	214	0	0	0.0	0.125	0.0	8.916666666666666	video
3	238	0	0	0.0	0.125	0.0	9.916666666666666	2	140	0	0	0.0	0.08695652173913043	0.0	6.086956521739131	video
3	238	0	0	0.0	0.13043478260869565	0.0	10.347826086956522	2	140	0	0	0.0	0.08695652173913043	0.0	6.086956521739131	video
27	1998	0	0	0.0	1.173913043478261	0.0	86.8695652173913	0	0	0	0	0.0	0.0	0.0	0.0	video
4	292	0	0	0.0	0.16666666666666666	0.0	12.166666666666666	3	214	0	0	0.0	0.125	0.0	8.916666666666666	video
3	238	0	0	0.0	0.125	0.0	9.916666666666666	2	140	0	0	0.0	0.08333333333333333	0.0	5.833333333333333	video
3	238	0	0	0.0	0.13043478260869565	0.0	10.347826086956522	2	140	0	0	0.0	0.08695652173913043	0.0	6.086956521739131	video
27	1998	0	0	0.0	1.173913043478261	0.0	86.8695652173913	0	0	0	0	0.0	0.0	0.0	0.0	video
4	292	0	0	0.0	0.16666666666666666	0.0	12.166666666666666	3	214	0	0	0.0	0.125	0.0	8.916666666666666	video
3	238	0	0	0.0	0.125	0.0	9.916666666666666	2	140	0	0	0.0	0.08333333333333333	0.0	5.833333333333333	video
3	238	0	0	0.0	0.125	0.0	9.916666666666666	2	140	0	0	0.0	0.08695652173913043	0.0	6.086956521739131	video
27	1998	0	0	0.0	1.173913043478261	0.0	86.8695652173913	0	0	0	0	0.0	0.0	0.0	0.0	video
4	292	0	0	0.0	0.16666666666666666	0.0	12.166666666666666	3	214	0	0	0.0	0.125	0.0	8.916666666666666	video
3	238	0	0	0.0	0.125	0.0	9.916666666666666	2	140	0	0	0.0	0.08333333333333333	0.0	5.833333333333333	video
3	238	0	0	0.0	0.125	0.0	9.916666666666666	2	140	0	0	0.0	0.08333333333333333	0.0	5.833333333333333	video
27	1998	0	0	0.0	1.173913043478261	0.0	86.8695652173913	0	0	0	0	0.0	0.0	0.0	0.0	video
4	292	0	0	0.0	0.16666666666666666	0.0	12.166666666666666	3	214	0	0	0.0	0.125	0.0	8.916666666666666	video
3	238	0	0	0.0	0.125	0.0	9.916666666666666	2	140	0	0	0.0	0.08333333333333333	0.0	5.833333333333333	video
3	238	0	0	0.0	0.125	0.0	9.916666666666666	2	140	0	0	0.0	0.08333333333333333	0.0	5.833333333333333	video
27	1998	0	0	0.0	1.125	0.0	83.25	0	0	0	0	0.0	0.0	0.0	0.0	video
4	292	0	0	0.0	0.16	0.0	11.68	3	214	0	0	0.0	0.125	0.0	8.916666666666666	video
3	238	0	0	0.0	0.125	0.0	9.916666666666666	2	140	0	0	0.0	0.08333333333333333	0.0	5.833333333333333	video
3	238	0	0	0.0	0.125	0.0	9.916666666666666	2	140	0	0	0.0	0.08333333333333333	0.0	5.833333333333333	video
27	1998	0	0	0.0	1.125	0.0	83.25	0	0	0	0	0.0	0.0	0.0	0.0	video
4	292	0	0	0.0	0.16	0.0	11.68	3	214	0	0	0.0	0.12	0.0	8.56	video
3	238	0	0	0.0	0.125	0.0	9.916666666666666	2	140	0	0	0.0	0.08333333333333333	0.0	5.833333333333333	video
3	238	0	0	0.0	0.125	0.0	9.916666666666666	2	140	0	0	0.0	0.08333333333333333	0.0	5.833333333333333	video
27	1998	0	0	0.0	1.125	0.0	83.25	0	0	0	0	0.0	0.0	0.0	0.0	video
4	292	0	0	0.0	0.16	0.0	11.68	3	214	0	0	0.0	0.12	0.0	8.56	video
3	238	0	0	0.0	0.12	0.0	9.52	2	140	0	0	0.0	0.08333333333333333	0.0	5.833333333333333	video
3	238	0	0	0.0	0.125	0.0	9.916666666666666	2	140	0	0	0.0	0.08333333333333333	0.0	5.833333333333333	video
27	1998	0	0	0.0	1.125	0.0	83.25	0	0	0	0	0.0	0.0	0.0	0.0	video
4	292	0	0	0.0	0.16	0.0	11.68	3	214	0	0	0.0	0.12	0.0	8.56	video
3	238	0	0	0.0	0.12	0.0	9.52	2	140	0	0	0.0	0.08	0.0	5.6	video
3	238	0	0	0.0	0.125	0.0	9.916666666666666	2	140	0	0	0.0	0.08333333333333333	0.0	5.833333333333333	video
27	1998	0	0	0.0	1.125	0.0	83.25	0	0	0	0	0.0	0.0	0.0	0.0	video
4	292	0	0	0.0	0.16	0.0	11.68	3	214	0	0	0.0	0.12	0.0	8.56	video
3	238	0	0	0.0	0.12	0.0	9.52	2	140	0	0	0.0	0.08	0.0	5.6	video
3	238	0	0	0.0	0.12	0.0	9.52	2	140	0	0	0.0	0.08333333333333333	0.0	5.833333333333333	video
27	1998	0	0	0.0	1.125	0.0	83.25	0	0	0	0	0.0	0.0	0.0	0.0	video
4	292	0	0	0.0	0.16	0.0	11.68	3	214	0	0	0.0	0.12	0.0	8.56	video
3	238	0	0	0.0	0.12	0.0	9.52	2	140	0	0	0.0	0.08	0.0	5.6	video
3	238	0	0	0.0	0.12	0.0	9.52	2	140	0	0	0.0	0.08	0.0	5.6	video
27	1998	0	0	0.0	1.125	0.0	83.25	0	0	0	0	0.0	0.0	0.0	0.0	video
4	292	0	0	0.0	0.16	0.0	11.68	3	214	0	0	0.0	0.12	0.0	8.56	video
3	238	0	0	0.0	0.12	0.0	9.52	2	140	0	0	0.0	0.08	0.0	5.6	video
3	238	0	0	0.0	0.12	0.0	9.52	2	140	0	0	0.0	0.08	0.0	5.6	video
27	1998	0	0	0.0	1.08	0.0	79.92	0	0	0	0	0.0	0.0	0.0	0.0	video
4	292	0	0	0.0	0.15384615384615385	0.0	11.23076923076923	3	214	0	0	0.0	0.12	0.0	8.56	video
3	238	0	0	0.0	0.12	0.0	9.52	2	140	0	0	0.0	0.08	0.0	5.6	video
3	238	0	0	0.0	0.12	0.0	9.52	2	140	0	0	0.0	0.08	0.0	5.6	video
27	1998	0	0	0.0	1.08	0.0	79.92	0	0	0	0	0.0	0.0	0.0	0.0	video
4	292	0	0	0.0	0.15384615384615385	0.0	11.23076923076923	3	214	0	0	0.0	0.11538461538461539	0.0	8.23076923076923	video
3	238	0	0	0.0	0.12	0.0	9.52	2	140	0	0	0.0	0.08	0.0	5.6	video
3	238	0	0	0.0	0.12	0.0	9.52	2	140	0	0	0.0	0.08	0.0	5.6	video
27	1998	0	0	0.0	1.08	0.0	79.92	0	0	0	0	0.0	0.0	0.0	0.0	video
4	292	0	0	0.0	0.15384615384615385	0.0	11.23076923076923	3	214	0	0	0.0	0.11538461538461539	0.0	8.23076923076923	video
3	238	0	0	0.0	0.11538461538461539	0.0	9.153846153846153	2	140	0	0	0.0	0.08	0.0	5.6	video
3	238	0	0	0.0	0.12	0.0	9.52	2	140	0	0	0.0	0.08	0.0	5.6	video
27	1998	0	0	0.0	1.08	0.0	79.92	0	0	0	0	0.0	0.0	0.0	0.0	video
4	292	0	0	0.0	0.15384615384615385	0.0	11.23076923076923	3	214	0	0	0.0	0.11538461538461539	0.0	8.23076923076923	video
3	238	0	0	0.0	0.11538461538461539	0.0	9.153846153846153	2	140	0	0	0.0	0.07692307692307693	0.0	5.384615384615385	video
3	238	0	0	0.0	0.12	0.0	9.52	2	140	0	0	0.0	0.08	0.0	5.6	video
27	1998	0	0	0.0	1.08	0.0	79.92	0	0	0	0	0.0	0.0	0.0	0.0	video
4	292	0	0	0.0	0.15384615384615385	0.0	11.23076923076923	3	214	0	0	0.0	0.11538461538461539	0.0	8.23076923076923	video
3	238	0	0	0.0	0.11538461538461539	0.0	9.153846153846153	2	140	0	0	0.0	0.07692307692307693	0.0	5.384615384615385	video
3	238	0	0	0.0	0.11538461538461539	0.0	9.153846153846153	2	140	0	0	0.0	0.08	0.0	5.6	video
27	1998	0	0	0.0	1.08	0.0	79.92	0	0	0	0	0.0	0.0	0.0	0.0	video
4	292	0	0	0.0	0.15384615384615385	0.0	11.23076923076923	3	214	0	0	0.0	0.11538461538461539	0.0	8.23076923076923	video
3	238	0	0	0.0	0.11538461538461539	0.0	9.153846153846153	2	140	0	0	0.0	0.07692307692307693	0.0	5.384615384615385	video
3	238	0	0	0.0	0.11538461538461539	0.0	9.153846153846153	2	140	0	0	0.0	0.07692307692307693	0.0	5.384615384615385	video
27	1998	0	0	0.0	1.08	0.0	79.92	0	0	0	0	0.0	0.0	0.0	0.0	video
4	292	0	0	0.0	0.15384615384615385	0.0	11.23076923076923	3	214	0	0	0.0	0.11538461538461539	0.0	8.23076923076923	video
3	238	0	0	0.0	0.11538461538461539	0.0	9.153846153846153	2	140	0	0	0.0	0.07692307692307693	0.0	5.384615384615385	video
3	238	0	0	0.0	0.11538461538461539	0.0	9.153846153846153	2	140	0	0	0.0	0.07692307692307693	0.0	5.384615384615385	video
27	1998	0	0	0.0	1.0384615384615385	0.0	76.84615384615384	0	0	0	0	0.0	0.0	0.0	0.0	video
4	292	0	0	0.0	0.14814814814814814	0.0	10.814814814814815	3	214	0	0	0.0	0.11538461538461539	0.0	8.23076923076923	video
3	238	0	0	0.0	0.11538461538461539	0.0	9.153846153846153	2	140	0	0	0.0	0.07692307692307693	0.0	5.384615384615385	video
3	238	0	0	0.0	0.11538461538461539	0.0	9.153846153846153	2	140	0	0	0.0	0.07692307692307693	0.0	5.384615384615385	video
27	1998	0	0	0.0	1.0384615384615385	0.0	76.84615384615384	0	0	0	0	0.0	0.0	0.0	0.0	video
4	292	0	0	0.0	0.14814814814814814	0.0	10.814814814814815	3	214	0	0	0.0	0.1111111111111111	0.0	7.925925925925926	video
3	238	0	0	0.0	0.11538461538461539	0.0	9.153846153846153	2	140	0	0	0.0	0.07692307692307693	0.0	5.384615384615385	video
3	238	0	0	0.0	0.11538461538461539	0.0	9.153846153846153	2	140	0	0	0.0	0.07692307692307693	0.0	5.384615384615385	video
27	1998	0	0	0.0	1.0384615384615385	0.0	76.84615384615384	0	0	0	0	0.0	0.0	0.0	0.0	video
4	292	0	0	0.0	0.14814814814814814	0.0	10.814814814814815	3	214	0	0	0.0	0.1111111111111111	0.0	7.925925925925926	video
3	238	0	0	0.0	0.1111111111111111	0.0	8.814814814814815	2	140	0	0	0.0	0.07692307692307693	0.0	5.384615384615385	video
3	238	0	0	0.0	0.11538461538461539	0.0	9.153846153846153	2	140	0	0	0.0	0.07692307692307693	0.0	5.384615384615385	video
27	1998	0	0	0.0	1.0384615384615385	0.0	76.84615384615384	0	0	0	0	0.0	0.0	0.0	0.0	video
4	292	0	0	0.0	0.14814814814814814	0.0	10.814814814814815	3	214	0	0	0.0	0.1111111111111111	0.0	7.925925925925926	video
3	238	0	0	0.0	0.1111111111111111	0.0	8.814814814814815	2	140	0	0	0.0	0.07407407407407407	0.0	5.185185185185185	video
3	238	0	0	0.0	0.11538461538461539	0.0	9.153846153846153	2	140	0	0	0.0	0.07692307692307693	0.0	5.384615384615385	video
27	1998	0	0	0.0	1.0384615384615385	0.0	76.84615384615384	0	0	0	0	0.0	0.0	0.0	0.0	video
4	292	0	0	0.0	0.14814814814814814	0.0	10.814814814814815	3	214	0	0	0.0	0.1111111111111111	0.0	7.925925925925926	video
3	238	0	0	0.0	0.1111111111111111	0.0	8.814814814814815	2	140	0	0	0.0	0.07407407407407407	0.0	5.185185185185185	video
3	238	0	0	0.0	0.1111111111111111	0.0	8.814814814814815	2	140	0	0	0.0	0.07692307692307693	0.0	5.384615384615385	video
27	1998	0	0	0.0	1.0384615384615385	0.0	76.84615384615384	0	0	0	0	0.0	0.0	0.0	0.0	video
4	292	0	0	0.0	0.14814814814814814	0.0	10.814814814814815	3	214	0	0	0.0	0.1111111111111111	0.0	7.925925925925926	video
3	238	0	0	0.0	0.1111111111111111	0.0	8.814814814814815	2	140	0	0	0.0	0.07407407407407407	0.0	5.185185185185185	video
3	238	0	0	0.0	0.1111111111111111	0.0	8.814814814814815	2	140	0	0	0.0	0.07407407407407407	0.0	5.185185185185185	video
27	1998	0	0	0.0	1.0384615384615385	0.0	76.84615384615384	0	0	0	0	0.0	0.0	0.0	0.0	video
4	292	0	0	0.0	0.14814814814814814	0.0	10.814814814814815	3	214	0	0	0.0	0.1111111111111111	0.0	7.925925925925926	video
3	238	0	0	0.0	0.1111111111111111	0.0	8.814814814814815	2	140	0	0	0.0	0.07407407407407407	0.0	5.185185185185185	video
3	238	0	0	0.0	0.1111111111111111	0.0	8.814814814814815	2	140	0	0	0.0	0.07407407407407407	0.0	5.185185185185185	video
27	1998	0	0	0.0	1.0	0.0	74.0	0	0	0	0	0.0	0.0	0.0	0.0	video
4	292	0	0	0.0	0.14285714285714285	0.0	10.428571428571429	3	214	0	0	0.0	0.1111111111111111	0.0	7.925925925925926	video
3	238	0	0	0.0	0.1111111111111111	0.0	8.814814814814815	2	140	0	0	0.0	0.07407407407407407	0.0	5.185185185185185	video
3	238	0	0	0.0	0.1111111111111111	0.0	8.814814814814815	2	140	0	0	0.0	0.07407407407407407	0.0	5.185185185185185	video
27	1998	0	0	0.0	1.0	0.0	74.0	0	0	0	0	0.0	0.0	0.0	0.0	video
4	292	0	0	0.0	0.14285714285714285	0.0	10.428571428571429	3	214	0	0	0.0	0.10714285714285714	0.0	7.642857142857143	video
3	238	0	0	0.0	0.1111111111111111	0.0	8.814814814814815	2	140	0	0	0.0	0.07407407407407407	0.0	5.185185185185185	video
3	238	0	0	0.0	0.1111111111111111	0.0	8.814814814814815	2	140	0	0	0.0	0.07407407407407407	0.0	5.185185185185185	video
27	1998	0	0	0.0	1.0	0.0	74.0	0	0	0	0	0.0	0.0	0.0	0.0	video
4	292	0	0	0.0	0.14285714285714285	0.0	10.428571428571429	3	214	0	0	0.0	0.10714285714285714	0.0	7.642857142857143	video
3	238	0	0	0.0	0.10714285714285714	0.0	8.5	2	140	0	0	0.0	0.07407407407407407	0.0	5.185185185185185	video
3	238	0	0	0.0	0.1111111111111111	0.0	8.814814814814815	2	140	0	0	0.0	0.07407407407407407	0.0	5.185185185185185	video
27	1998	0	0	0.0	1.0	0.0	74.0	0	0	0	0	0.0	0.0	0.0	0.0	video
4	292	0	0	0.0	0.14285714285714285	0.0	10.428571428571429	3	214	0	0	0.0	0.10714285714285714	0.0	7.642857142857143	video
3	238	0	0	0.0	0.10714285714285714	0.0	8.5	2	140	0	0	0.0	0.07142857142857142	0.0	5.0	video
3	238	0	0	0.0	0.1111111111111111	0.0	8.814814814814815	2	140	0	0	0.0	0.07407407407407407	0.0	5.185185185185185	video
27	1998	0	0	0.0	1.0	0.0	74.0	0	0	0	0	0.0	0.0	0.0	0.0	video
4	292	0	0	0.0	0.14285714285714285	0.0	10.428571428571429	3	214	0	0	0.0	0.10714285714285714	0.0	7.642857142857143	video
3	238	0	0	0.0	0.10714285714285714	0.0	8.5	2	140	0	0	0.0	0.07142857142857142	0.0	5.0	video
3	238	0	0	0.0	0.10714285714285714	0.0	8.5	2	140	0	0	0.0	0.07407407407407407	0.0	5.185185185185185	video
27	1998	0	0	0.0	1.0	0.0	74.0	0	0	0	0	0.0	0.0	0.0	0.0	video
4	292	0	0	0.0	0.14285714285714285	0.0	10.428571428571429	3	214	0	0	0.0	0.10714285714285714	0.0	7.642857142857143	video
3	238	0	0	0.0	0.10714285714285714	0.0	8.5	2	140	0	0	0.0	0.07142857142857142	0.0	5.0	video
3	238	0	0	0.0	0.10714285714285714	0.0	8.5	2	140	0	0	0.0	0.07142857142857142	0.0	5.0	video
27	1998	0	0	0.0	1.0	0.0	74.0	0	0	0	0	0.0	0.0	0.0	0.0	video
4	292	0	0	0.0	0.14285714285714285	0.0	10.428571428571429	3	214	0	0	0.0	0.10714285714285714	0.0	7.642857142857143	video
3	238	0	0	0.0	0.10714285714285714	0.0	8.5	2	140	0	0	0.0	0.07142857142857142	0.0	5.0	video
3	238	0	0	0.0	0.10714285714285714	0.0	8.5	2	140	0	0	0.0	0.07142857142857142	0.0	5.0	video
28	2068	1	70	1.0	1.0	70.0	73.85714285714286	0	0	0	0	0.0	0.0	0.0	0.0	video
4	292	0	0	0.0	0.13793103448275862	0.0	10.068965517241379	3	214	0	0	0.0	0.10714285714285714	0.0	7.642857142857143	video
3	238	0	0	0.0	0.10714285714285714	0.0	8.5	2	140	0	0	0.0	0.07142857142857142	0.0	5.0	video
3	238	0	0	0.0	0.10714285714285714	0.0	8.5	2	140	0	0	0.0	0.07142857142857142	0.0	5.0	video
28	2068	1	70	1.0	1.0	70.0	73.85714285714286	0	0	0	0	0.0	0.0	0.0	0.0	video
4	292	0	0	0.0	0.13793103448275862	0.0	10.068965517241379	3	214	0	0	0.0	0.10344827586206896	0.0	7.379310344827586	video
3	238	0	0	0.0	0.10714285714285714	0.0	8.5	2	140	0	0	0.0	0.07142857142857142	0.0	5.0	video
3	238	0	0	0.0	0.10714285714285714	0.0	8.5	2	140	0	0	0.0	0.07142857142857142	0.0	5.0	video
28	2068	1	70	1.0	1.0	70.0	73.85714285714286	0	0	0	0	0.0	0.0	0.0	0.0	video
4	292	0	0	0.0	0.13793103448275862	0.0	10.068965517241379	3	214	0	0	0.0	0.10344827586206896	0.0	7.379310344827586	video
3	238	0	0	0.0	0.10344827586206896	0.0	8.206896551724139	2	140	0	0	0.0	0.07142857142857142	0.0	5.0	video
3	238	0	0	0.0	0.10714285714285714	0.0	8.5	2	140	0	0	0.0	0.07142857142857142	0.0	5.0	video
28	2068	1	70	1.0	1.0	70.0	73.85714285714286	0	0	0	0	0.0	0.0	0.0	0.0	video
4	292	0	0	0.0	0.13793103448275862	0.0	10.068965517241379	3	214	0	0	0.0	0.10344827586206896	0.0	7.379310344827586	video
3	238	0	0	0.0	0.10344827586206896	0.0	8.206896551724139	2	140	0	0	0.0	0.06896551724137931	0.0	4.827586206896552	video
3	238	0	0	0.0	0.10714285714285714	0.0	8.5	2	140	0	0	0.0	0.07142857142857142	0.0	5.0	video
28	2068	1	70	1.0	1.0	70.0	73.85714285714286	0	0	0	0	0.0	0.0	0.0	0.0	video
4	292	0	0	0.0	0.13793103448275862	0.0	10.068965517241379	3	214	0	0	0.0	0.10344827586206896	0.0	7.379310344827586	video
3	238	0	0	0.0	0.10344827586206896	0.0	8.206896551724139	2	140	0	0	0.0	0.06896551724137931	0.0	4.827586206896552	video
3	238	0	0	0.0	0.10344827586206896	0.0	8.206896551724139	2	140	0	0	0.0	0.07142857142857142	0.0	5.0	video
28	2068	1	70	1.0	1.0	70.0	73.85714285714286	0	0	0	0	0.0	0.0	0.0	0.0	video
4	292	0	0	0.0	0.13793103448275862	0.0	10.068965517241379	3	214	0	0	0.0	0.10344827586206896	0.0	7.379310344827586	video
3	238	0	0	0.0	0.10344827586206896	0.0	8.206896551724139	2	140	0	0	0.0	0.06896551724137931	0.0	4.827586206896552	video
3	238	0	0	0.0	0.10344827586206896	0.0	8.206896551724139	2	140	0	0	0.0	0.06896551724137931	0.0	4.827586206896552	video
28	2068	1	70	1.0	1.0	70.0	73.85714285714286	0	0	0	0	0.0	0.0	0.0	0.0	video
4	292	0	0	0.0	0.13793103448275862	0.0	10.068965517241379	3	214	0	0	0.0	0.10344827586206896	0.0	7.379310344827586	video
3	238	0	0	0.0	0.10344827586206896	0.0	8.206896551724139	2	140	0	0	0.0	0.06896551724137931	0.0	4.827586206896552	video
3	238	0	0	0.0	0.10344827586206896	0.0	8.206896551724139	2	140	0	0	0.0	0.06896551724137931	0.0	4.827586206896552	video
28	2068	0	0	0.0	0.9655172413793104	0.0	71.3103448275862	0	0	0	0	0.0	0.0	0.0	0.0	video
4	292	0	0	0.0	0.13333333333333333	0.0	9.733333333333333	3	214	0	0	0.0	0.10344827586206896	0.0	7.379310344827586	video
3	238	0	0	0.0	0.10344827586206896	0.0	8.206896551724139	2	140	0	0	0.0	0.06896551724137931	0.0	4.827586206896552	video
3	238	0	0	0.0	0.10344827586206896	0.0	8.206896551724139	2	140	0	0	0.0	0.06896551724137931	0.0	4.827586206896552	video
28	2068	0	0	0.0	0.9655172413793104	0.0	71.3103448275862	0	0	0	0	0.0	0.0	0.0	0.0	video
4	292	0	0	0.0	0.13333333333333333	0.0	9.733333333333333	3	214	0	0	0.0	0.1	0.0	7.133333333333334	video
3	238	0	0	0.0	0.10344827586206896	0.0	8.206896551724139	2	140	0	0	0.0	0.06896551724137931	0.0	4.827586206896552	video
3	238	0	0	0.0	0.10344827586206896	0.0	8.206896551724139	2	140	0	0	0.0	0.06896551724137931	0.0	4.827586206896552	video
28	2068	0	0	0.0	0.9655172413793104	0.0	71.3103448275862	0	0	0	0	0.0	0.0	0.0	0.0	video
4	292	0	0	0.0	0.13333333333333333	0.0	9.733333333333333	3	214	0	0	0.0	0.1	0.0	7.133333333333334	video
3	238	0	0	0.0	0.1	0.0	7.933333333333334	2	140	0	0	0.0	0.06896551724137931	0.0	4.827586206896552	video
3	238	0	0	0.0	0.10344827586206896	0.0	8.206896551724139	2	140	0	0	0.0	0.06896551724137931	0.0	4.827586206896552	video
28	2068	0	0	0.0	0.9655172413793104	0.0	71.3103448275862	0	0	0	0	0.0	0.0	0.0	0.0	video
4	292	0	0	0.0	0.13333333333333333	0.0	9.733333333333333	3	214	0	0	0.0	0.1	0.0	7.133333333333334	video
3	238	0	0	0.0	0.1	0.0	7.933333333333334	2	140	0	0	0.0	0.06666666666666667	0.0	4.666666666666667	video
3	238	0	0	0.0	0.10344827586206896	0.0	8.206896551724139	2	140	0	0	0.0	0.06896551724137931	0.0	4.827586206896552	video
28	2068	0	0	0.0	0.9655172413793104	0.0	71.3103448275862	0	0	0	0	0.0	0.0	0.0	0.0	video
4	292	0	0	0.0	0.13333333333333333	0.0	9.733333333333333	3	214	0	0	0.0	0.1	0.0	7.133333333333334	video
3	238	0	0	0.0	0.1	0.0	7.933333333333334	2	140	0	0	0.0	0.06666666666666667	0.0	4.666666666666667	video
3	238	0	0	0.0	0.1	0.0	7.933333333333334	2	140	0	0	0.0	0.06896551724137931	0.0	4.827586206896552	video
28	2068	0	0	0.0	0.9655172413793104	0.0	71.3103448275862	0	0	0	0	0.0	0.0	0.0	0.0	video
4	292	0	0	0.0	0.13333333333333333	0.0	9.733333333333333	3	214	0	0	0.0	0.1	0.0	7.133333333333334	video
3	238	0	0	0.0	0.1	0.0	7.933333333333334	2	140	0	0	0.0	0.06666666666666667	0.0	4.666666666666667	video
3	238	0	0	0.0	0.1	0.0	7.933333333333334	2	140	0	0	0.0	0.06666666666666667	0.0	4.666666666666667	video
28	2068	0	0	0.0	0.9655172413793104	0.0	71.3103448275862	0	0	0	0	0.0	0.0	0.0	0.0	video
4	292	0	0	0.0	0.13333333333333333	0.0	9.733333333333333	3	214	0	0	0.0	0.1	0.0	7.133333333333334	video
3	238	0	0	0.0	0.1	0.0	7.933333333333334	2	140	0	0	0.0	0.06666666666666667	0.0	4.666666666666667	video
3	238	0	0	0.0	0.1	0.0	7.933333333333334	2	140	0	0	0.0	0.06666666666666667	0.0	4.666666666666667	video
29	2138	1	70	1.0	0.9666666666666667	70.0	71.26666666666667	0	0	0	0	0.0	0.0	0.0	0.0	video
4	292	0	0	0.0	0.125	0.0	9.125	3	214	0	0	0.0	0.1	0.0	7.133333333333334	video
3	238	0	0	0.0	0.1	0.0	7.933333333333334	2	140	0	0	0.0	0.06666666666666667	0.0	4.666666666666667	video
3	238	0	0	0.0	0.1	0.0	7.933333333333334	2	140	0	0	0.0	0.06666666666666667	0.0	4.666666666666667	video
29	2138	1	70	1.0	0.9666666666666667	70.0	71.26666666666667	0	0	0	0	0.0	0.0	0.0	0.0	video
4	292	0	0	0.0	0.125	0.0	9.125	3	214	0	0	0.0	0.09375	0.0	6.6875	video
3	238	0	0	0.0	0.1	0.0	7.933333333333334	2	140	0	0	0.0	0.06666666666666667	0.0	4.666666666666667	video
3	238	0	0	0.0	0.1	0.0	7.933333333333334	2	140	0	0	0.0	0.06666666666666667	0.0	4.666666666666667	video
29	2138	1	70	1.0	0.9666666666666667	70.0	71.26666666666667	0	0	0	0	0.0	0.0	0.0	0.0	video
4	292	0	0	0.0	0.125	0.0	9.125	3	214	0	0	0.0	0.09375	0.0	6.6875	video
3	238	0	0	0.0	0.09375	0.0	7.4375	2	140	0	0	0.0	0.06666666666666667	0.0	4.666666666666667	video
3	238	0	0	0.0	0.1	0.0	7.933333333333334	2	140	0	0	0.0	0.06666666666666667	0.0	4.666666666666667	video
29	2138	1	70	1.0	0.9666666666666667	70.0	71.26666666666667	0	0	0	0	0.0	0.0	0.0	0.0	video
4	292	0	0	0.0	0.125	0.0	9.125	3	214	0	0	0.0	0.09375	0.0	6.6875	video
3	238	0	0	0.0	0.09375	0.0	7.4375	2	140	0	0	0.0	0.0625	0.0	4.375	video
3	238	0	0	0.0	0.1	0.0	7.933333333333334	2	140	0	0	0.0	0.06666666666666667	0.0	4.666666666666667	video
29	2138	1	70	1.0	0.9666666666666667	70.0	71.26666666666667	0	0	0	0	0.0	0.0	0.0	0.0	video
4	292	0	0	0.0	0.125	0.0	9.125	3	214	0	0	0.0	0.09375	0.0	6.6875	video
3	238	0	0	0.0	0.09375	0.0	7.4375	2	140	0	0	0.0	0.0625	0.0	4.375	video
3	238	0	0	0.0	0.09375	0.0	7.4375	2	140	0	0	0.0	0.06666666666666667	0.0	4.666666666666667	video
29	2138	1	70	1.0	0.9666666666666667	70.0	71.26666666666667	0	0	0	0	0.0	0.0	0.0	0.0	video
4	292	0	0	0.0	0.125	0.0	9.125	3	214	0	0	0.0	0.09375	0.0	6.6875	video
3	238	0	0	0.0	0.09375	0.0	7.4375	2	140	0	0	0.0	0.0625	0.0	4.375	video
3	238	0	0	0.0	0.09375	0.0	7.4375	2	140	0	0	0.0	0.0625	0.0	4.375	video
29	2138	1	70	1.0	0.9666666666666667	70.0	71.26666666666667	0	0	0	0	0.0	0.0	0.0	0.0	video
4	292	0	0	0.0	0.125	0.0	9.125	3	214	0	0	0.0	0.09375	0.0	6.6875	video
3	238	0	0	0.0	0.09375	0.0	7.4375	2	140	0	0	0.0	0.0625	0.0	4.375	video
3	238	0	0	0.0	0.09375	0.0	7.4375	2	140	0	0	0.0	0.0625	0.0	4.375	video
29	2138	0	0	0.0	0.90625	0.0	66.8125	0	0	0	0	0.0	0.0	0.0	0.0	video
4	292	0	0	0.0	0.12121212121212122	0.0	8.848484848484848	3	214	0	0	0.0	0.09375	0.0	6.6875	video
3	238	0	0	0.0	0.09375	0.0	7.4375	2	140	0	0	0.0	0.0625	0.0	4.375	video
3	238	0	0	0.0	0.09375	0.0	7.4375	2	140	0	0	0.0	0.0625	0.0	4.375	video
29	2138	0	0	0.0	0.90625	0.0	66.8125	0	0	0	0	0.0	0.0	0.0	0.0	video
4	292	0	0	0.0	0.12121212121212122	0.0	8.848484848484848	3	214	0	0	0.0	0.09090909090909091	0.0	6.484848484848484	video
3	238	0	0	0.0	0.09375	0.0	7.4375	2	140	0	0	0.0	0.0625	0.0	4.375	video
3	238	0	0	0.0	0.09375	0.0	7.4375	2	140	0	0	0.0	0.0625	0.0	4.375	video
29	2138	0	0	0.0	0.90625	0.0	66.8125	0	0	0	0	0.0	0.0	0.0	0.0	video
4	292	0	0	0.0	0.12121212121212122	0.0	8.848484848484848	3	214	0	0	0.0	0.09090909090909091	0.0	6.484848484848484	video
3	238	0	0	0.0	0.09090909090909091	0.0	7.212121212121212	2	140	0	0	0.0	0.0625	0.0	4.375	video
3	238	0	0	0.0	0.09375	0.0	7.4375	2	140	0	0	0.0	0.0625	0.0	4.375	video
29	2138	0	0	0.0	0.90625	0.0	66.8125	0	0	0	0	0.0	0.0	0.0	0.0	video
4	292	0	0	0.0	0.12121212121212122	0.0	8.848484848484848	3	214	0	0	0.0	0.09090909090909091	0.0	6.484848484848484	video
3	238	0	0	0.0	0.09090909090909091	0.0	7.212121212121212	2	140	0	0	0.0	0.06060606060606061	0.0	4.242424242424242	video
3	238	0	0	0.0	0.09375	0.0	7.4375	2	140	0	0	0.0	0.0625	0.0	4.375	video
29	2138	0	0	0.0	0.90625	0.0	66.8125	0	0	0	0	0.0	0.0	0.0	0.0	video
4	292	0	0	0.0	0.12121212121212122	0.0	8.848484848484848	3	214	0	0	0.0	0.09090909090909091	0.0	6.484848484848484	video
3	238	0	0	0.0	0.09090909090909091	0.0	7.212121212121212	2	140	0	0	0.0	0.06060606060606061	0.0	4.242424242424242	video
3	238	0	0	0.0	0.09090909090909091	0.0	7.212121212121212	2	140	0	0	0.0	0.0625	0.0	4.375	video
29	2138	0	0	0.0	0.90625	0.0	66.8125	0	0	0	0	0.0	0.0	0.0	0.0	video
4	292	0	0	0.0	0.12121212121212122	0.0	8.848484848484848	3	214	0	0	0.0	0.09090909090909091	0.0	6.484848484848484	video
3	238	0	0	0.0	0.09090909090909091	0.0	7.212121212121212	2	140	0	0	0.0	0.06060606060606061	0.0	4.242424242424242	video
3	238	0	0	0.0	0.09090909090909091	0.0	7.212121212121212	2	140	0	0	0.0	0.06060606060606061	0.0	4.242424242424242	video
29	2138	0	0	0.0	0.90625	0.0	66.8125	0	0	0	0	0.0	0.0	0.0	0.0	video
4	292	0	0	0.0	0.12121212121212122	0.0	8.848484848484848	3	214	0	0	0.0	0.09090909090909091	0.0	6.484848484848484	video
3	238	0	0	0.0	0.09090909090909091	0.0	7.212121212121212	2	140	0	0	0.0	0.06060606060606061	0.0	4.242424242424242	video
3	238	0	0	0.0	0.09090909090909091	0.0	7.212121212121212	2	140	0	0	0.0	0.06060606060606061	0.0	4.242424242424242	video
30	2208	1	70	1.0	0.9090909090909091	70.0	66.9090909090909	0	0	0	0	0.0	0.0	0.0	0.0	video
4	292	0	0	0.0	0.11764705882352941	0.0	8.588235294117647	3	214	0	0	0.0	0.09090909090909091	0.0	6.484848484848484	video
3	238	0	0	0.0	0.09090909090909091	0.0	7.212121212121212	2	140	0	0	0.0	0.06060606060606061	0.0	4.242424242424242	video
3	238	0	0	0.0	0.09090909090909091	0.0	7.212121212121212	2	140	0	0	0.0	0.06060606060606061	0.0	4.242424242424242	video
30	2208	1	70	1.0	0.9090909090909091	70.0	66.9090909090909	0	0	0	0	0.0	0.0	0.0	0.0	video
4	292	0	0	0.0	0.11764705882352941	0.0	8.588235294117647	3	214	0	0	0.0	0.08823529411764706	0.0	6.294117647058823	video
3	238	0	0	0.0	0.09090909090909091	0.0	7.212121212121212	2	140	0	0	0.0	0.06060606060606061	0.0	4.242424242424242	video
3	238	0	0	0.0	0.09090909090909091	0.0	7.212121212121212	2	140	0	0	0.0	0.06060606060606061	0.0	4.242424242424242	video
30	2208	1	70	1.0	0.9090909090909091	70.0	66.9090909090909	0	0	0	0	0.0	0.0	0.0	0.0	video
4	292	0	0	0.0	0.11764705882352941	0.0	8.588235294117647	3	214	0	0	0.0	0.08823529411764706	0.0	6.294117647058823	video
3	238	0	0	0.0	0.08823529411764706	0.0	7.0	2	140	0	0	0.0	0.06060606060606061	0.0	4.242424242424242	video
3	238	0	0	0.0	0.09090909090909091	0.0	7.212121212121212	2	140	0	0	0.0	0.06060606060606061	0.0	4.242424242424242	video
30	2208	1	70	1.0	0.9090909090909091	70.0	66.9090909090909	0	0	0	0	0.0	0.0	0.0	0.0	video
4	292	0	0	0.0	0.11764705882352941	0.0	8.588235294117647	3	214	0	0	0.0	0.08823529411764706	0.0	6.294117647058823	video
3	238	0	0	0.0	0.08823529411764706	0.0	7.0	2	140	0	0	0.0	0.058823529411764705	0.0	4.117647058823529	video
3	238	0	0	0.0	0.09090909090909091	0.0	7.212121212121212	2	140	0	0	0.0	0.06060606060606061	0.0	4.242424242424242	video
30	2208	1	70	1.0	0.9090909090909091	70.0	66.9090909090909	0	0	0	0	0.0	0.0	0.0	0.0	video
4	292	0	0	0.0	0.11764705882352941	0.0	8.588235294117647	3	214	0	0	0.0	0.08823529411764706	0.0	6.294117647058823	video
3	238	0	0	0.0	0.08823529411764706	0.0	7.0	2	140	0	0	0.0	0.058823529411764705	0.0	4.117647058823529	video
3	238	0	0	0.0	0.08823529411764706	0.0	7.0	2	140	0	0	0.0	0.06060606060606061	0.0	4.242424242424242	video
30	2208	1	70	1.0	0.9090909090909091	70.0	66.9090909090909	0	0	0	0	0.0	0.0	0.0	0.0	video
4	292	0	0	0.0	0.11764705882352941	0.0	8.588235294117647	3	214	0	0	0.0	0.08823529411764706	0.0	6.294117647058823	video
3	238	0	0	0.0	0.08823529411764706	0.0	7.0	2	140	0	0	0.0	0.058823529411764705	0.0	4.117647058823529	video
3	238	0	0	0.0	0.08823529411764706	0.0	7.0	2	140	0	0	0.0	0.058823529411764705	0.0	4.117647058823529	video
30	2208	1	70	1.0	0.9090909090909091	70.0	66.9090909090909	0	0	0	0	0.0	0.0	0.0	0.0	video
4	292	0	0	0.0	0.11764705882352941	0.0	8.588235294117647	3	214	0	0	0.0	0.08823529411764706	0.0	6.294117647058823	video
3	238	0	0	0.0	0.08823529411764706	0.0	7.0	2	140	0	0	0.0	0.058823529411764705	0.0	4.117647058823529	video
3	238	0	0	0.0	0.08823529411764706	0.0	7.0	2	140	0	0	0.0	0.058823529411764705	0.0	4.117647058823529	video
30	2208	0	0	0.0	0.8823529411764706	0.0	64.94117647058823	0	0	0	0	0.0	0.0	0.0	0.0	video
4	292	0	0	0.0	0.11428571428571428	0.0	8.342857142857143	3	214	0	0	0.0	0.08823529411764706	0.0	6.294117647058823	video
3	238	0	0	0.0	0.08823529411764706	0.0	7.0	2	140	0	0	0.0	0.058823529411764705	0.0	4.117647058823529	video
3	238	0	0	0.0	0.08823529411764706	0.0	7.0	2	140	0	0	0.0	0.058823529411764705	0.0	4.117647058823529	video
30	2208	0	0	0.0	0.8823529411764706	0.0	64.94117647058823	0	0	0	0	0.0	0.0	0.0	0.0	video
4	292	0	0	0.0	0.11428571428571428	0.0	8.342857142857143	3	214	0	0	0.0	0.08571428571428572	0.0	6.114285714285714	video
3	238	0	0	0.0	0.08823529411764706	0.0	7.0	2	140	0	0	0.0	0.058823529411764705	0.0	4.117647058823529	video
3	238	0	0	0.0	0.08823529411764706	0.0	7.0	2	140	0	0	0.0	0.058823529411764705	0.0	4.117647058823529	video
30	2208	0	0	0.0	0.8823529411764706	0.0	64.94117647058823	0	0	0	0	0.0	0.0	0.0	0.0	video
4	292	0	0	0.0	0.11428571428571428	0.0	8.342857142857143	3	214	0	0	0.0	0.08571428571428572	0.0	6.114285714285714	video
3	238	0	0	0.0	0.08571428571428572	0.0	6.8	2	140	0	0	0.0	0.058823529411764705	0.0	4.117647058823529	video
3	238	0	0	0.0	0.08823529411764706	0.0	7.0	2	140	0	0	0.0	0.058823529411764705	0.0	4.117647058823529	video
30	2208	0	0	0.0	0.8823529411764706	0.0	64.94117647058823	0	0	0	0	0.0	0.0	0.0	0.0	video
4	292	0	0	0.0	0.11428571428571428	0.0	8.342857142857143	3	214	0	0	0.0	0.08571428571428572	0.0	6.114285714285714	video
3	238	0	0	0.0	0.08571428571428572	0.0	6.8	2	140	0	0	0.0	0.05714285714285714	0.0	4.0	video
3	238	0	0	0.0	0.08823529411764706	0.0	7.0	2	140	0	0	0.0	0.058823529411764705	0.0	4.117647058823529	video
30	2208	0	0	0.0	0.8823529411764706	0.0	64.94117647058823	0	0	0	0	0.0	0.0	0.0	0.0	video
4	292	0	0	0.0	0.11428571428571428	0.0	8.342857142857143	3	214	0	0	0.0	0.08571428571428572	0.0	6.114285714285714	video
3	238	0	0	0.0	0.08571428571428572	0.0	6.8	2	140	0	0	0.0	0.05714285714285714	0.0	4.0	video
3	238	0	0	0.0	0.08571428571428572	0.0	6.8	2	140	0	0	0.0	0.058823529411764705	0.0	4.117647058823529	video
30	2208	0	0	0.0	0.8823529411764706	0.0	64.94117647058823	0	0	0	0	0.0	0.0	0.0	0.0	video
4	292	0	0	0.0	0.11428571428571428	0.0	8.342857142857143	3	214	0	0	0.0	0.08571428571428572	0.0	6.114285714285714	video
3	238	0	0	0.0	0.08571428571428572	0.0	6.8	2	140	0	0	0.0	0.05714285714285714	0.0	4.0	video
3	238	0	0	0.0	0.08571428571428572	0.0	6.8	2	140	0	0	0.0	0.05714285714285714	0.0	4.0	video
30	2208	0	0	0.0	0.8823529411764706	0.0	64.94117647058823	0	0	0	0	0.0	0.0	0.0	0.0	video
4	292	0	0	0.0	0.11428571428571428	0.0	8.342857142857143	3	214	0	0	0.0	0.08571428571428572	0.0	6.114285714285714	video
3	238	0	0	0.0	0.08571428571428572	0.0	6.8	2	140	0	0	0.0	0.05714285714285714	0.0	4.0	video
3	238	0	0	0.0	0.08571428571428572	0.0	6.8	2	140	0	0	0.0	0.05714285714285714	0.0	4.0	video
30	2208	0	0	0.0	0.8571428571428571	0.0	63.08571428571429	0	0	0	0	0.0	0.0	0.0	0.0	video
4	292	0	0	0.0	0.1111111111111111	0.0	8.11111111111111	3	214	0	0	0.0	0.08571428571428572	0.0	6.114285714285714	video
3	238	0	0	0.0	0.08571428571428572	0.0	6.8	2	140	0	0	0.0	0.05714285714285714	0.0	4.0	video
3	238	0	0	0.0	0.08571428571428572	0.0	6.8	2	140	0	0	0.0	0.05714285714285714	0.0	4.0	video
30	2208	0	0	0.0	0.8571428571428571	0.0	63.08571428571429	0	0	0	0	0.0	0.0	0.0	0.0	video
4	292	0	0	0.0	0.1111111111111111	0.0	8.11111111111111	3	214	0	0	0.0	0.08333333333333333	0.0	5.944444444444445	video
3	238	0	0	0.0	0.08571428571428572	0.0	6.8	2	140	0	0	0.0	0.05714285714285714	0.0	4.0	video
3	238	0	0	0.0	0.08571428571428572	0.0	6.8	2	140	0	0	0.0	0.05714285714285714	0.0	4.0	video
30	2208	0	0	0.0	0.8571428571428571	0.0	63.08571428571429	0	0	0	0	0.0	0.0	0.0	0.0	video
4	292	0	0	0.0	0.1111111111111111	0.0	8.11111111111111	3	214	0	0	0.0	0.08333333333333333	0.0	5.944444444444445	video
3	238	0	0	0.0	0.08333333333333333	0.0	6.611111111111111	2	140	0	0	0.0	0.05714285714285714	0.0	4.0	video
3	238	0	0	0.0	0.08571428571428572	0.0	6.8	2	140	0	0	0.0	0.05714285714285714	0.0	4.0	video
30	2208	0	0	0.0	0.8571428571428571	0.0	63.08571428571429	0	0	0	0	0.0	0.0	0.0	0.0	video
4	292	0	0	0.0	0.1111111111111111	0.0	8.11111111111111	3	214	0	0	0.0	0.08333333333333333	0.0	5.944444444444445	video
3	238	0	0	0.0	0.08333333333333333	0.0	6.611111111111111	2	140	0	0	0.0	0.05555555555555555	0.0	3.888888888888889	video
3	238	0	0	0.0	0.08571428571428572	0.0	6.8	2	140	0	0	0.0	0.05714285714285714	0.0	4.0	video
30	2208	0	0	0.0	0.8571428571428571	0.0	63.08571428571429	0	0	0	0	0.0	0.0	0.0	0.0	video
4	292	0	0	0.0	0.1111111111111111	0.0	8.11111111111111	3	214	0	0	0.0	0.08333333333333333	0.0	5.944444444444445	video
3	238	0	0	0.0	0.08333333333333333	0.0	6.611111111111111	2	140	0	0	0.0	0.05555555555555555	0.0	3.888888888888889	video
3	238	0	0	0.0	0.08333333333333333	0.0	6.611111111111111	2	140	0	0	0.0	0.05714285714285714	0.0	4.0	video
30	2208	0	0	0.0	0.8571428571428571	0.0	63.08571428571429	0	0	0	0	0.0	0.0	0.0	0.0	video
4	292	0	0	0.0	0.1111111111111111	0.0	8.11111111111111	3	214	0	0	0.0	0.08333333333333333	0.0	5.944444444444445	video
3	238	0	0	0.0	0.08333333333333333	0.0	6.611111111111111	2	140	0	0	0.0	0.05555555555555555	0.0	3.888888888888889	video
3	238	0	0	0.0	0.08333333333333333	0.0	6.611111111111111	2	140	0	0	0.0	0.05555555555555555	0.0	3.888888888888889	video
30	2208	0	0	0.0	0.8571428571428571	0.0	63.08571428571429	0	0	0	0	0.0	0.0	0.0	0.0	video
4	292	0	0	0.0	0.1111111111111111	0.0	8.11111111111111	3	214	0	0	0.0	0.08333333333333333	0.0	5.944444444444445	video
3	238	0	0	0.0	0.08333333333333333	0.0	6.611111111111111	2	140	0	0	0.0	0.05555555555555555	0.0	3.888888888888889	video
3	238	0	0	0.0	0.08333333333333333	0.0	6.611111111111111	2	140	0	0	0.0	0.05555555555555555	0.0	3.888888888888889	video
30	2208	0	0	0.0	0.8333333333333334	0.0	61.333333333333336	0	0	0	0	0.0	0.0	0.0	0.0	video
4	292	0	0	0.0	0.10810810810810811	0.0	7.891891891891892	3	214	0	0	0.0	0.08333333333333333	0.0	5.944444444444445	video
3	238	0	0	0.0	0.08333333333333333	0.0	6.611111111111111	2	140	0	0	0.0	0.05555555555555555	0.0	3.888888888888889	video
3	238	0	0	0.0	0.08333333333333333	0.0	6.611111111111111	2	140	0	0	0.0	0.05555555555555555	0.0	3.888888888888889	video
30	2208	0	0	0.0	0.8333333333333334	0.0	61.333333333333336	0	0	0	0	0.0	0.0	0.0	0.0	video
4	292	0	0	0.0	0.10810810810810811	0.0	7.891891891891892	3	214	0	0	0.0	0.08108108108108109	0.0	5.783783783783784	video
3	238	0	0	0.0	0.08333333333333333	0.0	6.611111111111111	2	140	0	0	0.0	0.05555555555555555	0.0	3.888888888888889	video
3	238	0	0	0.0	0.08333333333333333	0.0	6.611111111111111	2	140	0	0	0.0	0.05555555555555555	0.0	3.888888888888889	video
30	2208	0	0	0.0	0.8333333333333334	0.0	61.333333333333336	0	0	0	0	0.0	0.0	0.0	0.0	video
4	292	0	0	0.0	0.10810810810810811	0.0	7.891891891891892	3	214	0	0	0.0	0.08108108108108109	0.0	5.783783783783784	video
3	238	0	0	0.0	0.08108108108108109	0.0	6.4324324324324325	2	140	0	0	0.0	0.05555555555555555	0.0	3.888888888888889	video
3	238	0	0	0.0	0.08333333333333333	0.0	6.611111111111111	2	140	0	0	0.0	0.05555555555555555	0.0	3.888888888888889	video
30	2208	0	0	0.0	0.8333333333333334	0.0	61.333333333333336	0	0	0	0	0.0	0.0	0.0	0.0	video
4	292	0	0	0.0	0.10810810810810811	0.0	7.891891891891892	3	214	0	0	0.0	0.08108108108108109	0.0	5.783783783783784	video
3	238	0	0	0.0	0.08108108108108109	0.0	6.4324324324324325	2	140	0	0	0.0	0.05405405405405406	0.0	3.7837837837837838	video
3	238	0	0	0.0	0.08333333333333333	0.0	6.611111111111111	2	140	0	0	0.0	0.05555555555555555	0.0	3.888888888888889	video
30	2208	0	0	0.0	0.8333333333333334	0.0	61.333333333333336	0	0	0	0	0.0	0.0	0.0	0.0	video
4	292	0	0	0.0	0.10810810810810811	0.0	7.891891891891892	3	214	0	0	0.0	0.08108108108108109	0.0	5.783783783783784	video
3	238	0	0	0.0	0.08108108108108109	0.0	6.4324324324324325	2	140	0	0	0.0	0.05405405405405406	0.0	3.7837837837837838	video
3	238	0	0	0.0	0.08108108108108109	0.0	6.4324324324324325	2	140	0	0	0.0	0.05555555555555555	0.0	3.888888888888889	video
30	2208	0	0	0.0	0.8333333333333334	0.0	61.333333333333336	0	0	0	0	0.0	0.0	0.0	0.0	video
4	292	0	0	0.0	0.10810810810810811	0.0	7.891891891891892	3	214	0	0	0.0	0.08108108108108109	0.0	5.783783783783784	video
3	238	0	0	0.0	0.08108108108108109	0.0	6.4324324324324325	2	140	0	0	0.0	0.05405405405405406	0.0	3.7837837837837838	video
3	238	0	0	0.0	0.08108108108108109	0.0	6.4324324324324325	2	140	0	0	0.0	0.05405405405405406	0.0	3.7837837837837838	video
30	2208	0	0	0.0	0.8333333333333334	0.0	61.333333333333336	0	0	0	0	0.0	0.0	0.0	0.0	video
4	292	0	0	0.0	0.10810810810810811	0.0	7.891891891891892	3	214	0	0	0.0	0.08108108108108109	0.0	5.783783783783784	video
3	238	0	0	0.0	0.08108108108108109	0.0	6.4324324324324325	2	140	0	0	0.0	0.05405405405405406	0.0	3.7837837837837838	video
3	238	0	0	0.0	0.08108108108108109	0.0	6.4324324324324325	2	140	0	0	0.0	0.05405405405405406	0.0	3.7837837837837838	video
30	2208	0	0	0.0	0.8108108108108109	0.0	59.67567567567568	0	0	0	0	0.0	0.0	0.0	0.0	video
4	292	0	0	0.0	0.10526315789473684	0.0	7.684210526315789	3	214	0	0	0.0	0.08108108108108109	0.0	5.783783783783784	video
3	238	0	0	0.0	0.08108108108108109	0.0	6.4324324324324325	2	140	0	0	0.0	0.05405405405405406	0.0	3.7837837837837838	video
3	238	0	0	0.0	0.08108108108108109	0.0	6.4324324324324325	2	140	0	0	0.0	0.05405405405405406	0.0	3.7837837837837838	video
30	2208	0	0	0.0	0.8108108108108109	0.0	59.67567567567568	0	0	0	0	0.0	0.0	0.0	0.0	video
4	292	0	0	0.0	0.10526315789473684	0.0	7.684210526315789	3	214	0	0	0.0	0.07894736842105263	0.0	5.631578947368421	video
3	238	0	0	0.0	0.08108108108108109	0.0	6.4324324324324325	2	140	0	0	0.0	0.05405405405405406	0.0	3.7837837837837838	video
3	238	0	0	0.0	0.08108108108108109	0.0	6.4324324324324325	2	140	0	0	0.0	0.05405405405405406	0.0	3.7837837837837838	video
30	2208	0	0	0.0	0.8108108108108109	0.0	59.67567567567568	0	0	0	0	0.0	0.0	0.0	0.0	video
4	292	0	0	0.0	0.10526315789473684	0.0	7.684210526315789	3	214	0	0	0.0	0.07894736842105263	0.0	5.631578947368421	video
3	238	0	0	0.0	0.07894736842105263	0.0	6.2631578947368425	2	140	0	0	0.0	0.05405405405405406	0.0	3.7837837837837838	video
3	238	0	0	0.0	0.08108108108108109	0.0	6.4324324324324325	2	140	0	0	0.0	0.05405405405405406	0.0	3.7837837837837838	video
30	2208	0	0	0.0	0.8108108108108109	0.0	59.67567567567568	0	0	0	0	0.0	0.0	0.0	0.0	video
4	292	0	0	0.0	0.10526315789473684	0.0	7.684210526315789	3	214	0	0	0.0	0.07894736842105263	0.0	5.631578947368421	video
3	238	0	0	0.0	0.07894736842105263	0.0	6.2631578947368425	2	140	0	0	0.0	0.05263157894736842	0.0	3.6842105263157894	video
3	238	0	0	0.0	0.08108108108108109	0.0	6.4324324324324325	2	140	0	0	0.0	0.05405405405405406	0.0	3.7837837837837838	video
30	2208	0	0	0.0	0.8108108108108109	0.0	59.67567567567568	0	0	0	0	0.0	0.0	0.0	0.0	video
4	292	0	0	0.0	0.10526315789473684	0.0	7.684210526315789	3	214	0	0	0.0	0.07894736842105263	0.0	5.631578947368421	video
3	238	0	0	0.0	0.07894736842105263	0.0	6.2631578947368425	2	140	0	0	0.0	0.05263157894736842	0.0	3.6842105263157894	video
3	238	0	0	0.0	0.07894736842105263	0.0	6.2631578947368425	2	140	0	0	0.0	0.05405405405405406	0.0	3.7837837837837838	video
30	2208	0	0	0.0	0.8108108108108109	0.0	59.67567567567568	0	0	0	0	0.0	0.0	0.0	0.0	video
4	292	0	0	0.0	0.10526315789473684	0.0	7.684210526315789	3	214	0	0	0.0	0.07894736842105263	0.0	5.631578947368421	video
3	238	0	0	0.0	0.07894736842105263	0.0	6.2631578947368425	2	140	0	0	0.0	0.05263157894736842	0.0	3.6842105263157894	video
3	238	0	0	0.0	0.07894736842105263	0.0	6.2631578947368425	2	140	0	0	0.0	0.05263157894736842	0.0	3.6842105263157894	video
30	2208	0	0	0.0	0.8108108108108109	0.0	59.67567567567568	0	0	0	0	0.0	0.0	0.0	0.0	video
4	292	0	0	0.0	0.10526315789473684	0.0	7.684210526315789	3	214	0	0	0.0	0.07894736842105263	0.0	5.631578947368421	video
3	238	0	0	0.0	0.07894736842105263	0.0	6.2631578947368425	2	140	0	0	0.0	0.05263157894736842	0.0	3.6842105263157894	video
3	238	0	0	0.0	0.07894736842105263	0.0	6.2631578947368425	2	140	0	0	0.0	0.05263157894736842	0.0	3.6842105263157894	video
30	2208	0	0	0.0	0.7894736842105263	0.0	58.10526315789474	0	0	0	0	0.0	0.0	0.0	0.0	video
4	292	0	0	0.0	0.10256410256410256	0.0	7.487179487179487	3	214	0	0	0.0	0.07894736842105263	0.0	5.631578947368421	video
3	238	0	0	0.0	0.07894736842105263	0.0	6.2631578947368425	2	140	0	0	0.0	0.05263157894736842	0.0	3.6842105263157894	video
3	238	0	0	0.0	0.07894736842105263	0.0	6.2631578947368425	2	140	0	0	0.0	0.05263157894736842	0.0	3.6842105263157894	video
30	2208	0	0	0.0	0.7894736842105263	0.0	58.10526315789474	0	0	0	0	0.0	0.0	0.0	0.0	video
4	292	0	0	0.0	0.10256410256410256	0.0	7.487179487179487	3	214	0	0	0.0	0.07692307692307693	0.0	5.487179487179487	video
3	238	0	0	0.0	0.07894736842105263	0.0	6.2631578947368425	2	140	0	0	0.0	0.05263157894736842	0.0	3.6842105263157894	video
3	238	0	0	0.0	0.07894736842105263	0.0	6.2631578947368425	2	140	0	0	0.0	0.05263157894736842	0.0	3.6842105263157894	video
30	2208	0	0	0.0	0.7894736842105263	0.0	58.10526315789474	0	0	0	0	0.0	0.0	0.0	0.0	video
4	292	0	0	0.0	0.10256410256410256	0.0	7.487179487179487	3	214	0	0	0.0	0.07692307692307693	0.0	5.487179487179487	video
3	238	0	0	0.0	0.07692307692307693	0.0	6.102564102564102	2	140	0	0	0.0	0.05263157894736842	0.0	3.6842105263157894	video
3	238	0	0	0.0	0.07894736842105263	0.0	6.2631578947368425	2	140	0	0	0.0	0.05263157894736842	0.0	3.6842105263157894	video
30	2208	0	0	0.0	0.7894736842105263	0.0	58.10526315789474	0	0	0	0	0.0	0.0	0.0	0.0	video
4	292	0	0	0.0	0.10256410256410256	0.0	7.487179487179487	3	214	0	0	0.0	0.07692307692307693	0.0	5.487179487179487	video
3	238	0	0	0.0	0.07692307692307693	0.0	6.102564102564102	2	140	0	0	0.0	0.05128205128205128	0.0	3.58974358974359	video
3	238	0	0	0.0	0.07894736842105263	0.0	6.2631578947368425	2	140	0	0	0.0	0.05263157894736842	0.0	3.6842105263157894	video
30	2208	0	0	0.0	0.7894736842105263	0.0	58.10526315789474	0	0	0	0	0.0	0.0	0.0	0.0	video
4	292	0	0	0.0	0.10256410256410256	0.0	7.487179487179487	3	214	0	0	0.0	0.07692307692307693	0.0	5.487179487179487	video
3	238	0	0	0.0	0.07692307692307693	0.0	6.102564102564102	2	140	0	0	0.0	0.05128205128205128	0.0	3.58974358974359	video
3	238	0	0	0.0	0.07692307692307693	0.0	6.102564102564102	2	140	0	0	0.0	0.05263157894736842	0.0	3.6842105263157894	video
30	2208	0	0	0.0	0.7894736842105263	0.0	58.10526315789474	0	0	0	0	0.0	0.0	0.0	0.0	video
4	292	0	0	0.0	0.10256410256410256	0.0	7.487179487179487	3	214	0	0	0.0	0.07692307692307693	0.0	5.487179487179487	video
3	238	0	0	0.0	0.07692307692307693	0.0	6.102564102564102	2	140	0	0	0.0	0.05128205128205128	0.0	3.58974358974359	video
3	238	0	0	0.0	0.07692307692307693	0.0	6.102564102564102	2	140	0	0	0.0	0.05128205128205128	0.0	3.58974358974359	video
30	2208	0	0	0.0	0.7894736842105263	0.0	58.10526315789474	0	0	0	0	0.0	0.0	0.0	0.0	video
4	292	0	0	0.0	0.10256410256410256	0.0	7.487179487179487	3	214	0	0	0.0	0.07692307692307693	0.0	5.487179487179487	video
3	238	0	0	0.0	0.07692307692307693	0.0	6.102564102564102	2	140	0	0	0.0	0.05128205128205128	0.0	3.58974358974359	video
3	238	0	0	0.0	0.07692307692307693	0.0	6.102564102564102	2	140	0	0	0.0	0.05128205128205128	0.0	3.58974358974359	video
30	2208	0	0	0.0	0.7692307692307693	0.0	56.61538461538461	0	0	0	0	0.0	0.0	0.0	0.0	video
4	292	0	0	0.0	0.1	0.0	7.3	3	214	0	0	0.0	0.07692307692307693	0.0	5.487179487179487	video
3	238	0	0	0.0	0.07692307692307693	0.0	6.102564102564102	2	140	0	0	0.0	0.05128205128205128	0.0	3.58974358974359	video
3	238	0	0	0.0	0.07692307692307693	0.0	6.102564102564102	2	140	0	0	0.0	0.05128205128205128	0.0	3.58974358974359	video
30	2208	0	0	0.0	0.7692307692307693	0.0	56.61538461538461	0	0	0	0	0.0	0.0	0.0	0.0	video
4	292	0	0	0.0	0.1	0.0	7.3	3	214	0	0	0.0	0.075	0.0	5.35	video
3	238	0	0	0.0	0.07692307692307693	0.0	6.102564102564102	2	140	0	0	0.0	0.05128205128205128	0.0	3.58974358974359	video
3	238	0	0	0.0	0.07692307692307693	0.0	6.102564102564102	2	140	0	0	0.0	0.05128205128205128	0.0	3.58974358974359	video
30	2208	0	0	0.0	0.7692307692307693	0.0	56.61538461538461	0	0	0	0	0.0	0.0	0.0	0.0	video
4	292	0	0	0.0	0.1	0.0	7.3	3	214	0	0	0.0	0.075	0.0	5.35	video
3	238	0	0	0.0	0.075	0.0	5.95	2	140	0	0	0.0	0.05128205128205128	0.0	3.58974358974359	video
3	238	0	0	0.0	0.07692307692307693	0.0	6.102564102564102	2	140	0	0	0.0	0.05128205128205128	0.0	3.58974358974359	video
30	2208	0	0	0.0	0.7692307692307693	0.0	56.61538461538461	0	0	0	0	0.0	0.0	0.0	0.0	video
4	292	0	0	0.0	0.1	0.0	7.3	3	214	0	0	0.0	0.075	0.0	5.35	video
3	238	0	0	0.0	0.075	0.0	5.95	2	140	0	0	0.0	0.05	0.0	3.5	video
3	238	0	0	0.0	0.07692307692307693	0.0	6.102564102564102	2	140	0	0	0.0	0.05128205128205128	0.0	3.58974358974359	video
30	2208	0	0	0.0	0.7692307692307693	0.0	56.61538461538461	0	0	0	0	0.0	0.0	0.0	0.0	video
4	292	0	0	0.0	0.1	0.0	7.3	3	214	0	0	0.0	0.075	0.0	5.35	video
3	238	0	0	0.0	0.075	0.0	5.95	2	140	0	0	0.0	0.05	0.0	3.5	video
3	238	0	0	0.0	0.075	0.0	5.95	2	140	0	0	0.0	0.05128205128205128	0.0	3.58974358974359	video
30	2208	0	0	0.0	0.7692307692307693	0.0	56.61538461538461	0	0	0	0	0.0	0.0	0.0	0.0	video
4	292	0	0	0.0	0.1	0.0	7.3	3	214	0	0	0.0	0.075	0.0	5.35	video
3	238	0	0	0.0	0.075	0.0	5.95	2	140	0	0	0.0	0.05	0.0	3.5	video
3	238	0	0	0.0	0.075	0.0	5.95	2	140	0	0	0.0	0.05	0.0	3.5	video
30	2208	0	0	0.0	0.7692307692307693	0.0	56.61538461538461	0	0	0	0	0.0	0.0	0.0	0.0	video
4	292	0	0	0.0	0.1	0.0	7.3	3	214	0	0	0.0	0.075	0.0	5.35	video
3	238	0	0	0.0	0.075	0.0	5.95	2	140	0	0	0.0	0.05	0.0	3.5	video
3	238	0	0	0.0	0.075	0.0	5.95	2	140	0	0	0.0	0.05	0.0	3.5	video
30	2208	0	0	0.0	0.75	0.0	55.2	0	0	0	0	0.0	0.0	0.0	0.0	video
4	292	0	0	0.0	0.0975609756097561	0.0	7.121951219512195	3	214	0	0	0.0	0.075	0.0	5.35	video
3	238	0	0	0.0	0.075	0.0	5.95	2	140	0	0	0.0	0.05	0.0	3.5	video
3	238	0	0	0.0	0.075	0.0	5.95	2	140	0	0	0.0	0.05	0.0	3.5	video
30	2208	0	0	0.0	0.75	0.0	55.2	0	0	0	0	0.0	0.0	0.0	0.0	video
4	292	0	0	0.0	0.0975609756097561	0.0	7.121951219512195	3	214	0	0	0.0	0.07317073170731707	0.0	5.219512195121951	video
3	238	0	0	0.0	0.075	0.0	5.95	2	140	0	0	0.0	0.05	0.0	3.5	video
3	238	0	0	0.0	0.075	0.0	5.95	2	140	0	0	0.0	0.05	0.0	3.5	video
30	2208	0	0	0.0	0.75	0.0	55.2	0	0	0	0	0.0	0.0	0.0	0.0	video
4	292	0	0	0.0	0.0975609756097561	0.0	7.121951219512195	3	214	0	0	0.0	0.07317073170731707	0.0	5.219512195121951	video
3	238	0	0	0.0	0.07317073170731707	0.0	5.804878048780488	2	140	0	0	0.0	0.05	0.0	3.5	video
3	238	0	0	0.0	0.075	0.0	5.95	2	140	0	0	0.0	0.05	0.0	3.5	video
30	2208	0	0	0.0	0.75	0.0	55.2	0	0	0	0	0.0	0.0	0.0	0.0	video
4	292	0	0	0.0	0.0975609756097561	0.0	7.121951219512195	3	214	0	0	0.0	0.07317073170731707	0.0	5.219512195121951	video
3	238	0	0	0.0	0.07317073170731707	0.0	5.804878048780488	2	140	0	0	0.0	0.04878048780487805	0.0	3.4146341463414633	video
3	238	0	0	0.0	0.075	0.0	5.95	2	140	0	0	0.0	0.05	0.0	3.5	video
30	2208	0	0	0.0	0.75	0.0	55.2	0	0	0	0	0.0	0.0	0.0	0.0	video
4	292	0	0	0.0	0.0975609756097561	0.0	7.121951219512195	3	214	0	0	0.0	0.07317073170731707	0.0	5.219512195121951	video
3	238	0	0	0.0	0.07317073170731707	0.0	5.804878048780488	2	140	0	0	0.0	0.04878048780487805	0.0	3.4146341463414633	video
3	238	0	0	0.0	0.07317073170731707	0.0	5.804878048780488	2	140	0	0	0.0	0.05	0.0	3.5	video
30	2208	0	0	0.0	0.75	0.0	55.2	0	0	0	0	0.0	0.0	0.0	0.0	video
4	292	0	0	0.0	0.0975609756097561	0.0	7.121951219512195	3	214	0	0	0.0	0.07317073170731707	0.0	5.219512195121951	video
3	238	0	0	0.0	0.07317073170731707	0.0	5.804878048780488	2	140	0	0	0.0	0.04878048780487805	0.0	3.4146341463414633	video
3	238	0	0	0.0	0.07317073170731707	0.0	5.804878048780488	2	140	0	0	0.0	0.04878048780487805	0.0	3.4146341463414633	video
30	2208	0	0	0.0	0.75	0.0	55.2	0	0	0	0	0.0	0.0	0.0	0.0	video
4	292	0	0	0.0	0.0975609756097561	0.0	7.121951219512195	3	214	0	0	0.0	0.07317073170731707	0.0	5.219512195121951	video
3	238	0	0	0.0	0.07317073170731707	0.0	5.804878048780488	2	140	0	0	0.0	0.04878048780487805	0.0	3.4146341463414633	video
3	238	0	0	0.0	0.07317073170731707	0.0	5.804878048780488	2	140	0	0	0.0	0.04878048780487805	0.0	3.4146341463414633	video
30	2208	0	0	0.0	0.7317073170731707	0.0	53.853658536585364	0	0	0	0	0.0	0.0	0.0	0.0	video
4	292	0	0	0.0	0.09523809523809523	0.0	6.9523809523809526	3	214	0	0	0.0	0.07317073170731707	0.0	5.219512195121951	video
3	238	0	0	0.0	0.07317073170731707	0.0	5.804878048780488	2	140	0	0	0.0	0.04878048780487805	0.0	3.4146341463414633	video
3	238	0	0	0.0	0.07317073170731707	0.0	5.804878048780488	2	140	0	0	0.0	0.04878048780487805	0.0	3.4146341463414633	video
30	2208	0	0	0.0	0.7317073170731707	0.0	53.853658536585364	0	0	0	0	0.0	0.0	0.0	0.0	video
4	292	0	0	0.0	0.09523809523809523	0.0	6.9523809523809526	3	214	0	0	0.0	0.07142857142857142	0.0	5.095238095238095	video
3	238	0	0	0.0	0.07317073170731707	0.0	5.804878048780488	2	140	0	0	0.0	0.04878048780487805	0.0	3.4146341463414633	video
3	238	0	0	0.0	0.07317073170731707	0.0	5.804878048780488	2	140	0	0	0.0	0.04878048780487805	0.0	3.4146341463414633	video
30	2208	0	0	0.0	0.7317073170731707	0.0	53.853658536585364	0	0	0	0	0.0	0.0	0.0	0.0	video
4	292	0	0	0.0	0.09523809523809523	0.0	6.9523809523809526	3	214	0	0	0.0	0.07142857142857142	0.0	5.095238095238095	video
3	238	0	0	0.0	0.07142857142857142	0.0	5.666666666666667	2	140	0	0	0.0	0.04878048780487805	0.0	3.4146341463414633	video
3	238	0	0	0.0	0.07317073170731707	0.0	5.804878048780488	2	140	0	0	0.0	0.04878048780487805	0.0	3.4146341463414633	video
30	2208	0	0	0.0	0.7317073170731707	0.0	53.853658536585364	0	0	0	0	0.0	0.0	0.0	0.0	video
4	292	0	0	0.0	0.09523809523809523	0.0	6.9523809523809526	3	214	0	0	0.0	0.07142857142857142	0.0	5.095238095238095	video
3	238	0	0	0.0	0.07142857142857142	0.0	5.666666666666667	2	140	0	0	0.0	0.047619047619047616	0.0	3.3333333333333335	video
3	238	0	0	0.0	0.07317073170731707	0.0	5.804878048780488	2	140	0	0	0.0	0.04878048780487805	0.0	3.4146341463414633	video
30	2208	0	0	0.0	0.7317073170731707	0.0	53.853658536585364	0	0	0	0	0.0	0.0	0.0	0.0	video
4	292	0	0	0.0	0.09523809523809523	0.0	6.9523809523809526	3	214	0	0	0.0	0.07142857142857142	0.0	5.095238095238095	video
3	238	0	0	0.0	0.07142857142857142	0.0	5.666666666666667	2	140	0	0	0.0	0.047619047619047616	0.0	3.3333333333333335	video
3	238	0	0	0.0	0.07142857142857142	0.0	5.666666666666667	2	140	0	0	0.0	0.04878048780487805	0.0	3.4146341463414633	video
30	2208	0	0	0.0	0.7317073170731707	0.0	53.853658536585364	0	0	0	0	0.0	0.0	0.0	0.0	video
4	292	0	0	0.0	0.09523809523809523	0.0	6.9523809523809526	3	214	0	0	0.0	0.07142857142857142	0.0	5.095238095238095	video
3	238	0	0	0.0	0.07142857142857142	0.0	5.666666666666667	2	140	0	0	0.0	0.047619047619047616	0.0	3.3333333333333335	video
3	238	0	0	0.0	0.07142857142857142	0.0	5.666666666666667	2	140	0	0	0.0	0.047619047619047616	0.0	3.3333333333333335	video
30	2208	0	0	0.0	0.7317073170731707	0.0	53.853658536585364	0	0	0	0	0.0	0.0	0.0	0.0	video
4	292	0	0	0.0	0.09523809523809523	0.0	6.9523809523809526	3	214	0	0	0.0	0.07142857142857142	0.0	5.095238095238095	video
3	238	0	0	0.0	0.07142857142857142	0.0	5.666666666666667	2	140	0	0	0.0	0.047619047619047616	0.0	3.3333333333333335	video
3	238	0	0	0.0	0.07142857142857142	0.0	5.666666666666667	2	140	0	0	0.0	0.047619047619047616	0.0	3.3333333333333335	video
30	2208	0	0	0.0	0.7142857142857143	0.0	52.57142857142857	0	0	0	0	0.0	0.0	0.0	0.0	video
4	292	0	0	0.0	0.09302325581395349	0.0	6.790697674418604	3	214	0	0	0.0	0.07142857142857142	0.0	5.095238095238095	video
3	238	0	0	0.0	0.07142857142857142	0.0	5.666666666666667	2	140	0	0	0.0	0.047619047619047616	0.0	3.3333333333333335	video
3	238	0	0	0.0	0.07142857142857142	0.0	5.666666666666667	2	140	0	0	0.0	0.047619047619047616	0.0	3.3333333333333335	video
30	2208	0	0	0.0	0.7142857142857143	0.0	52.57142857142857	0	0	0	0	0.0	0.0	0.0	0.0	video
4	292	0	0	0.0	0.09302325581395349	0.0	6.790697674418604	3	214	0	0	0.0	0.06976744186046512	0.0	4.976744186046512	video
3	238	0	0	0.0	0.07142857142857142	0.0	5.666666666666667	2	140	0	0	0.0	0.047619047619047616	0.0	3.3333333333333335	video
3	238	0	0	0.0	0.07142857142857142	0.0	5.666666666666667	2	140	0	0	0.0	0.047619047619047616	0.0	3.3333333333333335	video
30	2208	0	0	0.0	0.7142857142857143	0.0	52.57142857142857	0	0	0	0	0.0	0.0	0.0	0.0	video
4	292	0	0	0.0	0.09302325581395349	0.0	6.790697674418604	3	214	0	0	0.0	0.06976744186046512	0.0	4.976744186046512	video
3	238	0	0	0.0	0.06976744186046512	0.0	5.534883720930233	2	140	0	0	0.0	0.047619047619047616	0.0	3.3333333333333335	video
3	238	0	0	0.0	0.07142857142857142	0.0	5.666666666666667	2	140	0	0	0.0	0.047619047619047616	0.0	3.3333333333333335	video
30	2208	0	0	0.0	0.7142857142857143	0.0	52.57142857142857	0	0	0	0	0.0	0.0	0.0	0.0	video
4	292	0	0	0.0	0.09302325581395349	0.0	6.790697674418604	3	214	0	0	0.0	0.06976744186046512	0.0	4.976744186046512	video
3	238	0	0	0.0	0.06976744186046512	0.0	5.534883720930233	2	140	0	0	0.0	0.046511627906976744	0.0	3.255813953488372	video
3	238	0	0	0.0	0.07142857142857142	0.0	5.666666666666667	2	140	0	0	0.0	0.047619047619047616	0.0	3.3333333333333335	video
30	2208	0	0	0.0	0.7142857142857143	0.0	52.57142857142857	0	0	0	0	0.0	0.0	0.0	0.0	video
4	292	0	0	0.0	0.09302325581395349	0.0	6.790697674418604	3	214	0	0	0.0	0.06976744186046512	0.0	4.976744186046512	video
3	238	0	0	0.0	0.06976744186046512	0.0	5.534883720930233	2	140	0	0	0.0	0.046511627906976744	0.0	3.255813953488372	video
3	238	0	0	0.0	0.06976744186046512	0.0	5.534883720930233	2	140	0	0	0.0	0.047619047619047616	0.0	3.3333333333333335	video
30	2208	0	0	0.0	0.7142857142857143	0.0	52.57142857142857	0	0	0	0	0.0	0.0	0.0	0.0	video
4	292	0	0	0.0	0.09302325581395349	0.0	6.790697674418604	3	214	0	0	0.0	0.06976744186046512	0.0	4.976744186046512	video
3	238	0	0	0.0	0.06976744186046512	0.0	5.534883720930233	2	140	0	0	0.0	0.046511627906976744	0.0	3.255813953488372	video
3	238	0	0	0.0	0.06976744186046512	0.0	5.534883720930233	2	140	0	0	0.0	0.046511627906976744	0.0	3.255813953488372	video
30	2208	0	0	0.0	0.7142857142857143	0.0	52.57142857142857	0	0	0	0	0.0	0.0	0.0	0.0	video
4	292	0	0	0.0	0.09302325581395349	0.0	6.790697674418604	3	214	0	0	0.0	0.06976744186046512	0.0	4.976744186046512	video
3	238	0	0	0.0	0.06976744186046512	0.0	5.534883720930233	2	140	0	0	0.0	0.046511627906976744	0.0	3.255813953488372	video
3	238	0	0	0.0	0.06976744186046512	0.0	5.534883720930233	2	140	0	0	0.0	0.046511627906976744	0.0	3.255813953488372	video
30	2208	0	0	0.0	0.6976744186046512	0.0	51.348837209302324	0	0	0	0	0.0	0.0	0.0	0.0	video
4	292	0	0	0.0	0.09090909090909091	0.0	6.636363636363637	3	214	0	0	0.0	0.06976744186046512	0.0	4.976744186046512	video
3	238	0	0	0.0	0.06976744186046512	0.0	5.534883720930233	2	140	0	0	0.0	0.046511627906976744	0.0	3.255813953488372	video
3	238	0	0	0.0	0.06976744186046512	0.0	5.534883720930233	2	140	0	0	0.0	0.046511627906976744	0.0	3.255813953488372	video
30	2208	0	0	0.0	0.6976744186046512	0.0	51.348837209302324	0	0	0	0	0.0	0.0	0.0	0.0	video
4	292	0	0	0.0	0.09090909090909091	0.0	6.636363636363637	3	214	0	0	0.0	0.06818181818181818	0.0	4.863636363636363	video
3	238	0	0	0.0	0.06976744186046512	0.0	5.534883720930233	2	140	0	0	0.0	0.046511627906976744	0.0	3.255813953488372	video
3	238	0	0	0.0	0.06976744186046512	0.0	5.534883720930233	2	140	0	0	0.0	0.046511627906976744	0.0	3.255813953488372	video
30	2208	0	0	0.0	0.6976744186046512	0.0	51.348837209302324	0	0	0	0	0.0	0.0	0.0	0.0	video
4	292	0	0	0.0	0.09090909090909091	0.0	6.636363636363637	3	214	0	0	0.0	0.06818181818181818	0.0	4.863636363636363	video
3	238	0	0	0.0	0.06818181818181818	0.0	5.409090909090909	2	140	0	0	0.0	0.046511627906976744	0.0	3.255813953488372	video
3	238	0	0	0.0	0.06976744186046512	0.0	5.534883720930233	2	140	0	0	0.0	0.046511627906976744	0.0	3.255813953488372	video
30	2208	0	0	0.0	0.6976744186046512	0.0	51.348837209302324	0	0	0	0	0.0	0.0	0.0	0.0	video
4	292	0	0	0.0	0.09090909090909091	0.0	6.636363636363637	3	214	0	0	0.0	0.06818181818181818	0.0	4.863636363636363	video
3	238	0	0	0.0	0.06818181818181818	0.0	5.409090909090909	2	140	0	0	0.0	0.045454545454545456	0.0	3.1818181818181817	video
3	238	0	0	0.0	0.06976744186046512	0.0	5.534883720930233	2	140	0	0	0.0	0.046511627906976744	0.0	3.255813953488372	video
30	2208	0	0	0.0	0.6976744186046512	0.0	51.348837209302324	0	0	0	0	0.0	0.0	0.0	0.0	video
4	292	0	0	0.0	0.09090909090909091	0.0	6.636363636363637	3	214	0	0	0.0	0.06818181818181818	0.0	4.863636363636363	video
3	238	0	0	0.0	0.06818181818181818	0.0	5.409090909090909	2	140	0	0	0.0	0.045454545454545456	0.0	3.1818181818181817	video
3	238	0	0	0.0	0.06818181818181818	0.0	5.409090909090909	2	140	0	0	0.0	0.046511627906976744	0.0	3.255813953488372	video
30	2208	0	0	0.0	0.6976744186046512	0.0	51.348837209302324	0	0	0	0	0.0	0.0	0.0	0.0	video
4	292	0	0	0.0	0.09090909090909091	0.0	6.636363636363637	3	214	0	0	0.0	0.06818181818181818	0.0	4.863636363636363	video
3	238	0	0	0.0	0.06818181818181818	0.0	5.409090909090909	2	140	0	0	0.0	0.045454545454545456	0.0	3.1818181818181817	video
3	238	0	0	0.0	0.06818181818181818	0.0	5.409090909090909	2	140	0	0	0.0	0.045454545454545456	0.0	3.1818181818181817	video
30	2208	0	0	0.0	0.6976744186046512	0.0	51.348837209302324	0	0	0	0	0.0	0.0	0.0	0.0	video
4	292	0	0	0.0	0.09090909090909091	0.0	6.636363636363637	3	214	0	0	0.0	0.06818181818181818	0.0	4.863636363636363	video
3	238	0	0	0.0	0.06818181818181818	0.0	5.409090909090909	2	140	0	0	0.0	0.045454545454545456	0.0	3.1818181818181817	video
3	238	0	0	0.0	0.06818181818181818	0.0	5.409090909090909	2	140	0	0	0.0	0.045454545454545456	0.0	3.1818181818181817	video
30	2208	0	0	0.0	0.6818181818181818	0.0	50.18181818181818	0	0	0	0	0.0	0.0	0.0	0.0	video
4	292	0	0	0.0	0.08888888888888889	0.0	6.488888888888889	3	214	0	0	0.0	0.06818181818181818	0.0	4.863636363636363	video
3	238	0	0	0.0	0.06818181818181818	0.0	5.409090909090909	2	140	0	0	0.0	0.045454545454545456	0.0	3.1818181818181817	video
3	238	0	0	0.0	0.06818181818181818	0.0	5.409090909090909	2	140	0	0	0.0	0.045454545454545456	0.0	3.1818181818181817	video
30	2208	0	0	0.0	0.6818181818181818	0.0	50.18181818181818	0	0	0	0	0.0	0.0	0.0	0.0	video
4	292	0	0	0.0	0.08888888888888889	0.0	6.488888888888889	3	214	0	0	0.0	0.06666666666666667	0.0	4.7555555555555555	video
3	238	0	0	0.0	0.06818181818181818	0.0	5.409090909090909	2	140	0	0	0.0	0.045454545454545456	0.0	3.1818181818181817	video
3	238	0	0	0.0	0.06818181818181818	0.0	5.409090909090909	2	140	0	0	0.0	0.045454545454545456	0.0	3.1818181818181817	video
30	2208	0	0	0.0	0.6818181818181818	0.0	50.18181818181818	0	0	0	0	0.0	0.0	0.0	0.0	video
4	292	0	0	0.0	0.08888888888888889	0.0	6.488888888888889	3	214	0	0	0.0	0.06666666666666667	0.0	4.7555555555555555	video
3	238	0	0	0.0	0.06666666666666667	0.0	5.288888888888889	2	140	0	0	0.0	0.045454545454545456	0.0	3.1818181818181817	video
3	238	0	0	0.0	0.06818181818181818	0.0	5.409090909090909	2	140	0	0	0.0	0.045454545454545456	0.0	3.1818181818181817	video
30	2208	0	0	0.0	0.6818181818181818	0.0	50.18181818181818	0	0	0	0	0.0	0.0	0.0	0.0	video
4	292	0	0	0.0	0.08888888888888889	0.0	6.488888888888889	3	214	0	0	0.0	0.06666666666666667	0.0	4.7555555555555555	video
3	238	0	0	0.0	0.06666666666666667	0.0	5.288888888888889	2	140	0	0	0.0	0.044444444444444446	0.0	3.111111111111111	video
3	238	0	0	0.0	0.06818181818181818	0.0	5.409090909090909	2	140	0	0	0.0	0.045454545454545456	0.0	3.1818181818181817	video
30	2208	0	0	0.0	0.6818181818181818	0.0	50.18181818181818	0	0	0	0	0.0	0.0	0.0	0.0	video
4	292	0	0	0.0	0.08888888888888889	0.0	6.488888888888889	3	214	0	0	0.0	0.06666666666666667	0.0	4.7555555555555555	video
3	238	0	0	0.0	0.06666666666666667	0.0	5.288888888888889	2	140	0	0	0.0	0.044444444444444446	0.0	3.111111111111111	video
3	238	0	0	0.0	0.06666666666666667	0.0	5.288888888888889	2	140	0	0	0.0	0.045454545454545456	0.0	3.1818181818181817	video
30	2208	0	0	0.0	0.6818181818181818	0.0	50.18181818181818	0	0	0	0	0.0	0.0	0.0	0.0	video
4	292	0	0	0.0	0.08888888888888889	0.0	6.488888888888889	3	214	0	0	0.0	0.06666666666666667	0.0	4.7555555555555555	video
3	238	0	0	0.0	0.06666666666666667	0.0	5.288888888888889	2	140	0	0	0.0	0.044444444444444446	0.0	3.111111111111111	video
3	238	0	0	0.0	0.06666666666666667	0.0	5.288888888888889	2	140	0	0	0.0	0.044444444444444446	0.0	3.111111111111111	video
30	2208	0	0	0.0	0.6818181818181818	0.0	50.18181818181818	0	0	0	0	0.0	0.0	0.0	0.0	video
4	292	0	0	0.0	0.08888888888888889	0.0	6.488888888888889	3	214	0	0	0.0	0.06666666666666667	0.0	4.7555555555555555	video
3	238	0	0	0.0	0.06666666666666667	0.0	5.288888888888889	2	140	0	0	0.0	0.044444444444444446	0.0	3.111111111111111	video
3	238	0	0	0.0	0.06666666666666667	0.0	5.288888888888889	2	140	0	0	0.0	0.044444444444444446	0.0	3.111111111111111	video
30	2208	0	0	0.0	0.6666666666666666	0.0	49.06666666666667	0	0	0	0	0.0	0.0	0.0	0.0	video
